/**************************************************************************/
/*  certs_compressed.gen.h                                                */
/**************************************************************************/
/*                         This file is part of:                          */
/*                             GODOT ENGINE                               */
/*                        https://godotengine.org                         */
/**************************************************************************/
/* Copyright (c) 2014-present Godot Engine contributors (see AUTHORS.md). */
/* Copyright (c) 2007-2014 Juan Linietsky, Ariel Manzur.                  */
/*                                                                        */
/* Permission is hereby granted, free of charge, to any person obtaining  */
/* a copy of this software and associated documentation files (the        */
/* "Software"), to deal in the Software without restriction, including    */
/* without limitation the rights to use, copy, modify, merge, publish,    */
/* distribute, sublicense, and/or sell copies of the Software, and to     */
/* permit persons to whom the Software is furnished to do so, subject to  */
/* the following conditions:                                              */
/*                                                                        */
/* The above copyright notice and this permission notice shall be         */
/* included in all copies or substantial portions of the Software.        */
/*                                                                        */
/* THE SOFTWARE IS PROVIDED "AS IS", WITHOUT WARRANTY OF ANY KIND,        */
/* EXPRESS OR IMPLIED, INCLUDING BUT NOT LIMITED TO THE WARRANTIES OF     */
/* MERCHANTABILITY, FITNESS FOR A PARTICULAR PURPOSE AND NONINFRINGEMENT. */
/* IN NO EVENT SHALL THE AUTHORS OR COPYRIGHT HOLDERS BE LIABLE FOR ANY   */
/* CLAIM, DAMAGES OR OTHER LIABILITY, WHETHER IN AN ACTION OF CONTRACT,   */
/* TORT OR OTHERWISE, ARISING FROM, OUT OF OR IN CONNECTION WITH THE      */
/* SOFTWARE OR THE USE OR OTHER DEALINGS IN THE SOFTWARE.                 */
/**************************************************************************/

/* THIS FILE IS GENERATED. EDITS WILL BE LOST. */

#pragma once

#define _SYSTEM_CERTS_PATH ""
#define BUILTIN_CERTS_ENABLED

inline constexpr int _certs_compressed_size = 128495;
inline constexpr int _certs_uncompressed_size = 225076;
inline constexpr unsigned char _certs_compressed[] = {
	120, 218, 196, 188, 87, 146, 235, 74, 150, 45, 248, 143, 81, 132, 89, 125, 116, 61, 227, 171, 36, 36, 9, 164, 89, 125,
	64, 107, 128, 208, 4, 126, 158, 65, 17, 90, 16, 146, 192, 44, 122, 8, 61, 128, 158, 64, 255, 150, 245, 188, 26, 140,
	35, 238, 185, 39, 207, 189, 153, 89, 85, 207, 58, 44, 24, 100, 56, 29, 112, 181, 125, 237, 181, 133, 227, 95, 254, 5,
	248, 151, 127, 249, 160, 230, 54, 169, 211, 143, 238, 241, 65, 147, 31, 102, 215, 77, 31, 116, 58, 76, 197, 163, 136,
	195, 41, 29, 143, 26, 239, 74, 63, 20, 125, 36, 225, 20, 126, 60, 134, 174, 249, 80, 187, 189, 168, 235, 240, 35, 28,
	143, 203, 255, 250, 97, 231, 243, 7, 147, 198, 31, 31, 232, 7, 72, 252, 21, 67, 254, 138, 93, 62, 96, 16, 198, 62, 120,
	213, 254, 122, 31, 174, 104, 147, 143, 185, 63, 110, 145, 38, 31, 75, 58, 140, 69, 215, 142, 31, 121, 58, 164, 127,
	253, 200, 167, 169, 31, 255, 122, 62, 199, 243, 80, 255, 101, 76, 207, 73, 23, 143, 231, 56, 76, 95, 211, 16, 198, 211,
	95, 242, 169, 169, 191, 222, 197, 206, 139, 241, 227, 248, 13, 63, 162, 239, 157, 191, 255, 5, 3, 137, 143, 248, 135,
	174, 191, 75, 251, 57, 170, 139, 248, 119, 221, 39, 231, 41, 239, 134, 98, 42, 62, 7, 247, 241, 175, 52, 249, 63, 254,
	114, 220, 49, 29, 211, 143, 245, 232, 199, 71, 56, 79, 93, 19, 78, 71, 229, 186, 222, 62, 190, 182, 126, 244, 246, 199,
	17, 255, 31, 227, 199, 240, 158, 169, 248, 247, 51, 245, 241, 40, 142, 206, 252, 235, 187, 244, 61, 73, 127, 153, 94,
	211, 113, 239, 47, 221, 253, 252, 42, 14, 219, 143, 40, 253, 120, 116, 71, 183, 63, 138, 246, 99, 202, 211, 143, 230,
	235, 36, 142, 221, 60, 196, 233, 199, 52, 164, 233, 95, 223, 247, 250, 54, 29, 67, 184, 254, 37, 43, 166, 124, 142,
	230, 49, 29, 226, 174, 157, 210, 118, 250, 75, 220, 53, 231, 175, 87, 254, 219, 163, 24, 210, 71, 247, 58, 127, 123,
	63, 254, 142, 231, 60, 13, 147, 241, 248, 88, 167, 225, 49, 151, 99, 122, 204, 106, 49, 109, 231, 118, 28, 207, 117,
	17, 157, 227, 234, 177, 158, 163, 185, 168, 167, 162, 61, 102, 249, 135, 30, 127, 157, 99, 241, 24, 221, 209, 86, 120,
	124, 253, 217, 205, 223, 205, 236, 209, 245, 27, 171, 30, 227, 24, 142, 153, 250, 8, 143, 193, 76, 239, 53, 60, 254,
	79, 223, 215, 126, 29, 102, 114, 244, 39, 158, 142, 73, 60, 58, 158, 124, 172, 199, 24, 62, 222, 107, 251, 113, 254,
	56, 122, 240, 245, 83, 159, 247, 255, 235, 253, 241, 127, 126, 116, 195, 103, 149, 247, 245, 199, 229, 100, 31, 198,
	121, 122, 106, 186, 228, 127, 141, 99, 125, 172, 76, 116, 12, 254, 16, 152, 119, 155, 31, 150, 165, 124, 196, 117, 113,
	204, 195, 123, 181, 242, 227, 253, 221, 175, 67, 148, 254, 242, 190, 90, 154, 199, 207, 190, 63, 138, 108, 62, 214,
	115, 250, 62, 251, 225, 151, 145, 28, 87, 211, 228, 15, 18, 193, 29, 223, 253, 229, 155, 156, 119, 237, 87, 169, 252,
	72, 186, 54, 253, 210, 233, 166, 250, 183, 56, 252, 183, 47, 162, 246, 151, 190, 254, 38, 183, 31, 208, 95, 16, 240,
	179, 69, 75, 32, 97, 236, 242, 215, 143, 144, 0, 145, 8, 137, 19, 16, 131, 17, 40, 69, 8, 4, 129, 49, 8, 75, 31, 215,
	52, 74, 145, 107, 122, 33, 174, 240, 5, 126, 32, 196, 81, 24, 98, 48, 8, 97, 49, 140, 196, 23, 24, 7, 177, 232, 250,
	190, 236, 221, 9, 0, 96, 219, 105, 120, 15, 225, 167, 189, 248, 110, 241, 155, 236, 110, 192, 191, 255, 3, 63, 192,
	191, 189, 127, 40, 150, 23, 181, 15, 154, 53, 109, 145, 19, 105, 210, 102, 63, 75, 1, 85, 20, 217, 202, 166, 105, 18,
	105, 50, 114, 21, 41, 50, 19, 89, 211, 155, 12, 151, 33, 53, 42, 171, 158, 121, 85, 240, 196, 10, 82, 164, 225, 112,
	36, 67, 83, 35, 195, 42, 42, 89, 241, 36, 228, 176, 84, 174, 210, 174, 171, 190, 184, 146, 116, 168, 76, 115, 1, 138,
	236, 108, 198, 113, 231, 68, 144, 160, 24, 49, 70, 145, 173, 103, 127, 67, 95, 186, 77, 34, 239, 10, 20, 57, 218, 170,
	144, 32, 201, 134, 213, 81, 107, 110, 201, 93, 3, 149, 6, 171, 19, 154, 96, 28, 78, 205, 194, 251, 241, 242, 176, 50,
	66, 164, 21, 56, 254, 228, 9, 239, 86, 34, 47, 97, 162, 32, 213, 65, 227, 110, 193, 241, 101, 96, 179, 15, 149, 2, 63,
	123, 64, 191, 84, 79, 230, 213, 94, 100, 196, 85, 101, 252, 204, 244, 48, 48, 110, 221, 61, 161, 215, 204, 58, 234, 42,
	37, 59, 169, 244, 200, 3, 239, 202, 228, 75, 173, 126, 171, 64, 89, 17, 76, 128, 34, 171, 213, 113, 107, 246, 65, 83,
	151, 254, 221, 236, 35, 24, 205, 140, 187, 11, 134, 60, 177, 133, 119, 19, 83, 41, 244, 206, 216, 36, 172, 218, 236,
	166, 237, 71, 35, 165, 10, 2, 106, 221, 29, 133, 226, 247, 66, 205, 86, 193, 163, 108, 205, 34, 242, 69, 239, 164, 244,
	101, 168, 190, 77, 214, 174, 173, 154, 254, 202, 145, 62, 227, 26, 134, 204, 174, 16, 247, 125, 216, 52, 37, 69, 141,
	58, 3, 170, 93, 173, 218, 250, 89, 65, 97, 119, 10, 73, 144, 120, 14, 190, 247, 18, 155, 131, 187, 177, 24, 16, 101,
	139, 124, 189, 31, 175, 217, 135, 137, 45, 62, 122, 119, 244, 182, 14, 104, 170, 72, 45, 234, 152, 150, 160, 142, 27,
	119, 6, 124, 216, 121, 9, 59, 153, 124, 155, 108, 174, 200, 75, 217, 34, 55, 149, 33, 97, 145, 253, 219, 133, 81, 108,
	114, 248, 82, 87, 181, 165, 223, 190, 207, 156, 134, 88, 128, 99, 142, 152, 224, 46, 129, 161, 23, 244, 62, 204, 29,
	239, 196, 44, 178, 28, 148, 240, 249, 18, 55, 53, 152, 190, 197, 198, 18, 87, 198, 240, 37, 185, 11, 196, 163, 84, 35,
	13, 150, 162, 12, 146, 201, 50, 246, 118, 136, 11, 77, 26, 29, 125, 124, 166, 0, 82, 9, 221, 169, 210, 232, 211, 24,
	76, 114, 67, 136, 8, 102, 170, 186, 27, 115, 215, 81, 195, 88, 135, 235, 180, 25, 25, 207, 125, 71, 149, 23, 22, 149,
	111, 59, 194, 178, 65, 163, 84, 96, 202, 15, 108, 104, 143, 145, 185, 74, 158, 56, 170, 237, 89, 245, 199, 29, 32, 137,
	25, 201, 144, 241, 36, 138, 102, 122, 141, 36, 79, 150, 31, 40, 170, 212, 100, 108, 63, 184, 13, 140, 245, 122, 235,
	187, 149, 150, 93, 63, 191, 71, 38, 209, 66, 32, 189, 156, 179, 106, 145, 6, 251, 154, 218, 218, 108, 100, 28, 121,
	166, 253, 39, 75, 234, 235, 10, 208, 37, 232, 239, 143, 133, 144, 235, 38, 20, 49, 231, 174, 176, 94, 42, 192, 24, 147,
	122, 160, 122, 151, 202, 147, 37, 63, 56, 17, 76, 226, 251, 2, 205, 216, 235, 2, 18, 77, 206, 129, 126, 200, 120, 23,
	89, 46, 35, 161, 148, 125, 230, 36, 221, 121, 113, 136, 46, 56, 80, 94, 94, 86, 93, 205, 79, 199, 71, 42, 118, 103,
	131, 11, 139, 105, 45, 49, 143, 35, 60, 184, 11, 83, 59, 113, 220, 95, 210, 246, 100, 32, 119, 48, 201, 180, 134, 154,
	161, 170, 89, 115, 225, 132, 245, 183, 130, 64, 153, 42, 120, 140, 160, 182, 162, 125, 38, 80, 26, 48, 236, 5, 175,
	244, 216, 217, 189, 156, 82, 238, 114, 29, 4, 117, 236, 68, 247, 4, 11, 90, 217, 118, 153, 81, 156, 146, 91, 8, 171,
	35, 77, 174, 44, 73, 134, 250, 177, 55, 105, 106, 176, 73, 253, 189, 162, 130, 129, 83, 228, 3, 103, 143, 149, 61, 22,
	193, 95, 1, 230, 45, 99, 38, 104, 147, 134, 112, 166, 72, 103, 61, 46, 162, 206, 251, 151, 229, 23, 76, 146, 149, 24,
	178, 200, 72, 252, 83, 84, 126, 148, 118, 181, 126, 82, 204, 231, 103, 255, 165, 218, 34, 162, 150, 36, 4, 168, 187,
	177, 121, 37, 249, 248, 188, 216, 82, 89, 158, 33, 189, 140, 50, 187, 74, 55, 219, 94, 14, 236, 76, 77, 249, 224, 105,
	191, 8, 112, 98, 78, 168, 69, 68, 246, 23, 153, 20, 12, 148, 229, 50, 195, 9, 165, 99, 168, 23, 171, 113, 80, 70, 0,
	242, 38, 172, 240, 71, 162, 24, 231, 153, 93, 60, 112, 21, 190, 203, 83, 64, 80, 32, 75, 82, 20, 185, 50, 249, 40, 186,
	101, 60, 171, 118, 7, 42, 37, 201, 144, 153, 101, 168, 36, 200, 211, 214, 147, 183, 196, 8, 97, 62, 229, 206, 33, 1,
	18, 61, 48, 204, 160, 109, 136, 161, 87, 104, 85, 51, 121, 98, 48, 255, 84, 152, 12, 233, 100, 79, 23, 15, 182, 118,
	218, 236, 201, 122, 193, 4, 237, 157, 32, 51, 228, 173, 85, 165, 111, 233, 182, 136, 94, 215, 222, 137, 73, 135, 228,
	93, 158, 150, 22, 18, 45, 21, 240, 207, 254, 109, 219, 124, 170, 114, 169, 145, 224, 112, 7, 237, 53, 112, 165, 244,
	84, 101, 122, 3, 189, 154, 217, 203, 220, 87, 177, 178, 180, 216, 73, 199, 141, 26, 164, 75, 48, 135, 36, 79, 218, 103,
	132, 58, 221, 95, 156, 102, 153, 243, 206, 185, 210, 117, 115, 237, 16, 88, 48, 216, 29, 224, 57, 132, 165, 107, 143,
	167, 38, 83, 166, 162, 105, 50, 207, 243, 112, 133, 25, 163, 213, 172, 226, 242, 188, 246, 91, 123, 35, 60, 35, 166,
	43, 196, 92, 228, 231, 216, 110, 131, 113, 70, 136, 51, 220, 34, 207, 49, 5, 87, 41, 230, 89, 184, 180, 45, 192, 67,
	10, 198, 157, 183, 88, 27, 213, 6, 205, 5, 56, 0, 171, 164, 122, 206, 234, 233, 180, 156, 211, 249, 194, 89, 207, 196,
	200, 110, 116, 123, 103, 159, 142, 82, 227, 92, 99, 191, 44, 35, 101, 180, 137, 191, 221, 72, 71, 191, 180, 226, 45,
	46, 97, 242, 138, 67, 79, 16, 152, 132, 121, 134, 179, 217, 208, 133, 251, 146, 153, 80, 3, 46, 201, 61, 102, 194, 125,
	57, 175, 221, 128, 176, 117, 238, 142, 246, 57, 199, 206, 222, 96, 224, 95, 148, 9, 171, 49, 127, 171, 74, 0, 99, 238,
	220, 48, 57, 212, 236, 23, 149, 69, 126, 192, 192, 63, 175, 141, 184, 105, 63, 96, 3, 59, 125, 211, 70, 52, 101, 84,
	63, 67, 12, 119, 64, 204, 106, 218, 191, 215, 68, 70, 5, 190, 120, 155, 188, 127, 193, 179, 206, 6, 88, 142, 131, 34,
	40, 200, 131, 55, 114, 178, 175, 62, 242, 106, 48, 240, 140, 23, 191, 147, 193, 55, 208, 99, 235, 31, 234, 112, 210,
	18, 29, 224, 103, 128, 108, 118, 72, 121, 202, 173, 224, 170, 149, 236, 75, 45, 141, 23, 160, 51, 135, 232, 51, 84,
	120, 20, 238, 199, 101, 159, 133, 71, 217, 174, 238, 90, 168, 178, 206, 239, 113, 191, 146, 52, 213, 172, 86, 110, 253,
	138, 251, 47, 202, 76, 60, 194, 243, 61, 179, 143, 55, 74, 5, 66, 15, 234, 223, 170, 77, 53, 199, 149, 55, 62, 43, 49,
	236, 75, 250, 177, 210, 55, 237, 68, 189, 85, 91, 150, 137, 197, 207, 210, 126, 40, 100, 242, 16, 118, 250, 216, 216,
	228, 187, 130, 76, 118, 199, 68, 26, 116, 120, 168, 195, 3, 10, 193, 3, 112, 113, 70, 246, 135, 149, 65, 5, 113, 168,
	214, 32, 55, 65, 177, 189, 140, 189, 41, 222, 119, 5, 229, 39, 53, 191, 24, 230, 112, 42, 243, 194, 15, 133, 5, 59, 9,
	84, 118, 1, 238, 210, 43, 227, 182, 238, 146, 136, 234, 174, 10, 80, 238, 82, 130, 114, 13, 151, 12, 155, 228, 226,
	177, 184, 67, 244, 42, 16, 58, 27, 167, 115, 90, 157, 174, 235, 192, 143, 47, 166, 71, 84, 137, 231, 206, 121, 114, 14,
	237, 240, 140, 97, 146, 215, 239, 141, 122, 242, 43, 160, 94, 226, 243, 92, 143, 131, 32, 116, 208, 58, 5, 237, 249,
	57, 53, 142, 56, 77, 50, 79, 14, 87, 34, 201, 86, 60, 181, 23, 17, 132, 171, 135, 118, 62, 105, 163, 201, 226, 86, 156,
	32, 17, 53, 12, 49, 29, 118, 220, 229, 233, 120, 12, 154, 221, 155, 217, 141, 40, 160, 102, 210, 155, 37, 112, 165, 56,
	175, 247, 192, 72, 221, 162, 90, 30, 37, 30, 132, 244, 236, 173, 40, 68, 164, 225, 139, 31, 152, 91, 195, 93, 64, 187,
	63, 145, 230, 142, 207, 237, 233, 46, 21, 42, 113, 215, 151, 240, 106, 158, 246, 196, 140, 201, 98, 82, 245, 148, 223,
	128, 58, 112, 38, 163, 123, 220, 161, 72, 55, 140, 107, 50, 178, 103, 33, 69, 30, 17, 123, 18, 171, 51, 120, 191, 67,
	213, 168, 155, 144, 255, 20, 65, 137, 25, 17, 30, 73, 139, 88, 170, 227, 32, 84, 24, 227, 70, 180, 10, 17, 113, 207,
	205, 130, 79, 195, 41, 189, 111, 19, 112, 185, 156, 17, 110, 92, 162, 221, 114, 6, 204, 60, 95, 155, 254, 92, 56, 241,
	122, 113, 214, 151, 136, 101, 23, 98, 139, 76, 152, 170, 149, 134, 53, 117, 46, 110, 14, 33, 210, 73, 86, 43, 198, 140,
	55, 148, 46, 145, 227, 199, 52, 214, 94, 176, 80, 144, 148, 188, 90, 96, 53, 176, 220, 23, 139, 253, 54, 241, 221, 89,
	190, 133, 66, 196, 152, 163, 165, 57, 8, 104, 194, 81, 10, 81, 176, 202, 111, 226, 16, 216, 130, 134, 67, 66, 178, 229,
	201, 214, 189, 48, 26, 57, 232, 229, 61, 218, 116, 230, 140, 249, 204, 157, 134, 245, 236, 188, 235, 57, 192, 92, 187,
	145, 51, 239, 207, 250, 122, 179, 186, 193, 59, 225, 221, 230, 9, 249, 243, 38, 120, 91, 229, 219, 41, 150, 183, 234,
	126, 92, 233, 181, 133, 70, 100, 79, 83, 205, 82, 57, 7, 163, 190, 189, 99, 142, 208, 109, 177, 121, 205, 125, 35, 189,
	190, 56, 171, 218, 54, 128, 210, 228, 99, 213, 238, 4, 195, 9, 186, 195, 119, 162, 250, 104, 76, 56, 219, 110, 1, 183,
	50, 235, 254, 84, 68, 134, 152, 75, 47, 38, 244, 41, 58, 61, 220, 89, 220, 220, 235, 117, 231, 133, 184, 216, 53, 4, 4,
	141, 77, 51, 234, 130, 146, 68, 239, 24, 123, 10, 72, 224, 227, 170, 111, 66, 121, 210, 199, 196, 91, 69, 134, 52, 72,
	170, 67, 249, 85, 21, 15, 193, 36, 241, 247, 166, 78, 216, 183, 134, 90, 13, 78, 37, 213, 183, 42, 91, 233, 47, 26,
	236, 118, 136, 254, 129, 255, 44, 255, 149, 4, 38, 0, 147, 25, 222, 129, 254, 97, 206, 203, 184, 197, 174, 187, 100,
	216, 206, 117, 98, 96, 18, 55, 2, 115, 226, 157, 112, 167, 230, 111, 154, 42, 216, 169, 58, 251, 147, 186, 64, 120,
	225, 164, 158, 141, 255, 46, 188, 252, 35, 232, 2, 252, 33, 188, 116, 127, 136, 107, 7, 117, 58, 112, 143, 65, 101,
	174, 130, 31, 84, 61, 119, 67, 203, 37, 202, 234, 44, 64, 112, 242, 109, 211, 191, 177, 218, 33, 106, 43, 237, 171, 76,
	228, 10, 1, 135, 160, 147, 160, 72, 230, 211, 97, 120, 58, 113, 139, 123, 78, 36, 243, 211, 211, 68, 242, 46, 106, 123,
	155, 157, 11, 237, 76, 166, 40, 92, 19, 154, 210, 164, 91, 126, 67, 2, 243, 246, 66, 0, 71, 20, 154, 135, 98, 75, 140,
	49, 109, 206, 57, 135, 169, 53, 161, 76, 204, 63, 20, 8, 77, 75, 189, 230, 150, 55, 180, 16, 14, 177, 125, 112, 231,
	86, 26, 110, 136, 218, 211, 190, 163, 25, 72, 236, 222, 225, 170, 224, 80, 2, 115, 177, 211, 146, 77, 82, 151, 52, 128,
	91, 82, 72, 95, 38, 168, 10, 137, 134, 39, 163, 103, 223, 191, 110, 225, 32, 44, 188, 128, 201, 158, 119, 147, 203, 80,
	242, 160, 48, 94, 22, 206, 127, 236, 123, 75, 161, 203, 40, 63, 41, 103, 124, 56, 208, 197, 199, 131, 177, 6, 13, 28,
	108, 206, 140, 149, 199, 50, 112, 146, 24, 203, 189, 136, 129, 19, 58, 83, 13, 10, 33, 5, 158, 122, 71, 123, 26, 101,
	96, 242, 168, 125, 93, 235, 27, 120, 204, 82, 9, 233, 167, 156, 68, 35, 115, 118, 243, 46, 219, 121, 194, 47, 83, 112,
	54, 253, 179, 119, 9, 212, 51, 118, 101, 71, 100, 31, 60, 64, 236, 246, 56, 87, 198, 34, 34, 24, 20, 83, 125, 236, 98,
	88, 226, 77, 213, 47, 23, 200, 189, 68, 62, 29, 72, 55, 119, 36, 31, 11, 90, 95, 105, 199, 59, 45, 196, 209, 139, 87,
	2, 103, 154, 230, 25, 229, 160, 228, 110, 103, 220, 76, 219, 17, 3, 228, 150, 67, 128, 231, 134, 229, 41, 204, 165,
	244, 81, 44, 204, 80, 153, 157, 176, 33, 225, 12, 130, 160, 226, 55, 126, 153, 133, 249, 186, 163, 151, 27, 56, 131,
	24, 117, 166, 48, 246, 41, 36, 193, 233, 46, 122, 76, 19, 145, 40, 205, 156, 251, 251, 82, 65, 212, 201, 150, 252, 6,
	187, 3, 143, 75, 98, 212, 143, 244, 178, 73, 75, 83, 62, 69, 234, 149, 4, 205, 130, 212, 57, 190, 175, 49, 26, 53, 244,
	157, 131, 179, 245, 212, 250, 150, 2, 6, 93, 206, 58, 188, 119, 217, 242, 124, 234, 110, 85, 134, 240, 93, 129, 220,
	131, 32, 109, 213, 199, 34, 193, 162, 8, 160, 61, 27, 220, 53, 229, 37, 38, 240, 133, 3, 101, 186, 70, 120, 202, 217,
	249, 190, 61, 7, 132, 63, 16, 27, 26, 234, 182, 16, 111, 178, 84, 119, 146, 174, 49, 58, 180, 194, 36, 55, 152, 104,
	111, 63, 133, 195, 144, 145, 251, 196, 229, 235, 179, 56, 178, 74, 131, 3, 46, 173, 144, 164, 75, 245, 6, 118, 5, 199,
	153, 152, 78, 250, 30, 226, 169, 254, 186, 18, 39, 179, 132, 140, 39, 189, 221, 41, 41, 111, 89, 39, 39, 185, 32, 241,
	104, 86, 31, 104, 53, 6, 231, 127, 138, 26, 32, 255, 9, 106, 192, 183, 135, 197, 65, 137, 222, 111, 212, 32, 246, 255,
	127, 160, 6, 251, 207, 212, 224, 147, 14, 104, 191, 167, 6, 135, 205, 168, 49, 230, 255, 110, 106, 160, 254, 51, 212,
	128, 81, 93, 80, 244, 92, 105, 111, 26, 237, 102, 219, 233, 245, 116, 141, 211, 135, 177, 215, 114, 16, 221, 58, 174,
	203, 64, 120, 133, 130, 234, 110, 223, 170, 33, 99, 13, 25, 164, 173, 157, 31, 22, 17, 54, 67, 45, 203, 0, 38, 239, 40,
	52, 239, 175, 118, 158, 36, 104, 247, 68, 110, 88, 21, 238, 233, 148, 63, 113, 169, 238, 243, 19, 50, 93, 97, 164, 60,
	239, 68, 44, 226, 74, 199, 167, 39, 50, 148, 130, 29, 17, 26, 102, 171, 225, 243, 149, 243, 82, 199, 25, 4, 12, 187,
	184, 122, 81, 2, 178, 237, 118, 61, 201, 221, 152, 139, 49, 107, 39, 60, 90, 78, 250, 141, 149, 243, 237, 9, 229, 119,
	12, 178, 248, 77, 109, 119, 143, 232, 70, 184, 134, 245, 168, 220, 202, 219, 52, 92, 179, 249, 158, 224, 245, 182, 81,
	182, 182, 20, 101, 164, 131, 148, 166, 159, 175, 132, 12, 48, 140, 169, 246, 163, 154, 47, 46, 201, 186, 233, 252, 154,
	49, 228, 106, 154, 88, 197, 37, 152, 75, 250, 43, 157, 12, 119, 165, 179, 9, 58, 140, 214, 101, 241, 114, 134, 171, 67,
	73, 46, 147, 188, 122, 192, 205, 80, 93, 201, 237, 101, 214, 53, 147, 40, 85, 22, 45, 135, 154, 99, 196, 86, 44, 35,
	26, 153, 169, 225, 202, 18, 242, 104, 214, 122, 91, 192, 215, 105, 35, 199, 68, 177, 155, 96, 189, 92, 155, 41, 12,
	175, 186, 54, 29, 228, 162, 85, 229, 3, 159, 198, 133, 27, 248, 52, 100, 70, 62, 186, 96, 68, 123, 46, 211, 171, 186,
	246, 64, 143, 21, 165, 228, 168, 203, 245, 204, 61, 164, 153, 23, 237, 71, 158, 70, 211, 35, 224, 120, 52, 80, 225,
	166, 213, 81, 75, 170, 112, 211, 118, 77, 61, 119, 238, 57, 121, 82, 74, 169, 155, 177, 235, 92, 75, 116, 134, 161,
	206, 213, 112, 45, 175, 174, 189, 30, 123, 224, 64, 107, 227, 178, 156, 148, 177, 141, 177, 58, 123, 221, 211, 58, 180,
	31, 5, 214, 156, 6, 105, 220, 11, 253, 4, 101, 33, 126, 208, 51, 201, 222, 110, 145, 112, 237, 99, 103, 84, 93, 60,
	229, 20, 17, 87, 177, 57, 129, 105, 182, 159, 171, 103, 82, 48, 147, 71, 178, 119, 64, 149, 110, 61, 223, 45, 89, 12,
	223, 130, 176, 151, 29, 203, 185, 128, 131, 243, 228, 94, 178, 90, 168, 183, 85, 186, 122, 89, 17, 95, 66, 145, 225,
	156, 220, 83, 239, 185, 222, 227, 79, 36, 30, 242, 74, 103, 130, 248, 50, 141, 153, 82, 118, 52, 108, 217, 157, 180,
	169, 0, 255, 56, 237, 96, 182, 143, 149, 21, 10, 197, 160, 23, 232, 157, 190, 41, 228, 80, 239, 30, 212, 57, 233, 18,
	222, 86, 247, 92, 236, 7, 3, 130, 94, 195, 185, 38, 72, 180, 80, 196, 73, 49, 43, 155, 8, 47, 15, 39, 59, 61, 249, 74,
	133, 174, 51, 31, 199, 245, 14, 204, 12, 126, 109, 45, 87, 129, 23, 130, 188, 124, 167, 6, 34, 85, 191, 221, 13, 1,
	187, 254, 218, 144, 165, 41, 212, 248, 44, 207, 40, 81, 8, 84, 81, 240, 142, 151, 13, 80, 89, 117, 88, 184, 44, 75, 70,
	152, 79, 146, 199, 118, 137, 157, 53, 11, 84, 158, 166, 71, 254, 237, 210, 162, 86, 145, 62, 56, 7, 207, 119, 60, 99,
	120, 24, 38, 10, 238, 30, 88, 212, 18, 20, 20, 24, 126, 130, 195, 111, 254, 33, 224, 237, 114, 17, 249, 67, 253, 182,
	26, 24, 222, 77, 232, 216, 167, 187, 200, 115, 165, 15, 187, 107, 194, 115, 179, 15, 59, 89, 4, 251, 89, 194, 231, 181,
	200, 253, 1, 122, 108, 95, 156, 42, 192, 55, 175, 202, 209, 154, 17, 193, 175, 222, 71, 170, 76, 217, 126, 225, 113,
	225, 168, 205, 247, 142, 6, 61, 237, 184, 169, 6, 190, 59, 17, 121, 238, 156, 208, 232, 170, 24, 190, 40, 175, 62, 5,
	28, 166, 175, 112, 80, 34, 79, 244, 114, 48, 17, 200, 139, 178, 17, 159, 142, 164, 248, 238, 46, 73, 195, 85, 225, 93,
	107, 35, 158, 40, 124, 111, 125, 59, 144, 38, 5, 214, 214, 120, 39, 149, 175, 158, 130, 239, 94, 130, 195, 244, 102,
	128, 99, 18, 117, 138, 242, 89, 238, 88, 67, 246, 160, 3, 198, 126, 189, 94, 11, 162, 85, 123, 31, 186, 107, 51, 186,
	29, 237, 170, 60, 250, 201, 189, 196, 213, 108, 85, 222, 35, 255, 168, 46, 240, 174, 220, 57, 77, 101, 238, 20, 167,
	26, 227, 74, 127, 193, 52, 158, 93, 37, 218, 182, 217, 64, 165, 226, 47, 158, 188, 92, 53, 156, 163, 183, 238, 103,
	111, 213, 204, 230, 235, 41, 124, 187, 184, 24, 54, 82, 169, 47, 80, 14, 144, 47, 213, 250, 177, 210, 219, 77, 245,
	246, 82, 25, 22, 185, 31, 56, 199, 189, 202, 95, 56, 45, 73, 157, 62, 166, 134, 180, 47, 112, 166, 176, 251, 101, 189,
	73, 11, 1, 7, 46, 240, 220, 84, 240, 58, 199, 61, 60, 106, 209, 52, 208, 12, 156, 48, 198, 193, 121, 174, 56, 76, 183,
	58, 4, 101, 206, 150, 22, 205, 217, 23, 197, 98, 104, 151, 11, 181, 97, 193, 90, 133, 37, 255, 170, 132, 174, 133, 81,
	195, 44, 172, 180, 73, 160, 14, 133, 174, 167, 17, 200, 151, 125, 190, 251, 58, 78, 141, 145, 153, 192, 227, 45, 178,
	140, 197, 66, 250, 177, 95, 83, 111, 155, 117, 182, 189, 192, 98, 241, 130, 7, 174, 131, 162, 32, 63, 0, 96, 177, 148,
	76, 83, 146, 147, 34, 193, 235, 121, 69, 217, 75, 167, 34, 149, 212, 203, 240, 117, 7, 110, 250, 76, 74, 196, 2, 245,
	149, 161, 181, 80, 239, 122, 198, 226, 50, 174, 36, 190, 142, 221, 130, 23, 39, 242, 149, 118, 155, 195, 56, 86, 189,
	93, 41, 244, 113, 126, 137, 104, 110, 234, 210, 121, 11, 234, 0, 198, 86, 194, 172, 47, 174, 197, 176, 144, 228, 4, 14,
	12, 220, 162, 83, 97, 173, 171, 33, 248, 97, 96, 203, 195, 65, 135, 120, 27, 211, 7, 184, 33, 158, 221, 61, 76, 180, 9,
	67, 233, 161, 85, 201, 77, 235, 74, 242, 84, 98, 151, 188, 6, 253, 140, 118, 182, 77, 204, 150, 222, 106, 189, 200,
	163, 195, 225, 18, 164, 247, 103, 15, 224, 85, 87, 57, 75, 2, 158, 163, 94, 199, 158, 89, 66, 54, 151, 23, 227, 83,
	236, 26, 94, 109, 113, 79, 30, 51, 234, 226, 50, 38, 206, 23, 225, 82, 23, 199, 44, 163, 17, 222, 70, 27, 148, 60, 219,
	89, 56, 103, 67, 98, 157, 55, 157, 176, 162, 42, 106, 41, 26, 136, 202, 219, 168, 6, 216, 181, 194, 133, 106, 243, 170,
	240, 22, 83, 131, 93, 72, 211, 245, 57, 249, 118, 28, 25, 70, 204, 14, 151, 10, 183, 114, 232, 58, 152, 73, 62, 18, 65,
	70, 131, 23, 198, 119, 253, 142, 111, 204, 166, 232, 132, 135, 169, 74, 151, 113, 23, 238, 51, 144, 157, 189, 213, 47,
	219, 91, 196, 61, 10, 91, 147, 77, 122, 197, 32, 153, 154, 195, 229, 12, 134, 198, 89, 144, 147, 243, 120, 45, 97, 30,
	13, 173, 204, 51, 50, 51, 141, 233, 46, 22, 147, 226, 134, 70, 96, 233, 109, 16, 104, 72, 74, 224, 191, 42, 45, 38,
	160, 30, 88, 120, 73, 88, 116, 10, 148, 175, 202, 240, 136, 48, 138, 191, 222, 73, 115, 244, 114, 113, 156, 30, 246,
	200, 118, 213, 132, 250, 243, 228, 60, 101, 101, 52, 139, 87, 106, 55, 82, 157, 213, 220, 90, 238, 80, 215, 214, 16,
	170, 28, 246, 133, 173, 189, 208, 107, 104, 71, 3, 240, 12, 176, 92, 240, 241, 13, 238, 14, 126, 220, 26, 167, 116,
	173, 42, 56, 227, 16, 19, 55, 174, 187, 109, 169, 205, 227, 46, 163, 150, 155, 171, 87, 41, 224, 79, 210, 12, 237, 201,
	125, 202, 224, 158, 157, 186, 127, 255, 51, 74, 197, 20, 89, 241, 14, 11, 124, 144, 227, 56, 15, 105, 242, 33, 50, 223,
	216, 21, 240, 95, 136, 6, 48, 159, 254, 151, 254, 187, 255, 197, 96, 244, 71, 134, 153, 15, 223, 92, 46, 55, 204, 99,
	112, 254, 76, 174, 7, 189, 249, 69, 116, 128, 170, 127, 220, 225, 192, 177, 197, 93, 103, 103, 93, 149, 82, 191, 109,
	113, 213, 228, 235, 54, 116, 222, 152, 106, 124, 58, 232, 127, 224, 66, 202, 193, 133, 190, 120, 191, 223, 117, 188,
	207, 58, 159, 96, 165, 90, 198, 10, 136, 217, 55, 46, 52, 177, 161, 151, 244, 6, 236, 110, 199, 214, 167, 98, 68, 131,
	226, 198, 173, 68, 182, 102, 127, 192, 217, 85, 200, 99, 77, 101, 222, 46, 75, 118, 85, 25, 242, 243, 229, 189, 203,
	118, 246, 5, 252, 174, 176, 252, 125, 183, 255, 217, 94, 3, 127, 214, 237, 127, 182, 215, 64, 150, 177, 127, 68, 231,
	168, 47, 108, 142, 125, 179, 185, 183, 139, 115, 98, 242, 187, 126, 80, 1, 242, 174, 240, 2, 126, 77, 178, 211, 157,
	181, 250, 240, 26, 75, 189, 37, 62, 23, 91, 7, 8, 139, 196, 100, 46, 207, 152, 91, 65, 194, 207, 202, 173, 109, 41,
	191, 41, 222, 75, 22, 45, 185, 152, 182, 7, 157, 109, 12, 135, 60, 111, 149, 188, 201, 24, 82, 219, 119, 134, 103, 229,
	197, 191, 53, 140, 8, 39, 227, 158, 34, 246, 214, 117, 51, 241, 60, 109, 194, 6, 56, 141, 240, 104, 55, 230, 46, 156,
	228, 23, 252, 64, 253, 64, 19, 45, 15, 58, 99, 30, 149, 65, 11, 251, 208, 58, 59, 194, 66, 228, 236, 140, 76, 118, 90,
	205, 133, 41, 153, 91, 0, 211, 184, 127, 46, 178, 219, 120, 73, 25, 104, 212, 102, 83, 165, 114, 45, 240, 61, 224, 92,
	55, 113, 129, 4, 19, 116, 230, 15, 112, 2, 135, 243, 58, 109, 112, 143, 101, 160, 120, 49, 180, 56, 64, 93, 63, 206,
	186, 248, 92, 71, 198, 32, 90, 247, 245, 213, 48, 218, 40, 206, 141, 0, 50, 82, 216, 13, 157, 157, 229, 194, 164, 155,
	105, 210, 216, 253, 6, 116, 105, 116, 233, 181, 214, 229, 118, 14, 26, 58, 151, 16, 159, 232, 153, 116, 194, 67, 221,
	229, 216, 166, 8, 33, 198, 197, 247, 151, 128, 198, 204, 64, 131, 213, 51, 240, 198, 43, 188, 213, 39, 248, 217, 159,
	105, 228, 21, 102, 231, 218, 140, 140, 243, 229, 176, 175, 214, 252, 1, 240, 66, 114, 35, 51, 149, 34, 73, 190, 244,
	247, 195, 120, 32, 191, 40, 58, 230, 139, 51, 130, 125, 239, 138, 188, 36, 111, 95, 220, 230, 234, 23, 31, 187, 77, 50,
	111, 54, 242, 205, 33, 241, 197, 31, 97, 114, 192, 229, 34, 47, 132, 164, 40, 89, 201, 78, 142, 63, 183, 253, 198, 39,
	56, 140, 136, 204, 254, 55, 174, 115, 238, 79, 234, 126, 110, 53, 224, 111, 148, 218, 209, 153, 46, 187, 224, 200, 73,
	153, 112, 93, 219, 98, 164, 175, 106, 229, 140, 196, 77, 228, 171, 179, 73, 39, 158, 60, 231, 167, 229, 64, 223, 54,
	117, 7, 253, 177, 171, 168, 35, 43, 149, 86, 195, 84, 12, 176, 213, 203, 199, 52, 149, 200, 192, 154, 243, 164, 24, 10,
	205, 103, 103, 158, 122, 239, 213, 54, 3, 59, 229, 109, 230, 219, 143, 199, 90, 225, 181, 30, 162, 82, 177, 102, 139,
	13, 239, 178, 216, 34, 247, 51, 94, 160, 125, 202, 10, 167, 186, 190, 162, 143, 12, 193, 185, 22, 176, 34, 45, 185, 92,
	69, 73, 158, 199, 230, 122, 47, 78, 15, 27, 31, 240, 107, 220, 104, 30, 244, 40, 12, 30, 182, 220, 249, 65, 26, 94,
	244, 220, 193, 122, 141, 55, 248, 129, 43, 175, 8, 141, 248, 83, 99, 118, 23, 148, 157, 106, 125, 162, 167, 243, 83,
	21, 38, 168, 0, 240, 8, 51, 130, 107, 50, 46, 143, 219, 75, 128, 71, 85, 203, 98, 239, 177, 39, 248, 211, 157, 166,
	116, 97, 45, 179, 161, 25, 104, 139, 217, 165, 90, 244, 250, 122, 101, 130, 173, 239, 216, 228, 68, 98, 235, 186, 7, 3,
	110, 51, 166, 57, 227, 8, 254, 240, 95, 100, 10, 156, 58, 48, 146, 60, 104, 44, 47, 30, 226, 27, 252, 11, 124, 170, 77,
	103, 82, 175, 54, 68, 138, 245, 220, 50, 141, 203, 35, 242, 26, 139, 123, 113, 109, 28, 69, 110, 79, 89, 207, 41, 23,
	101, 197, 179, 127, 255, 199, 176, 151, 175, 187, 40, 172, 255, 30, 238, 254, 93, 204, 29, 62, 49, 55, 253, 142, 185,
	52, 179, 100, 110, 79, 209, 230, 192, 231, 137, 55, 72, 94, 32, 8, 86, 249, 75, 204, 205, 255, 55, 97, 46, 185, 2, 194,
	119, 244, 74, 126, 68, 47, 225, 43, 147, 252, 141, 126, 217, 63, 88, 196, 54, 249, 21, 90, 127, 240, 149, 31, 101, 192,
	183, 66, 149, 103, 127, 17, 36, 117, 86, 246, 155, 69, 188, 190, 126, 108, 236, 29, 36, 253, 193, 118, 31, 109, 86, 72,
	16, 32, 217, 14, 227, 243, 168, 228, 127, 86, 194, 202, 8, 6, 95, 135, 165, 144, 126, 179, 221, 57, 240, 160, 236, 112,
	253, 73, 166, 69, 54, 25, 35, 88, 202, 163, 223, 66, 190, 212, 49, 231, 148, 88, 254, 205, 198, 98, 191, 110, 44, 156,
	124, 87, 160, 51, 249, 115, 147, 161, 229, 146, 179, 119, 37, 125, 202, 182, 221, 65, 233, 211, 145, 229, 27, 141, 164,
	198, 22, 202, 245, 53, 87, 244, 186, 30, 41, 218, 98, 84, 50, 208, 91, 192, 46, 105, 196, 57, 39, 204, 139, 175, 72,
	23, 67, 138, 210, 82, 146, 124, 13, 72, 82, 100, 165, 125, 68, 163, 236, 122, 126, 236, 246, 244, 50, 103, 197, 11,
	198, 152, 27, 17, 191, 229, 58, 226, 218, 230, 23, 247, 145, 94, 16, 75, 86, 69, 120, 10, 151, 52, 91, 49, 128, 106,
	220, 179, 85, 131, 143, 133, 122, 160, 207, 235, 117, 150, 181, 4, 124, 32, 61, 218, 28, 4, 56, 228, 177, 67, 110, 37,
	101, 1, 175, 228, 133, 235, 39, 20, 161, 207, 201, 139, 62, 159, 73, 1, 206, 147, 183, 148, 83, 190, 250, 172, 33, 94,
	187, 155, 221, 128, 9, 0, 90, 36, 79, 66, 234, 246, 19, 91, 137, 190, 184, 56, 247, 171, 113, 201, 149, 83, 254, 172,
	122, 245, 97, 95, 111, 54, 68, 140, 73, 125, 201, 172, 61, 53, 219, 105, 61, 44, 75, 68, 231, 168, 167, 30, 142, 203,
	105, 143, 84, 39, 160, 30, 130, 183, 53, 169, 58, 156, 55, 224, 186, 12, 54, 13, 42, 206, 243, 154, 80, 234, 212, 169,
	144, 126, 70, 179, 196, 187, 150, 110, 118, 158, 204, 165, 179, 172, 162, 136, 181, 238, 69, 105, 8, 50, 230, 209, 102,
	147, 189, 78, 93, 202, 201, 42, 161, 116, 186, 159, 202, 74, 213, 23, 233, 171, 113, 7, 116, 176, 186, 250, 191, 138,
	91, 250, 254, 31, 88, 123, 191, 143, 38, 146, 4, 102, 104, 110, 100, 218, 202, 212, 0, 184, 124, 43, 248, 215, 194,
	212, 87, 145, 0, 93, 103, 21, 190, 220, 160, 164, 168, 108, 229, 58, 242, 119, 149, 127, 174, 251, 179, 47, 9, 248, 26,
	202, 62, 58, 51, 199, 218, 165, 23, 217, 151, 40, 159, 38, 136, 109, 89, 194, 26, 111, 246, 99, 200, 108, 40, 189, 87,
	98, 183, 25, 254, 153, 29, 135, 67, 93, 76, 115, 114, 23, 206, 139, 77, 9, 80, 169, 204, 60, 28, 167, 173, 221, 54,
	116, 51, 0, 108, 116, 47, 99, 153, 206, 119, 103, 19, 155, 64, 87, 171, 59, 83, 60, 87, 60, 94, 122, 189, 63, 195, 55,
	23, 35, 147, 12, 188, 232, 231, 214, 29, 37, 60, 241, 116, 20, 186, 129, 101, 115, 187, 220, 46, 143, 104, 226, 163,
	135, 223, 68, 30, 232, 97, 84, 249, 16, 39, 96, 74, 123, 196, 234, 79, 71, 53, 113, 240, 98, 138, 20, 79, 224, 36, 139,
	18, 119, 107, 107, 167, 42, 66, 255, 224, 11, 226, 147, 121, 44, 184, 22, 96, 62, 21, 165, 131, 158, 233, 187, 119, 25,
	77, 42, 70, 21, 176, 13, 81, 199, 57, 201, 67, 5, 59, 56, 126, 1, 28, 50, 66, 148, 185, 100, 93, 176, 30, 125, 139,
	245, 33, 195, 154, 82, 102, 29, 245, 142, 26, 250, 211, 188, 112, 166, 221, 195, 98, 75, 205, 118, 62, 162, 61, 55, 22,
	11, 81, 205, 247, 184, 118, 119, 134, 228, 55, 171, 68, 147, 189, 71, 192, 4, 159, 34, 163, 2, 232, 99, 149, 174, 52,
	76, 208, 87, 130, 91, 32, 26, 123, 62, 110, 67, 67, 178, 214, 16, 23, 226, 171, 207, 192, 59, 10, 202, 55, 53, 234,
	161, 192, 115, 163, 4, 253, 199, 112, 86, 40, 178, 252, 11, 209, 13, 219, 56, 253, 96, 221, 127, 132, 234, 254, 163,
	232, 251, 122, 123, 22, 158, 240, 119, 244, 37, 159, 175, 88, 106, 58, 197, 144, 230, 99, 163, 183, 219, 80, 249, 117,
	178, 255, 18, 125, 199, 255, 77, 232, 59, 174, 128, 252, 205, 251, 183, 73, 63, 2, 162, 120, 124, 238, 68, 150, 219,
	99, 196, 221, 252, 119, 62, 140, 69, 113, 110, 241, 3, 182, 253, 150, 178, 242, 250, 70, 114, 1, 149, 123, 167, 172,
	168, 175, 31, 11, 143, 178, 53, 250, 85, 58, 143, 77, 218, 223, 60, 165, 12, 251, 35, 144, 214, 179, 191, 179, 1, 240,
	221, 102, 127, 169, 70, 114, 12, 64, 105, 62, 43, 149, 239, 74, 74, 163, 45, 145, 205, 14, 42, 253, 229, 166, 135, 201,
	94, 252, 110, 10, 222, 159, 191, 51, 96, 238, 51, 101, 37, 51, 93, 255, 7, 101, 242, 143, 103, 149, 144, 106, 164, 98,
	247, 91, 115, 34, 172, 43, 102, 129, 19, 160, 62, 163, 7, 230, 179, 231, 45, 6, 107, 43, 10, 94, 242, 120, 115, 107,
	198, 108, 187, 131, 77, 142, 28, 209, 247, 21, 253, 122, 41, 233, 86, 18, 180, 223, 203, 53, 229, 217, 131, 141, 72,
	182, 119, 211, 38, 80, 151, 77, 121, 103, 193, 58, 91, 18, 185, 119, 85, 11, 208, 245, 235, 126, 80, 220, 87, 117, 199,
	202, 233, 57, 55, 119, 92, 175, 242, 91, 126, 243, 107, 254, 116, 82, 239, 35, 188, 23, 22, 186, 70, 53, 45, 177, 234,
	139, 206, 41, 247, 177, 40, 94, 87, 185, 143, 86, 232, 180, 136, 208, 226, 172, 34, 150, 178, 67, 29, 110, 66, 0, 213,
	156, 181, 17, 143, 43, 51, 120, 182, 3, 15, 146, 28, 215, 177, 211, 181, 179, 47, 16, 43, 55, 44, 71, 137, 21, 86, 251,
	126, 74, 25, 46, 221, 164, 238, 38, 33, 121, 45, 187, 132, 51, 99, 53, 24, 59, 219, 235, 212, 168, 96, 72, 229, 97, 21,
	10, 55, 3, 56, 38, 196, 190, 203, 220, 11, 132, 122, 220, 77, 166, 52, 208, 89, 36, 223, 41, 143, 210, 29, 115, 162,
	143, 205, 182, 112, 152, 238, 23, 5, 153, 115, 184, 4, 31, 92, 71, 73, 80, 124, 236, 228, 39, 83, 12, 116, 99, 211, 11,
	28, 36, 181, 111, 83, 157, 229, 164, 64, 14, 129, 161, 67, 142, 25, 59, 190, 168, 25, 70, 21, 199, 46, 80, 11, 255,
	150, 85, 162, 149, 135, 194, 94, 153, 236, 75, 232, 237, 11, 10, 191, 195, 111, 60, 255, 171, 48, 29, 240, 142, 211, 9,
	95, 28, 113, 95, 124, 72, 10, 123, 90, 225, 138, 57, 41, 132, 64, 38, 150, 47, 229, 157, 72, 206, 68, 25, 208, 11, 163,
	82, 248, 87, 31, 146, 225, 171, 84, 72, 254, 92, 23, 248, 93, 229, 95, 36, 123, 124, 201, 245, 32, 99, 62, 11, 239,
	136, 150, 198, 237, 190, 137, 65, 230, 139, 238, 38, 68, 162, 243, 64, 229, 38, 125, 46, 175, 108, 75, 42, 210, 0, 92,
	156, 151, 113, 100, 8, 88, 207, 211, 181, 199, 51, 61, 179, 30, 212, 78, 181, 170, 58, 51, 90, 165, 57, 163, 136, 151,
	61, 85, 175, 17, 10, 105, 88, 156, 68, 181, 24, 24, 20, 92, 123, 66, 83, 152, 21, 209, 245, 205, 174, 93, 98, 13, 135,
	59, 77, 225, 122, 160, 217, 110, 98, 219, 102, 133, 140, 80, 12, 10, 185, 130, 234, 177, 193, 21, 42, 185, 220, 34,
	116, 245, 22, 102, 170, 233, 151, 155, 254, 40, 2, 211, 223, 183, 43, 30, 242, 23, 146, 56, 169, 125, 90, 236, 188,
	226, 147, 133, 164, 24, 43, 127, 231, 100, 228, 117, 216, 94, 64, 163, 177, 238, 29, 195, 173, 165, 93, 97, 127, 47, 8,
	83, 54, 207, 24, 237, 15, 244, 104, 221, 67, 3, 233, 75, 93, 33, 89, 46, 69, 55, 193, 183, 42, 247, 190, 89, 124, 235,
	47, 116, 71, 123, 43, 193, 66, 52, 249, 130, 207, 214, 37, 166, 131, 164, 226, 233, 20, 88, 216, 241, 78, 91, 39, 112,
	123, 97, 76, 168, 86, 130, 132, 11, 214, 253, 246, 120, 138, 81, 221, 177, 253, 138, 183, 202, 41, 61, 139, 84, 220,
	192, 55, 237, 202, 166, 79, 201, 74, 218, 142, 121, 236, 164, 40, 17, 174, 150, 246, 39, 189, 154, 217, 139, 134, 92,
	40, 66, 254, 51, 100, 182, 214, 98, 28, 173, 34, 107, 63, 248, 174, 78, 222, 17, 157, 127, 251, 224, 97, 224, 63, 135,
	192, 220, 92, 30, 155, 250, 34, 127, 67, 96, 137, 84, 38, 82, 96, 111, 208, 189, 58, 173, 191, 90, 249, 191, 13, 171,
	104, 226, 155, 68, 2, 63, 176, 72, 59, 129, 235, 61, 134, 180, 3, 154, 208, 131, 36, 196, 63, 36, 198, 29, 4, 177, 214,
	144, 240, 174, 237, 14, 92, 183, 81, 113, 80, 90, 248, 85, 125, 134, 84, 104, 48, 51, 119, 241, 211, 125, 0, 124, 250,
	15, 24, 17, 82, 153, 108, 87, 25, 21, 250, 226, 63, 248, 169, 172, 252, 27, 191, 38, 99, 49, 191, 87, 1, 14, 146, 244,
	192, 1, 120, 246, 1, 221, 239, 12, 58, 65, 53, 191, 238, 146, 79, 114, 29, 252, 174, 167, 38, 76, 140, 193, 23, 159,
	230, 36, 178, 241, 118, 76, 15, 45, 254, 68, 253, 129, 239, 84, 53, 251, 164, 170, 244, 39, 85, 205, 88, 114, 56, 217,
	243, 163, 27, 43, 38, 151, 230, 167, 75, 78, 92, 101, 92, 171, 94, 138, 183, 33, 79, 114, 73, 162, 217, 237, 137, 7,
	110, 74, 27, 12, 118, 151, 84, 200, 40, 54, 231, 9, 76, 240, 25, 191, 94, 14, 145, 164, 240, 3, 202, 58, 187, 238, 240,
	146, 61, 249, 157, 71, 210, 165, 137, 199, 124, 143, 26, 165, 124, 157, 137, 186, 152, 206, 110, 188, 41, 171, 27, 63,
	152, 70, 170, 25, 2, 36, 220, 174, 223, 225, 39, 118, 138, 162, 39, 37, 8, 24, 13, 148, 52, 9, 193, 142, 166, 229, 183,
	39, 11, 67, 226, 136, 175, 104, 155, 172, 211, 176, 188, 216, 37, 110, 139, 135, 50, 101, 39, 44, 207, 16, 175, 232,
	183, 83, 210, 23, 149, 36, 187, 91, 126, 138, 47, 145, 138, 203, 248, 178, 147, 166, 126, 246, 198, 51, 53, 25, 125, 6,
	44, 9, 12, 53, 158, 105, 207, 50, 237, 141, 240, 185, 144, 218, 212, 44, 117, 170, 96, 73, 249, 161, 145, 167, 10, 10,
	196, 221, 73, 46, 167, 50, 122, 178, 105, 67, 226, 225, 52, 63, 228, 211, 158, 34, 25, 123, 142, 42, 164, 118, 196, 72,
	153, 228, 131, 144, 178, 12, 7, 108, 245, 83, 133, 39, 113, 120, 200, 229, 188, 60, 15, 216, 126, 118, 122, 159, 224,
	156, 51, 36, 238, 107, 147, 18, 181, 121, 222, 235, 67, 107, 194, 120, 27, 165, 118, 112, 205, 237, 94, 126, 185, 178,
	116, 178, 236, 182, 189, 167, 125, 182, 16, 174, 32, 187, 175, 208, 90, 76, 128, 44, 236, 109, 220, 34, 39, 36, 58,
	214, 77, 239, 20, 61, 38, 147, 202, 164, 134, 60, 91, 41, 199, 104, 41, 151, 31, 55, 117, 103, 104, 219, 45, 169, 90,
	248, 68, 234, 78, 57, 69, 216, 252, 216, 230, 6, 188, 174, 42, 141, 172, 74, 201, 10, 247, 57, 109, 19, 160, 20, 75,
	164, 3, 225, 77, 29, 119, 159, 35, 6, 109, 194, 177, 166, 77, 108, 226, 190, 156, 136, 122, 71, 251, 36, 77, 78, 61,
	44, 249, 195, 230, 128, 189, 35, 8, 183, 104, 213, 28, 181, 59, 84, 56, 46, 122, 249, 201, 141, 145, 188, 88, 46, 196,
	198, 241, 149, 14, 244, 169, 195, 48, 109, 161, 75, 69, 78, 227, 100, 172, 248, 5, 105, 4, 251, 161, 178, 158, 21, 179,
	147, 6, 154, 54, 209, 34, 138, 58, 84, 178, 189, 87, 246, 44, 121, 22, 177, 56, 155, 46, 98, 167, 222, 138, 195, 166,
	32, 202, 20, 199, 17, 239, 14, 222, 195, 151, 9, 92, 55, 139, 28, 158, 189, 87, 195, 103, 108, 184, 35, 161, 111, 159,
	252, 100, 223, 234, 42, 242, 227, 146, 142, 194, 32, 20, 165, 40, 22, 10, 87, 215, 177, 173, 122, 169, 153, 72, 32, 41,
	76, 135, 194, 116, 130, 241, 42, 75, 153, 161, 215, 93, 30, 246, 81, 157, 47, 0, 254, 41, 33, 142, 122, 102, 125, 76,
	25, 205, 87, 115, 172, 91, 48, 236, 35, 251, 61, 125, 113, 96, 104, 234, 249, 7, 233, 139, 63, 155, 1, 192, 175, 236,
	0, 111, 115, 175, 245, 211, 172, 157, 251, 5, 213, 31, 55, 50, 229, 131, 244, 194, 12, 45, 174, 163, 127, 99, 6, 252,
	88, 23, 248, 185, 178, 153, 125, 13, 37, 49, 248, 122, 179, 201, 43, 149, 213, 89, 126, 55, 40, 207, 96, 223, 22, 225,
	177, 116, 228, 72, 101, 217, 59, 178, 196, 81, 70, 76, 147, 166, 159, 133, 130, 9, 198, 76, 183, 0, 10, 34, 213, 49,
	79, 236, 225, 221, 60, 36, 190, 154, 227, 99, 247, 31, 155, 127, 127, 111, 254, 79, 118, 100, 225, 127, 156, 247, 65,
	167, 23, 20, 51, 113, 60, 188, 146, 72, 254, 104, 0, 44, 41, 93, 194, 181, 214, 236, 108, 93, 119, 23, 229, 82, 240,
	244, 72, 188, 112, 185, 233, 185, 247, 88, 94, 91, 202, 100, 12, 108, 77, 5, 191, 210, 216, 73, 175, 179, 61, 222, 117,
	199, 31, 4, 135, 225, 102, 212, 233, 79, 60, 77, 244, 94, 228, 19, 129, 200, 14, 0, 138, 234, 44, 86, 200, 66, 217, 34,
	217, 53, 147, 3, 63, 202, 82, 66, 201, 134, 130, 58, 196, 72, 21, 95, 213, 94, 120, 106, 24, 98, 58, 164, 158, 215,
	205, 178, 221, 122, 234, 171, 121, 231, 214, 104, 68, 73, 253, 54, 114, 151, 6, 69, 212, 4, 39, 125, 253, 1, 168, 85,
	122, 113, 10, 17, 20, 108, 233, 66, 187, 97, 251, 160, 29, 248, 105, 67, 10, 60, 210, 116, 180, 62, 175, 236, 88, 8,
	214, 22, 155, 39, 19, 157, 94, 152, 122, 110, 167, 233, 33, 53, 147, 5, 91, 23, 25, 55, 109, 222, 20, 65, 247, 25, 165,
	231, 37, 185, 52, 0, 63, 95, 102, 229, 49, 137, 201, 235, 113, 154, 79, 219, 194, 223, 156, 167, 243, 32, 177, 92, 74,
	221, 136, 71, 163, 117, 91, 216, 132, 167, 48, 41, 34, 101, 137, 56, 63, 238, 147, 136, 237, 160, 75, 24, 213, 242, 24,
	183, 53, 125, 197, 65, 178, 213, 206, 165, 147, 94, 135, 114, 238, 206, 225, 245, 42, 175, 55, 233, 36, 68, 148, 56, 4,
	119, 210, 117, 74, 54, 148, 84, 98, 81, 45, 205, 16, 208, 215, 173, 220, 110, 76, 194, 114, 165, 192, 121, 29, 167,
	129, 39, 148, 227, 140, 253, 204, 70, 42, 231, 235, 213, 64, 211, 121, 82, 48, 219, 38, 85, 192, 66, 195, 168, 148,
	184, 78, 55, 100, 252, 229, 9, 91, 61, 109, 101, 171, 31, 66, 86, 174, 61, 143, 117, 154, 105, 40, 60, 56, 243, 162,
	55, 211, 244, 156, 228, 112, 131, 65, 86, 204, 139, 4, 33, 224, 103, 102, 52, 171, 162, 171, 215, 123, 226, 146, 91,
	53, 42, 15, 64, 222, 201, 194, 210, 14, 216, 183, 179, 250, 30, 218, 253, 61, 56, 243, 181, 112, 55, 204, 7, 184, 214,
	160, 126, 144, 129, 81, 126, 161, 193, 238, 179, 125, 175, 36, 151, 58, 213, 98, 30, 110, 158, 169, 181, 99, 136, 94,
	144, 182, 152, 9, 198, 2, 23, 169, 15, 83, 3, 160, 57, 160, 114, 192, 110, 126, 139, 105, 27, 21, 240, 114, 132, 188,
	41, 62, 118, 162, 185, 180, 22, 55, 159, 214, 64, 101, 169, 118, 110, 229, 142, 127, 250, 204, 120, 246, 253, 155, 184,
	88, 81, 89, 25, 51, 139, 106, 102, 4, 110, 60, 118, 35, 80, 206, 187, 40, 207, 18, 88, 10, 125, 25, 22, 104, 33, 79,
	36, 173, 239, 20, 124, 202, 167, 201, 136, 113, 106, 76, 27, 116, 243, 162, 3, 156, 162, 93, 127, 154, 32, 94, 85, 149,
	135, 55, 43, 200, 61, 168, 119, 176, 8, 13, 30, 210, 159, 210, 132, 247, 129, 147, 212, 254, 60, 200, 240, 55, 198,
	218, 223, 53, 204, 230, 55, 215, 127, 210, 191, 133, 34, 110, 180, 126, 39, 51, 175, 15, 33, 250, 113, 102, 6, 233,
	149, 7, 224, 47, 15, 42, 80, 226, 175, 12, 179, 236, 176, 141, 190, 105, 229, 187, 3, 187, 101, 114, 151, 106, 247,
	107, 206, 187, 241, 91, 98, 253, 251, 24, 192, 139, 219, 73, 247, 27, 93, 96, 106, 173, 246, 15, 123, 43, 112, 205, 13,
	120, 167, 239, 255, 100, 104, 173, 218, 206, 98, 239, 208, 130, 254, 105, 103, 137, 152, 106, 139, 111, 215, 23, 166,
	49, 36, 164, 185, 221, 106, 253, 194, 206, 122, 59, 172, 128, 111, 134, 22, 7, 253, 214, 194, 215, 6, 14, 244, 160,
	150, 195, 70, 250, 12, 3, 171, 102, 188, 114, 223, 40, 195, 138, 217, 129, 247, 25, 65, 112, 190, 30, 102, 248, 52,
	155, 128, 127, 216, 110, 146, 231, 3, 156, 61, 119, 127, 220, 97, 78, 188, 210, 54, 62, 56, 104, 91, 184, 158, 244,
	162, 80, 3, 14, 12, 218, 184, 3, 122, 192, 238, 193, 220, 156, 80, 95, 95, 252, 122, 147, 192, 199, 90, 121, 48, 191,
	163, 20, 107, 26, 230, 154, 68, 11, 141, 206, 231, 50, 237, 81, 254, 210, 87, 37, 223, 190, 96, 98, 233, 46, 189, 97,
	95, 208, 90, 7, 123, 126, 178, 116, 48, 83, 19, 242, 68, 76, 0, 227, 197, 177, 75, 196, 252, 16, 15, 34, 241, 64, 245,
	1, 246, 107, 139, 180, 60, 26, 130, 203, 57, 143, 24, 154, 61, 155, 230, 146, 57, 247, 155, 34, 222, 51, 62, 136, 30,
	176, 184, 139, 97, 183, 122, 248, 203, 104, 94, 214, 173, 41, 21, 252, 85, 129, 200, 117, 22, 0, 158, 11, 73, 105, 180,
	13, 68, 165, 22, 132, 184, 100, 107, 207, 122, 29, 111, 152, 22, 104, 225, 194, 18, 181, 167, 230, 150, 6, 207, 23,
	220, 11, 124, 121, 101, 66, 39, 20, 122, 164, 87, 132, 150, 41, 78, 84, 58, 203, 80, 220, 69, 75, 215, 204, 10, 78,
	158, 35, 0, 132, 170, 243, 177, 75, 112, 147, 182, 98, 20, 209, 119, 226, 66, 220, 21, 80, 108, 218, 176, 6, 231, 140,
	178, 240, 106, 209, 28, 228, 37, 208, 123, 200, 49, 77, 216, 211, 82, 236, 105, 135, 244, 7, 75, 74, 162, 39, 104, 117,
	213, 212, 70, 105, 180, 227, 220, 70, 0, 230, 225, 183, 108, 252, 214, 166, 169, 166, 124, 155, 210, 95, 83, 16, 124,
	17, 225, 72, 241, 88, 126, 148, 37, 89, 245, 48, 225, 126, 138, 191, 255, 228, 237, 2, 254, 200, 221, 117, 176, 49,
	152, 91, 58, 246, 252, 192, 18, 11, 25, 152, 243, 35, 81, 13, 10, 10, 141, 11, 190, 106, 228, 231, 13, 30, 20, 13, 174,
	7, 218, 244, 29, 157, 102, 146, 239, 151, 192, 55, 245, 164, 192, 218, 22, 209, 216, 254, 85, 126, 190, 29, 51, 121,
	123, 80, 23, 7, 50, 15, 218, 137, 149, 113, 179, 30, 99, 56, 196, 104, 245, 41, 138, 228, 105, 237, 229, 80, 95, 20,
	49, 249, 41, 94, 192, 223, 170, 174, 99, 4, 12, 51, 217, 224, 144, 123, 76, 111, 197, 245, 12, 245, 79, 173, 230, 229,
	240, 234, 216, 19, 114, 9, 144, 39, 136, 17, 49, 202, 186, 117, 186, 34, 178, 119, 146, 86, 71, 145, 29, 202, 180, 102,
	192, 138, 83, 205, 48, 98, 43, 198, 204, 19, 67, 171, 249, 57, 90, 141, 7, 76, 26, 94, 171, 64, 13, 121, 25, 175, 74,
	125, 70, 238, 253, 114, 79, 212, 152, 184, 157, 68, 202, 59, 168, 155, 113, 80, 54, 37, 29, 165, 57, 155, 39, 241, 245,
	60, 35, 66, 60, 43, 194, 3, 104, 162, 23, 46, 186, 198, 128, 113, 69, 49, 67, 113, 63, 244, 151, 190, 123, 85, 13, 131,
	85, 51, 173, 48, 203, 217, 107, 111, 141, 217, 73, 101, 170, 183, 237, 182, 72, 90, 105, 94, 37, 69, 67, 109, 201, 185,
	247, 164, 223, 8, 67, 80, 57, 101, 240, 240, 249, 71, 0, 180, 170, 195, 37, 228, 210, 6, 219, 205, 162, 111, 155, 120,
	9, 47, 202, 227, 196, 174, 4, 147, 156, 206, 177, 191, 193, 5, 156, 154, 7, 11, 139, 116, 84, 64, 38, 17, 60, 107, 202,
	217, 184, 5, 10, 193, 7, 60, 85, 91, 13, 94, 138, 178, 191, 249, 107, 136, 29, 140, 17, 17, 223, 105, 246, 60, 6, 121,
	138, 209, 61, 25, 48, 88, 93, 84, 62, 212, 109, 180, 218, 222, 73, 13, 212, 14, 123, 190, 180, 171, 165, 97, 86, 174,
	8, 1, 58, 174, 67, 222, 45, 58, 72, 95, 75, 246, 223, 255, 62, 194, 126, 11, 68, 252, 194, 33, 246, 119, 81, 118, 249,
	68, 89, 235, 59, 202, 82, 144, 95, 244, 122, 233, 20, 93, 173, 17, 212, 77, 196, 111, 229, 179, 255, 117, 192, 87, 254,
	47, 163, 236, 111, 174, 253, 3, 46, 185, 175, 24, 104, 81, 2, 240, 45, 200, 240, 251, 96, 46, 137, 168, 118, 5, 170,
	165, 136, 126, 26, 99, 229, 193, 57, 203, 183, 87, 171, 130, 212, 146, 132, 15, 99, 76, 254, 69, 44, 55, 3, 254, 59,
	122, 244, 173, 67, 192, 187, 71, 255, 68, 156, 118, 209, 172, 171, 63, 240, 47, 55, 52, 130, 23, 102, 106, 221, 33,
	111, 55, 88, 93, 115, 243, 92, 190, 0, 159, 41, 164, 194, 184, 245, 75, 218, 167, 102, 173, 74, 8, 183, 67, 222, 92,
	34, 166, 213, 209, 151, 157, 203, 161, 173, 218, 109, 245, 42, 60, 200, 14, 121, 100, 167, 139, 218, 151, 185, 16, 164,
	75, 137, 63, 226, 205, 46, 60, 156, 24, 195, 51, 39, 76, 161, 26, 25, 64, 116, 80, 18, 73, 227, 103, 99, 44, 60, 135,
	87, 103, 244, 134, 65, 231, 190, 104, 239, 96, 53, 215, 169, 138, 169, 176, 165, 11, 79, 243, 81, 105, 82, 123, 83,
	148, 224, 92, 241, 152, 27, 198, 82, 217, 138, 156, 208, 45, 137, 41, 122, 180, 49, 81, 210, 74, 65, 25, 128, 107, 236,
	93, 145, 238, 3, 241, 188, 83, 213, 243, 198, 173, 207, 88, 244, 73, 40, 163, 40, 218, 75, 3, 212, 211, 244, 176, 159,
	150, 174, 54, 237, 86, 20, 154, 59, 86, 157, 189, 39, 238, 42, 113, 19, 100, 68, 239, 251, 33, 195, 56, 251, 233, 104,
	247, 176, 207, 93, 64, 96, 120, 242, 122, 233, 252, 16, 151, 174, 16, 49, 232, 39, 91, 205, 160, 135, 71, 132, 165, 58,
	101, 134, 125, 29, 185, 221, 105, 229, 91, 113, 167, 144, 242, 233, 72, 208, 189, 93, 156, 228, 132, 99, 174, 50, 72,
	116, 158, 69, 108, 95, 75, 10, 154, 43, 103, 151, 42, 0, 240, 126, 107, 75, 164, 103, 190, 197, 105, 179, 0, 92, 179,
	160, 123, 135, 144, 126, 192, 44, 131, 62, 90, 78, 41, 146, 98, 72, 150, 253, 41, 121, 252, 55, 239, 21, 240, 115, 150,
	249, 239, 188, 87, 50, 193, 82, 170, 68, 61, 170, 130, 129, 65, 20, 35, 231, 125, 204, 133, 161, 217, 199, 166, 82, 25,
	227, 243, 6, 194, 106, 188, 143, 24, 174, 114, 72, 182, 64, 71, 123, 188, 8, 127, 207, 193, 122, 35, 233, 28, 127, 149,
	183, 175, 103, 235, 190, 228, 95, 65, 154, 112, 136, 209, 236, 35, 210, 168, 190, 187, 107, 189, 211, 209, 12, 42, 43,
	99, 247, 120, 127, 167, 183, 147, 192, 31, 187, 188, 168, 146, 207, 114, 242, 17, 154, 169, 179, 66, 8, 44, 60, 103,
	97, 5, 21, 199, 244, 153, 235, 43, 199, 55, 93, 95, 194, 186, 176, 57, 158, 54, 199, 206, 142, 11, 246, 114, 2, 116,
	191, 187, 224, 167, 144, 46, 92, 144, 210, 174, 250, 32, 201, 134, 203, 244, 34, 228, 85, 61, 123, 175, 176, 251, 169,
	189, 235, 2, 88, 234, 193, 98, 224, 6, 29, 90, 13, 191, 70, 215, 194, 228, 25, 42, 221, 157, 231, 61, 234, 3, 222, 220,
	247, 135, 29, 157, 226, 22, 160, 153, 94, 231, 77, 252, 210, 67, 121, 204, 225, 4, 118, 67, 151, 170, 39, 212, 70, 196,
	192, 134, 129, 242, 254, 204, 38, 167, 113, 162, 181, 2, 211, 207, 178, 67, 48, 135, 41, 4, 7, 224, 114, 163, 208, 189,
	33, 151, 20, 66, 35, 147, 153, 156, 113, 226, 164, 51, 6, 32, 180, 175, 45, 151, 64, 72, 200, 200, 47, 52, 246, 34,
	219, 52, 187, 31, 252, 62, 227, 197, 232, 169, 38, 119, 43, 122, 61, 93, 151, 107, 57, 231, 121, 210, 140, 71, 5, 221,
	61, 95, 67, 170, 149, 211, 198, 190, 245, 118, 46, 140, 95, 130, 27, 138, 43, 129, 191, 98, 224, 129, 43, 76, 67, 189,
	6, 59, 15, 201, 11, 210, 163, 129, 227, 21, 36, 245, 92, 14, 26, 230, 6, 140, 41, 206, 146, 140, 225, 145, 105, 200,
	15, 233, 38, 190, 206, 97, 36, 175, 15, 83, 23, 18, 17, 201, 77, 15, 143, 189, 63, 67, 90, 90, 87, 117, 70, 255, 79,
	30, 197, 253, 187, 135, 112, 133, 183, 223, 123, 253, 158, 219, 108, 216, 29, 123, 52, 32, 213, 40, 57, 30, 58, 0, 133,
	200, 42, 170, 111, 246, 175, 15, 229, 102, 63, 228, 59, 3, 111, 122, 105, 130, 226, 15, 185, 204, 199, 215, 85, 178, 5,
	30, 7, 6, 119, 49, 179, 189, 119, 166, 98, 94, 199, 136, 89, 199, 37, 107, 124, 205, 112, 96, 169, 151, 42, 56, 48, 55,
	6, 13, 177, 5, 12, 27, 170, 84, 246, 229, 220, 236, 1, 154, 166, 1, 18, 154, 13, 154, 183, 79, 31, 217, 15, 9, 211,
	210, 78, 214, 223, 192, 82, 168, 180, 155, 237, 16, 172, 189, 253, 250, 220, 40, 240, 219, 193, 209, 239, 241, 226, 77,
	101, 216, 31, 227, 197, 155, 110, 31, 101, 251, 251, 229, 96, 154, 93, 135, 170, 200, 83, 63, 65, 186, 96, 148, 108, 4,
	124, 75, 10, 164, 41, 213, 50, 15, 147, 251, 157, 23, 25, 23, 148, 246, 14, 137, 132, 252, 65, 106, 120, 119, 83, 77,
	242, 139, 235, 218, 48, 4, 118, 77, 108, 223, 123, 53, 17, 34, 85, 170, 217, 173, 252, 183, 67, 185, 47, 142, 1, 108,
	16, 186, 153, 44, 254, 153, 161, 249, 67, 230, 97, 171, 210, 206, 183, 40, 70, 250, 195, 20, 252, 233, 145, 97, 224,
	199, 224, 242, 223, 139, 45, 131, 44, 173, 20, 136, 82, 86, 230, 130, 56, 49, 27, 185, 164, 229, 131, 151, 230, 188,
	166, 161, 124, 183, 15, 174, 123, 186, 206, 226, 158, 33, 165, 178, 227, 124, 189, 208, 133, 236, 210, 193, 48, 141,
	215, 206, 77, 215, 132, 227, 94, 123, 10, 209, 149, 3, 81, 231, 103, 43, 194, 252, 147, 79, 64, 235, 234, 121, 225,
	221, 225, 46, 32, 68, 191, 86, 83, 61, 135, 26, 230, 210, 161, 189, 174, 192, 75, 224, 119, 103, 33, 115, 59, 20, 252,
	185, 172, 113, 65, 186, 148, 146, 132, 108, 217, 43, 244, 159, 121, 128, 27, 216, 232, 122, 215, 116, 214, 36, 225, 4,
	241, 98, 195, 179, 97, 120, 59, 45, 212, 233, 193, 27, 238, 105, 30, 211, 12, 86, 96, 68, 92, 195, 38, 114, 1, 148, 13,
	203, 88, 123, 117, 240, 3, 103, 45, 177, 70, 144, 225, 222, 159, 224, 100, 50, 210, 6, 215, 15, 243, 18, 246, 68, 26,
	143, 248, 238, 230, 161, 72, 171, 139, 11, 58, 233, 133, 212, 45, 252, 204, 185, 76, 161, 179, 229, 237, 121, 183, 36,
	166, 126, 154, 151, 145, 4, 32, 153, 223, 159, 214, 253, 196, 216, 167, 86, 136, 6, 251, 152, 11, 165, 215, 158, 163,
	174, 19, 174, 67, 27, 92, 224, 132, 182, 198, 226, 83, 25, 34, 60, 68, 179, 1, 216, 93, 101, 202, 227, 94, 20, 162, 9,
	152, 223, 5, 236, 0, 178, 118, 140, 233, 173, 236, 138, 192, 160, 140, 13, 241, 219, 161, 34, 253, 144, 33, 229, 247,
	185, 57, 134, 226, 233, 158, 242, 170, 86, 87, 187, 152, 228, 211, 166, 123, 49, 194, 4, 173, 238, 189, 131, 108, 255,
	206, 1, 5, 252, 145, 7, 234, 11, 51, 167, 164, 47, 137, 64, 56, 107, 148, 71, 77, 230, 146, 221, 100, 242, 146, 151,
	121, 151, 8, 230, 170, 23, 248, 242, 134, 248, 79, 183, 143, 71, 84, 64, 4, 107, 249, 23, 31, 16, 193, 124, 145, 57,
	226, 111, 182, 202, 143, 178, 116, 212, 221, 34, 230, 215, 73, 173, 111, 39, 48, 121, 235, 139, 180, 57, 251, 209, 37,
	137, 177, 9, 41, 102, 225, 46, 250, 86, 162, 11, 24, 171, 31, 244, 225, 44, 61, 23, 175, 155, 82, 194, 125, 208, 156,
	21, 60, 90, 151, 73, 185, 145, 96, 46, 106, 133, 232, 166, 146, 41, 172, 157, 37, 175, 8, 167, 111, 128, 206, 179, 226,
	147, 186, 80, 244, 72, 46, 34, 77, 80, 5, 38, 196, 22, 235, 225, 120, 28, 165, 115, 27, 12, 42, 158, 145, 202, 161, 82,
	108, 29, 105, 219, 248, 36, 214, 55, 124, 95, 185, 168, 147, 68, 191, 153, 181, 12, 213, 53, 252, 25, 18, 160, 181,
	171, 241, 25, 48, 95, 137, 218, 141, 34, 95, 103, 173, 7, 159, 209, 243, 141, 13, 40, 4, 42, 11, 55, 195, 113, 29, 103,
	227, 106, 191, 7, 58, 39, 143, 215, 177, 28, 149, 146, 210, 107, 198, 3, 37, 138, 80, 82, 190, 13, 241, 76, 68, 119,
	201, 181, 170, 51, 117, 176, 183, 38, 6, 68, 254, 193, 94, 151, 70, 113, 97, 1, 172, 218, 128, 184, 161, 150, 230, 70,
	143, 14, 11, 119, 23, 127, 56, 129, 251, 12, 194, 19, 70, 198, 3, 118, 27, 48, 115, 119, 2, 44, 73, 40, 242, 114, 162,
	81, 189, 225, 80, 29, 83, 41, 57, 123, 217, 170, 75, 69, 149, 6, 156, 240, 152, 75, 230, 155, 111, 117, 8, 174, 81,
	105, 249, 42, 216, 110, 121, 187, 240, 205, 171, 144, 42, 152, 239, 219, 197, 168, 31, 54, 70, 96, 252, 121, 2, 208,
	87, 93, 192, 210, 244, 127, 225, 209, 12, 127, 79, 39, 208, 197, 91, 39, 100, 191, 165, 98, 10, 96, 186, 60, 27, 145,
	140, 57, 202, 177, 73, 62, 109, 96, 61, 144, 75, 82, 166, 178, 236, 16, 143, 82, 191, 189, 169, 195, 78, 83, 249, 79,
	231, 95, 128, 255, 46, 125, 240, 169, 96, 254, 76, 31, 188, 109, 206, 111, 250, 64, 252, 77, 31, 112, 6, 168, 102, 159,
	1, 108, 190, 110, 66, 79, 203, 143, 247, 37, 42, 40, 10, 72, 238, 102, 119, 64, 114, 159, 8, 213, 87, 154, 159, 173,
	234, 78, 194, 191, 207, 217, 60, 202, 108, 22, 61, 168, 62, 164, 219, 14, 230, 149, 127, 59, 196, 247, 8, 129, 255,
	174, 33, 190, 71, 8, 252, 119, 13, 241, 61, 66, 224, 219, 16, 147, 242, 96, 111, 89, 252, 117, 181, 68, 138, 202, 156,
	33, 51, 12, 82, 204, 180, 130, 60, 168, 169, 137, 140, 75, 18, 55, 52, 231, 223, 175, 73, 106, 153, 220, 100, 13, 126,
	223, 66, 183, 90, 84, 168, 17, 163, 72, 225, 116, 7, 80, 163, 171, 110, 20, 72, 81, 58, 74, 128, 29, 40, 213, 235, 158,
	37, 169, 125, 57, 33, 169, 44, 47, 14, 227, 179, 35, 92, 188, 252, 146, 123, 130, 82, 252, 48, 101, 130, 206, 141, 233,
	118, 17, 5, 30, 61, 71, 52, 190, 208, 110, 29, 245, 238, 168, 168, 88, 91, 0, 235, 14, 75, 39, 175, 27, 175, 87, 197,
	166, 230, 166, 252, 196, 177, 223, 39, 50, 66, 113, 24, 31, 22, 80, 131, 183, 135, 29, 111, 56, 143, 71, 173, 154, 98,
	130, 181, 118, 106, 255, 83, 96, 249, 147, 160, 174, 90, 247, 206, 25, 38, 75, 150, 188, 174, 90, 148, 62, 55, 36, 37,
	251, 109, 66, 203, 199, 249, 234, 242, 0, 71, 86, 242, 233, 201, 52, 15, 163, 228, 249, 46, 37, 120, 57, 223, 23, 43,
	146, 125, 114, 75, 246, 190, 121, 236, 208, 122, 83, 117, 254, 196, 49, 194, 147, 44, 73, 135, 144, 84, 220, 10, 227,
	61, 237, 41, 222, 188, 106, 229, 65, 236, 34, 123, 72, 22, 158, 73, 73, 192, 57, 95, 19, 81, 39, 161, 166, 140, 204,
	215, 202, 99, 216, 180, 39, 248, 25, 79, 20, 166, 243, 92, 162, 177, 244, 196, 255, 243, 13, 255, 222, 229, 89, 27, 2,
	255, 176, 89, 253, 124, 155, 213, 61, 253, 91, 76, 243, 118, 141, 209, 149, 189, 109, 78, 121, 254, 101, 76, 147, 49,
	126, 138, 105, 6, 214, 49, 207, 43, 192, 126, 101, 42, 12, 89, 179, 225, 65, 78, 82, 143, 0, 195, 187, 250, 98, 237,
	47, 105, 168, 199, 164, 171, 244, 55, 82, 2, 99, 249, 87, 191, 36, 114, 88, 204, 111, 58, 5, 169, 182, 186, 106, 238,
	167, 95, 18, 1, 126, 42, 92, 181, 159, 28, 147, 102, 45, 190, 216, 79, 33, 253, 244, 75, 30, 4, 200, 236, 66, 15, 194,
	34, 196, 236, 227, 157, 53, 191, 218, 77, 44, 185, 174, 34, 240, 85, 220, 219, 168, 249, 103, 44, 98, 70, 12, 111, 135,
	45, 52, 133, 187, 38, 56, 77, 150, 95, 199, 73, 185, 62, 129, 187, 206, 54, 87, 147, 19, 252, 148, 47, 30, 84, 128, 26,
	180, 80, 249, 18, 22, 110, 252, 45, 127, 41, 188, 87, 45, 184, 31, 121, 85, 137, 90, 83, 65, 16, 72, 161, 21, 39, 147,
	186, 214, 226, 190, 94, 199, 52, 242, 71, 108, 55, 149, 152, 204, 234, 110, 223, 4, 128, 127, 181, 91, 102, 196, 55,
	93, 34, 3, 240, 37, 156, 242, 193, 222, 64, 23, 77, 133, 62, 210, 50, 126, 215, 245, 157, 183, 167, 69, 206, 64, 185,
	113, 217, 22, 174, 155, 241, 53, 108, 162, 233, 21, 165, 222, 99, 155, 232, 58, 175, 104, 221, 169, 199, 232, 30, 246,
	51, 208, 101, 79, 159, 78, 174, 229, 29, 123, 45, 8, 91, 150, 185, 113, 208, 164, 103, 120, 105, 47, 47, 17, 93, 155,
	141, 56, 27, 27, 82, 163, 224, 146, 191, 208, 187, 35, 69, 123, 134, 22, 37, 8, 27, 16, 2, 110, 7, 243, 80, 20, 254,
	121, 46, 75, 220, 97, 253, 42, 3, 152, 54, 118, 38, 27, 118, 104, 241, 129, 72, 230, 213, 29, 27, 146, 188, 242, 248,
	83, 166, 221, 89, 46, 81, 223, 127, 197, 245, 109, 199, 88, 145, 138, 96, 105, 204, 234, 33, 115, 229, 73, 79, 74, 229,
	166, 171, 92, 173, 157, 238, 183, 209, 228, 179, 146, 50, 27, 249, 1, 136, 67, 249, 90, 59, 168, 71, 110, 221, 197, 35,
	163, 199, 119, 139, 56, 90, 215, 44, 170, 254, 161, 236, 57, 126, 70, 78, 134, 221, 24, 192, 68, 155, 193, 146, 9, 155,
	51, 185, 28, 81, 119, 24, 66, 177, 107, 64, 126, 13, 155, 113, 224, 234, 161, 228, 247, 202, 127, 91, 151, 207, 117,
	217, 128, 191, 9, 49, 240, 179, 20, 255, 179, 66, 156, 101, 21, 121, 158, 246, 67, 18, 207, 18, 96, 221, 240, 95, 164,
	160, 188, 79, 128, 179, 60, 237, 209, 188, 69, 242, 252, 137, 125, 203, 214, 103, 130, 54, 73, 237, 127, 112, 14, 232,
	248, 26, 200, 13, 53, 173, 90, 1, 54, 158, 231, 188, 131, 249, 244, 114, 190, 145, 204, 89, 174, 33, 237, 233, 98, 83,
	120, 10, 25, 159, 120, 52, 232, 195, 22, 135, 5, 52, 240, 60, 114, 47, 181, 211, 220, 116, 118, 41, 23, 121, 234, 151,
	203, 254, 246, 1, 42, 194, 182, 143, 39, 64, 108, 150, 208, 183, 176, 51, 36, 136, 4, 98, 51, 185, 80, 189, 72, 222,
	95, 111, 208, 33, 141, 217, 78, 93, 27, 174, 141, 31, 113, 136, 49, 116, 173, 118, 182, 94, 92, 224, 248, 18, 248, 182,
	93, 207, 202, 148, 84, 238, 90, 94, 157, 1, 89, 170, 18, 170, 234, 25, 184, 81, 22, 244, 234, 113, 72, 168, 25, 99,
	245, 137, 103, 204, 26, 180, 63, 206, 179, 224, 229, 84, 127, 233, 239, 23, 78, 127, 82, 132, 200, 19, 147, 227, 80,
	217, 108, 146, 136, 51, 70, 130, 12, 249, 129, 119, 116, 122, 198, 152, 244, 1, 33, 144, 173, 33, 115, 228, 3, 80, 86,
	137, 53, 124, 171, 87, 235, 178, 78, 160, 209, 172, 116, 68, 14, 144, 179, 182, 229, 226, 106, 69, 23, 80, 55, 51, 22,
	150, 243, 77, 81, 30, 103, 240, 6, 11, 6, 37, 184, 172, 165, 95, 45, 149, 204, 159, 161, 209, 41, 15, 208, 61, 41, 148,
	46, 159, 141, 21, 240, 54, 1, 103, 3, 22, 92, 42, 97, 73, 49, 248, 158, 60, 78, 247, 58, 166, 61, 143, 62, 63, 103, 48,
	186, 207, 39, 59, 80, 254, 78, 206, 116, 122, 147, 197, 255, 226, 195, 172, 254, 110, 30, 201, 248, 198, 92, 172, 248,
	78, 152, 184, 184, 32, 2, 39, 137, 135, 107, 113, 39, 185, 107, 69, 77, 50, 222, 254, 218, 149, 153, 254, 236, 202,
	116, 220, 157, 45, 15, 153, 252, 194, 8, 178, 53, 52, 224, 28, 138, 154, 164, 75, 96, 54, 115, 121, 119, 12, 188, 55,
	145, 167, 152, 104, 67, 199, 131, 32, 128, 1, 141, 190, 14, 54, 214, 125, 205, 84, 86, 69, 207, 53, 44, 240, 216, 242,
	223, 82, 219, 254, 252, 97, 74, 95, 109, 98, 230, 176, 125, 75, 114, 253, 116, 107, 150, 201, 103, 14, 245, 143, 101,
	192, 187, 80, 229, 208, 159, 114, 168, 205, 187, 106, 169, 171, 104, 124, 221, 100, 84, 207, 132, 130, 59, 7, 112, 142,
	248, 22, 229, 4, 222, 171, 126, 187, 157, 222, 65, 37, 165, 88, 51, 91, 48, 43, 165, 100, 159, 128, 74, 127, 37, 60,
	235, 154, 7, 46, 165, 88, 214, 63, 248, 88, 172, 127, 38, 41, 5, 181, 156, 219, 181, 67, 162, 130, 209, 160, 0, 135,
	39, 1, 1, 47, 118, 3, 39, 224, 134, 59, 56, 172, 129, 219, 202, 230, 97, 249, 120, 230, 28, 41, 88, 91, 16, 209, 142,
	54, 2, 98, 128, 61, 55, 205, 97, 8, 143, 234, 203, 195, 212, 16, 103, 227, 129, 157, 147, 167, 88, 242, 136, 66, 221,
	55, 244, 134, 146, 97, 117, 59, 231, 240, 157, 159, 204, 129, 234, 193, 215, 36, 182, 100, 94, 148, 194, 86, 35, 150,
	68, 155, 98, 35, 72, 87, 25, 54, 229, 2, 168, 237, 61, 188, 120, 233, 153, 150, 169, 10, 37, 2, 122, 2, 239, 75, 125,
	182, 97, 34, 73, 33, 43, 119, 104, 79, 128, 125, 143, 157, 178, 69, 69, 238, 76, 208, 217, 234, 97, 153, 249, 143, 250,
	2, 37, 9, 58, 98, 221, 78, 172, 52, 191, 231, 144, 86, 51, 197, 2, 60, 245, 23, 234, 220, 105, 249, 78, 209, 140, 99,
	9, 8, 107, 131, 96, 94, 95, 107, 75, 133, 239, 153, 47, 66, 54, 213, 142, 193, 35, 24, 94, 134, 151, 95, 171, 216, 134,
	6, 53, 151, 48, 195, 160, 167, 170, 210, 175, 207, 67, 105, 105, 188, 202, 28, 56, 174, 149, 119, 0, 130, 135, 89, 223,
	203, 82, 38, 172, 59, 51, 84, 17, 182, 38, 210, 99, 143, 159, 167, 123, 130, 238, 144, 61, 121, 96, 152, 116, 40, 169,
	87, 206, 141, 130, 234, 233, 193, 41, 207, 71, 223, 129, 149, 9, 82, 193, 130, 136, 232, 88, 6, 163, 118, 62, 5, 160,
	11, 234, 128, 103, 60, 135, 240, 241, 32, 199, 204, 228, 210, 218, 32, 135, 1, 179, 137, 225, 222, 162, 143, 12, 239,
	118, 193, 122, 62, 208, 220, 105, 108, 238, 224, 78, 107, 98, 196, 124, 77, 89, 148, 27, 251, 45, 70, 242, 55, 14, 231,
	158, 113, 146, 158, 172, 243, 236, 120, 2, 116, 2, 88, 91, 127, 25, 75, 82, 68, 84, 233, 237, 107, 221, 221, 90, 98,
	36, 242, 203, 205, 127, 194, 181, 79, 140, 82, 255, 194, 11, 163, 98, 211, 8, 107, 228, 219, 244, 192, 110, 32, 117,
	73, 35, 186, 38, 3, 197, 106, 109, 80, 228, 66, 199, 32, 45, 120, 87, 219, 176, 3, 106, 3, 62, 104, 217, 112, 165, 94,
	20, 202, 122, 231, 188, 196, 211, 11, 179, 57, 97, 66, 15, 181, 32, 229, 84, 147, 224, 121, 126, 42, 92, 170, 233, 228,
	17, 238, 133, 164, 185, 195, 250, 120, 186, 249, 121, 28, 164, 107, 215, 237, 230, 96, 101, 47, 52, 127, 109, 219, 25,
	88, 22, 34, 15, 149, 164, 229, 175, 19, 106, 251, 136, 30, 156, 238, 213, 234, 95, 16, 17, 142, 138, 54, 160, 32, 77,
	42, 122, 173, 152, 229, 166, 183, 176, 54, 221, 213, 98, 16, 80, 201, 175, 99, 111, 240, 15, 83, 143, 152, 82, 203,
	106, 157, 166, 100, 114, 230, 94, 0, 65, 7, 149, 76, 225, 106, 144, 217, 108, 88, 91, 33, 253, 38, 39, 46, 243, 45, 41,
	69, 123, 170, 124, 246, 123, 151, 48, 133, 170, 196, 53, 104, 241, 153, 183, 164, 247, 161, 63, 206, 193, 148, 54, 62,
	27, 213, 179, 0, 84, 114, 253, 154, 18, 249, 155, 63, 89, 55, 124, 54, 216, 58, 225, 96, 247, 47, 149, 198, 87, 197,
	120, 63, 222, 227, 189, 119, 157, 129, 201, 84, 154, 207, 14, 234, 71, 198, 60, 229, 197, 79, 114, 37, 201, 247, 193,
	161, 81, 85, 4, 128, 174, 3, 252, 90, 79, 40, 35, 221, 49, 158, 187, 81, 125, 190, 251, 44, 243, 199, 7, 92, 233, 72,
	103, 28, 168, 162, 110, 189, 43, 205, 15, 158, 154, 151, 26, 22, 105, 29, 146, 96, 10, 4, 32, 254, 25, 104, 28, 54,
	146, 220, 45, 104, 207, 114, 51, 90, 134, 96, 242, 221, 243, 245, 244, 244, 148, 82, 58, 147, 168, 125, 254, 165, 62,
	239, 109, 19, 181, 107, 247, 12, 46, 126, 125, 91, 131, 222, 109, 111, 76, 209, 4, 226, 105, 107, 40, 23, 49, 248, 173,
	223, 159, 128, 172, 103, 104, 176, 249, 3, 158, 120, 208, 13, 246, 236, 19, 19, 36, 101, 7, 107, 6, 77, 11, 124, 58,
	44, 18, 78, 18, 19, 83, 221, 164, 251, 212, 57, 130, 233, 182, 228, 43, 120, 184, 29, 97, 4, 70, 237, 100, 101, 102,
	110, 171, 171, 154, 173, 187, 172, 137, 11, 188, 134, 209, 154, 130, 7, 120, 71, 117, 110, 110, 5, 10, 246, 54, 138,
	189, 251, 50, 61, 208, 231, 172, 127, 32, 151, 18, 185, 156, 230, 117, 122, 90, 133, 163, 67, 81, 2, 214, 236, 59, 202,
	74, 208, 148, 167, 38, 144, 8, 214, 83, 24, 13, 154, 154, 148, 13, 123, 3, 180, 251, 28, 13, 101, 221, 211, 176, 148,
	25, 52, 9, 151, 151, 243, 85, 155, 209, 137, 102, 187, 100, 86, 78, 209, 253, 29, 202, 50, 231, 44, 190, 68, 254, 137,
	191, 102, 234, 106, 62, 66, 185, 107, 243, 19, 18, 172, 1, 29, 95, 35, 164, 12, 75, 111, 241, 137, 211, 0, 240, 90,
	115, 193, 230, 90, 190, 212, 180, 204, 192, 188, 45, 204, 226, 196, 167, 226, 90, 51, 158, 117, 55, 46, 48, 117, 193,
	131, 76, 36, 132, 138, 227, 20, 165, 66, 146, 60, 85, 44, 186, 22, 101, 14, 27, 112, 126, 160, 12, 114, 118, 168, 14,
	86, 17, 209, 121, 177, 192, 75, 154, 204, 198, 100, 245, 24, 91, 249, 18, 50, 230, 126, 203, 83, 147, 105, 4, 183, 0,
	145, 197, 119, 217, 90, 103, 85, 107, 219, 226, 21, 147, 57, 141, 23, 20, 230, 90, 68, 86, 165, 89, 231, 210, 184, 60,
	162, 178, 151, 147, 23, 252, 140, 179, 245, 68, 153, 47, 32, 83, 253, 84, 171, 114, 80, 172, 184, 56, 71, 149, 142, 23,
	120, 197, 240, 107, 22, 67, 48, 223, 187, 20, 104, 105, 222, 250, 30, 222, 25, 243, 4, 239, 124, 15, 21, 67, 7, 211,
	151, 222, 74, 17, 183, 50, 214, 11, 146, 160, 21, 82, 170, 201, 93, 184, 234, 229, 6, 140, 183, 139, 37, 228, 190, 204,
	47, 123, 128, 159, 179, 118, 26, 155, 147, 16, 153, 99, 32, 81, 103, 226, 48, 21, 60, 34, 70, 134, 74, 212, 145, 208,
	8, 35, 228, 224, 198, 170, 227, 69, 51, 119, 9, 233, 43, 170, 15, 184, 214, 51, 155, 164, 35, 69, 107, 55, 58, 3, 80,
	52, 43, 6, 40, 178, 101, 85, 107, 120, 103, 248, 181, 27, 39, 38, 215, 140, 147, 40, 222, 17, 171, 4, 135, 246, 6, 62,
	233, 172, 214, 46, 157, 128, 178, 193, 250, 167, 132, 225, 253, 168, 81, 75, 228, 181, 15, 83, 215, 237, 255, 84, 100,
	83, 127, 211, 129, 226, 187, 9, 198, 139, 164, 207, 113, 45, 73, 255, 218, 252, 26, 127, 210, 169, 210, 77, 53, 191,
	60, 110, 0, 248, 146, 82, 154, 127, 102, 184, 59, 96, 45, 216, 229, 15, 39, 215, 95, 170, 241, 121, 14, 137, 211, 36,
	19, 68, 51, 167, 34, 110, 238, 239, 78, 69, 189, 77, 49, 227, 245, 249, 64, 61, 198, 12, 129, 47, 199, 162, 126, 95,
	248, 103, 173, 255, 89, 227, 192, 31, 183, 254, 79, 164, 209, 43, 241, 62, 223, 175, 34, 32, 57, 79, 125, 74, 102, 80,
	166, 230, 131, 11, 51, 29, 104, 41, 7, 175, 27, 236, 234, 84, 58, 131, 24, 228, 6, 223, 103, 46, 156, 59, 57, 11, 227,
	97, 109, 208, 212, 227, 252, 104, 176, 238, 57, 212, 160, 112, 44, 46, 35, 11, 231, 229, 180, 45, 151, 244, 33, 8, 192,
	240, 56, 208, 105, 179, 140, 2, 142, 164, 167, 88, 12, 3, 244, 44, 73, 189, 57, 205, 85, 52, 123, 136, 118, 85, 168,
	148, 206, 92, 172, 80, 100, 150, 14, 34, 157, 120, 89, 35, 249, 24, 109, 156, 220, 181, 59, 147, 34, 197, 105, 196, 18,
	51, 241, 209, 221, 246, 96, 96, 28, 5, 163, 21, 57, 249, 57, 91, 27, 233, 174, 73, 9, 157, 130, 195, 40, 156, 14, 94,
	146, 95, 48, 82, 204, 58, 102, 87, 101, 141, 193, 122, 250, 80, 41, 78, 103, 165, 80, 4, 93, 42, 67, 39, 175, 167, 18,
	124, 69, 13, 24, 61, 141, 135, 183, 210, 130, 205, 0, 160, 152, 237, 83, 187, 223, 19, 237, 28, 231, 26, 199, 48, 173,
	131, 117, 150, 75, 202, 122, 143, 110, 43, 58, 42, 101, 147, 148, 226, 52, 115, 249, 186, 72, 157, 104, 160, 179, 86,
	215, 100, 199, 174, 220, 21, 185, 187, 11, 202, 234, 138, 49, 183, 189, 114, 34, 80, 4, 32, 15, 53, 225, 109, 101, 9,
	246, 175, 253, 86, 202, 66, 35, 11, 146, 99, 157, 239, 200, 115, 221, 71, 16, 255, 166, 72, 104, 245, 176, 76, 254,
	192, 28, 251, 238, 67, 1, 190, 167, 60, 198, 254, 239, 181, 142, 78, 171, 13, 49, 214, 86, 116, 123, 61, 196, 200, 27,
	43, 89, 160, 9, 106, 232, 180, 182, 250, 163, 48, 225, 193, 199, 200, 19, 152, 111, 146, 82, 222, 241, 147, 112, 79,
	176, 150, 168, 139, 155, 185, 217, 106, 53, 66, 187, 164, 227, 4, 24, 164, 78, 74, 148, 229, 116, 152, 138, 132, 97,
	89, 134, 29, 190, 12, 62, 158, 113, 9, 188, 240, 57, 10, 210, 236, 150, 198, 190, 218, 26, 56, 96, 241, 232, 173, 5,
	23, 135, 120, 93, 237, 10, 13, 42, 87, 74, 202, 184, 102, 92, 55, 62, 95, 68, 73, 165, 187, 126, 97, 68, 76, 211, 185,
	218, 133, 59, 129, 194, 162, 24, 204, 5, 28, 95, 148, 104, 13, 80, 52, 123, 157, 184, 42, 204, 142, 37, 172, 47, 1, 8,
	188, 96, 134, 245, 240, 215, 189, 28, 36, 232, 108, 142, 52, 157, 76, 65, 132, 200, 118, 248, 136, 95, 70, 18, 138,
	186, 114, 18, 198, 1, 244, 210, 71, 243, 196, 148, 227, 254, 9, 148, 75, 155, 26, 79, 54, 43, 80, 76, 8, 242, 61, 77,
	116, 130, 249, 114, 196, 122, 2, 22, 202, 46, 25, 52, 156, 241, 112, 60, 189, 46, 164, 180, 203, 154, 8, 166, 76, 20,
	232, 169, 53, 197, 167, 37, 174, 180, 181, 56, 183, 135, 186, 95, 237, 103, 123, 177, 26, 40, 177, 171, 115, 191, 174,
	61, 171, 171, 143, 38, 10, 32, 164, 175, 203, 60, 189, 95, 181, 29, 176, 187, 204, 13, 136, 75, 154, 228, 84, 33, 42,
	152, 27, 6, 46, 67, 50, 181, 70, 204, 151, 213, 171, 48, 201, 228, 76, 255, 14, 202, 204, 159, 225, 150, 150, 78, 74,
	23, 87, 31, 228, 16, 182, 219, 199, 191, 210, 117, 56, 142, 159, 89, 242, 255, 227, 131, 251, 127, 255, 207, 41, 108,
	255, 227, 255, 25, 255, 227, 255, 158, 150, 255, 248, 191, 218, 127, 236, 1, 190, 255, 80, 252, 144, 123, 111, 248,
	229, 251, 33, 38, 222, 114, 216, 17, 59, 72, 199, 207, 226, 65, 175, 7, 214, 137, 124, 251, 83, 80, 77, 116, 237, 47,
	206, 157, 207, 144, 31, 181, 30, 182, 68, 235, 86, 254, 157, 170, 99, 196, 248, 241, 72, 144, 202, 176, 88, 157, 176,
	175, 197, 135, 199, 204, 130, 3, 240, 48, 36, 14, 40, 115, 190, 217, 17, 179, 203, 115, 243, 122, 237, 247, 245, 2,
	129, 64, 50, 234, 121, 212, 214, 67, 232, 113, 213, 122, 213, 6, 145, 206, 127, 241, 132, 147, 183, 177, 241, 254, 223,
	221, 229, 183, 107, 138, 81, 191, 185, 152, 70, 187, 113, 65, 155, 39, 202, 112, 163, 40, 224, 125, 94, 40, 181, 200,
	206, 128, 95, 121, 140, 168, 95, 83, 229, 171, 204, 28, 61, 51, 249, 161, 213, 47, 141, 126, 247, 39, 31, 118, 212,
	251, 12, 170, 179, 234, 140, 248, 250, 146, 54, 146, 189, 237, 168, 119, 230, 222, 215, 194, 146, 166, 250, 253, 247,
	142, 48, 139, 115, 126, 112, 78, 196, 135, 33, 40, 65, 1, 207, 173, 193, 93, 3, 127, 60, 175, 202, 144, 47, 29, 8, 238,
	166, 26, 193, 199, 240, 216, 169, 73, 14, 51, 80, 219, 73, 232, 155, 25, 168, 212, 102, 30, 141, 250, 37, 198, 15, 108,
	21, 34, 166, 243, 48, 44, 132, 235, 60, 80, 245, 61, 220, 222, 163, 249, 189, 207, 24, 136, 10, 202, 62, 230, 8, 254,
	60, 17, 182, 85, 47, 205, 38, 247, 111, 46, 18, 229, 135, 201, 55, 238, 210, 123, 152, 153, 204, 106, 163, 127, 63, 52,
	9, 155, 44, 17, 111, 244, 34, 27, 113, 213, 253, 75, 163, 192, 143, 173, 254, 51, 129, 201, 23, 109, 166, 241, 21, 83,
	34, 211, 102, 186, 135, 93, 214, 24, 53, 3, 111, 63, 144, 80, 238, 115, 64, 252, 127, 220, 189, 199, 178, 163, 104,
	211, 53, 58, 231, 42, 190, 57, 241, 7, 78, 128, 24, 156, 1, 222, 131, 240, 18, 51, 188, 17, 70, 194, 195, 213, 31, 118,
	185, 174, 170, 174, 106, 243, 126, 239, 31, 39, 226, 244, 164, 58, 208, 222, 155, 7, 4, 43, 215, 122, 50, 115, 101,
	243, 188, 48, 111, 53, 191, 246, 235, 222, 223, 106, 89, 151, 106, 138, 27, 220, 70, 184, 70, 185, 48, 77, 203, 193,
	220, 74, 54, 71, 187, 141, 82, 22, 61, 10, 217, 147, 35, 112, 144, 15, 89, 23, 11, 123, 32, 162, 150, 189, 253, 21,
	128, 164, 215, 227, 120, 16, 49, 153, 24, 98, 44, 219, 235, 61, 29, 14, 58, 164, 107, 136, 191, 172, 239, 59, 89, 42,
	232, 173, 35, 3, 235, 218, 107, 181, 162, 163, 55, 80, 120, 113, 208, 9, 205, 20, 66, 156, 82, 88, 177, 57, 150, 140,
	253, 32, 138, 50, 127, 162, 159, 128, 132, 49, 248, 64, 141, 184, 79, 35, 77, 154, 62, 253, 147, 106, 50, 3, 66, 142,
	84, 143, 109, 16, 129, 60, 161, 138, 141, 16, 228, 24, 160, 247, 35, 103, 69, 167, 174, 176, 208, 31, 236, 11, 169,
	138, 244, 92, 238, 247, 254, 253, 190, 230, 91, 107, 139, 178, 150, 174, 64, 126, 28, 153, 99, 204, 129, 71, 38, 120,
	10, 90, 209, 101, 76, 130, 82, 138, 238, 193, 14, 146, 162, 29, 8, 160, 216, 10, 84, 216, 118, 239, 92, 134, 95, 68,
	139, 190, 138, 219, 53, 190, 60, 40, 95, 218, 80, 70, 153, 6, 208, 99, 82, 154, 115, 37, 237, 213, 32, 64, 151, 5, 50,
	77, 188, 12, 144, 190, 57, 86, 23, 211, 226, 71, 98, 82, 173, 180, 30, 246, 86, 235, 160, 157, 239, 141, 4, 88, 142,
	22, 63, 98, 195, 73, 231, 249, 95, 25, 15, 0, 76, 253, 227, 222, 221, 113, 123, 117, 79, 136, 69, 103, 131, 109, 86,
	134, 60, 60, 8, 213, 61, 10, 228, 16, 252, 79, 198, 104, 218, 183, 66, 61, 117, 130, 200, 114, 13, 128, 119, 184, 94,
	61, 139, 45, 86, 134, 151, 153, 40, 11, 241, 246, 202, 84, 194, 249, 220, 44, 34, 46, 170, 136, 58, 228, 4, 99, 177,
	166, 167, 65, 19, 146, 179, 215, 222, 65, 229, 231, 41, 112, 53, 42, 144, 54, 73, 36, 46, 15, 183, 30, 138, 252, 85,
	245, 238, 20, 1, 143, 201, 244, 194, 196, 45, 241, 22, 101, 65, 246, 218, 36, 154, 92, 42, 163, 176, 123, 54, 168, 107,
	186, 201, 63, 117, 35, 170, 201, 225, 70, 169, 105, 243, 202, 230, 7, 156, 143, 194, 248, 12, 17, 193, 49, 222, 241,
	197, 175, 117, 153, 91, 145, 240, 146, 171, 246, 193, 2, 241, 185, 216, 192, 71, 173, 224, 152, 123, 206, 229, 110, 11,
	134, 64, 199, 34, 166, 5, 137, 41, 118, 123, 41, 94, 75, 83, 122, 113, 95, 106, 216, 12, 190, 108, 191, 238, 83, 199,
	47, 33, 49, 155, 115, 83, 185, 30, 168, 48, 107, 117, 188, 12, 1, 174, 230, 93, 4, 24, 39, 224, 57, 161, 197, 149, 188,
	219, 45, 176, 190, 29, 88, 160, 41, 169, 4, 191, 90, 23, 121, 46, 209, 192, 100, 35, 69, 68, 158, 102, 180, 90, 116,
	62, 128, 185, 209, 207, 232, 189, 22, 47, 234, 50, 101, 84, 39, 229, 54, 27, 101, 155, 249, 48, 158, 177, 53, 3, 105,
	24, 208, 94, 240, 210, 116, 53, 90, 31, 111, 209, 189, 134, 203, 227, 24, 237, 58, 117, 169, 208, 38, 255, 186, 82, 79,
	175, 146, 161, 31, 179, 228, 127, 178, 255, 227, 28, 85, 209, 245, 127, 248, 228, 194, 48, 245, 191, 173, 31, 97, 63,
	90, 168, 150, 239, 90, 168, 116, 5, 180, 86, 219, 180, 143, 107, 248, 155, 24, 192, 254, 42, 6, 0, 95, 119, 248, 255,
	20, 3, 190, 184, 188, 127, 138, 1, 30, 242, 122, 96, 202, 242, 81, 219, 244, 117, 235, 235, 187, 82, 16, 93, 122, 126,
	254, 28, 248, 244, 3, 162, 55, 121, 216, 235, 99, 91, 119, 249, 201, 99, 119, 53, 191, 152, 185, 127, 183, 58, 133,
	182, 31, 86, 20, 224, 109, 12, 51, 141, 118, 55, 136, 143, 198, 137, 120, 199, 123, 32, 253, 194, 168, 205, 79, 69,
	215, 31, 229, 128, 250, 170, 187, 229, 119, 117, 35, 244, 183, 99, 191, 187, 188, 175, 87, 7, 252, 55, 46, 239, 235,
	213, 1, 255, 141, 203, 75, 191, 48, 118, 224, 31, 81, 118, 179, 187, 212, 144, 81, 15, 233, 91, 68, 213, 188, 176, 150,
	229, 246, 76, 137, 86, 89, 170, 240, 21, 24, 235, 16, 206, 243, 94, 27, 52, 144, 7, 104, 16, 191, 121, 211, 54, 201,
	146, 199, 81, 207, 106, 212, 104, 185, 7, 66, 202, 238, 61, 87, 162, 238, 84, 86, 88, 125, 254, 255, 1, 77, 73, 18,
	119, 17, 121, 35, 251, 188, 135, 158, 218, 134, 238, 111, 41, 144, 80, 45, 43, 113, 119, 185, 181, 222, 75, 60, 137,
	179, 30, 230, 9, 91, 242, 229, 238, 199, 222, 0, 163, 122, 214, 184, 174, 62, 151, 110, 67, 167, 247, 139, 151, 203,
	180, 211, 10, 156, 100, 5, 217, 165, 151, 153, 210, 87, 195, 209, 45, 79, 77, 105, 93, 36, 34, 105, 9, 29, 204, 193,
	85, 240, 122, 141, 86, 105, 224, 181, 117, 72, 55, 109, 254, 25, 130, 239, 217, 154, 202, 16, 222, 145, 198, 165, 127,
	110, 66, 167, 123, 12, 83, 215, 239, 247, 75, 28, 88, 94, 236, 99, 252, 78, 206, 155, 39, 18, 79, 216, 26, 116, 228,
	46, 128, 231, 95, 139, 243, 155, 239, 198, 149, 146, 239, 251, 210, 2, 136, 180, 165, 195, 20, 179, 219, 243, 104, 24,
	75, 10, 73, 63, 191, 174, 142, 129, 67, 183, 65, 86, 100, 211, 191, 146, 254, 219, 179, 36, 43, 165, 226, 23, 255, 150,
	112, 177, 191, 145, 69, 57, 227, 163, 146, 195, 105, 241, 56, 44, 184, 45, 160, 117, 70, 192, 193, 99, 129, 175, 21,
	220, 5, 199, 128, 191, 51, 163, 253, 117, 58, 226, 251, 180, 169, 171, 113, 215, 56, 7, 172, 231, 77, 191, 37, 51, 226,
	176, 102, 41, 118, 239, 86, 29, 70, 56, 226, 126, 246, 127, 249, 252, 195, 191, 249, 217, 248, 115, 140, 224, 121, 64,
	224, 104, 167, 176, 153, 87, 220, 134, 139, 117, 62, 120, 201, 151, 231, 78, 107, 75, 228, 87, 47, 249, 231, 114, 65,
	78, 129, 45, 60, 211, 166, 187, 62, 98, 43, 184, 67, 43, 5, 173, 112, 15, 52, 161, 206, 239, 26, 20, 29, 247, 246, 98,
	225, 220, 250, 210, 200, 229, 58, 95, 203, 86, 59, 60, 68, 128, 69, 106, 198, 89, 146, 99, 62, 250, 134, 95, 251, 34,
	46, 213, 210, 67, 44, 102, 188, 111, 115, 63, 91, 210, 37, 31, 78, 98, 147, 101, 227, 204, 114, 249, 29, 144, 33, 83,
	239, 200, 75, 58, 102, 226, 51, 77, 231, 226, 210, 88, 222, 24, 247, 137, 26, 89, 15, 170, 84, 137, 190, 180, 188, 203,
	193, 35, 59, 207, 65, 19, 72, 11, 105, 147, 51, 146, 208, 237, 160, 6, 61, 73, 199, 175, 238, 178, 187, 230, 221, 37,
	31, 73, 18, 7, 166, 157, 183, 143, 243, 70, 251, 29, 219, 241, 138, 156, 137, 135, 195, 72, 111, 52, 17, 71, 157, 191,
	153, 48, 251, 72, 31, 25, 179, 24, 185, 217, 231, 187, 10, 9, 66, 9, 122, 212, 96, 72, 146, 127, 113, 168, 136, 32, 19,
	244, 214, 162, 34, 170, 172, 236, 1, 163, 192, 238, 105, 187, 62, 165, 196, 35, 139, 29, 244, 192, 110, 187, 218, 41,
	45, 117, 196, 1, 239, 222, 227, 163, 90, 114, 172, 118, 123, 2, 142, 210, 115, 181, 171, 27, 94, 235, 13, 159, 36, 221,
	64, 236, 247, 5, 97, 162, 24, 189, 115, 112, 73, 54, 241, 186, 63, 228, 10, 208, 238, 47, 239, 141, 113, 92, 238, 40,
	77, 209, 177, 127, 89, 47, 248, 185, 36, 251, 83, 143, 236, 87, 160, 255, 63, 255, 99, 99, 255, 177, 73, 204, 253, 195,
	36, 230, 249, 205, 36, 70, 99, 232, 79, 255, 49, 178, 95, 186, 172, 42, 255, 42, 224, 175, 46, 247, 93, 57, 246, 166,
	223, 109, 116, 91, 128, 71, 43, 140, 95, 26, 95, 255, 240, 18, 101, 225, 194, 171, 245, 141, 63, 104, 251, 107, 79, 10,
	251, 252, 226, 156, 34, 124, 106, 77, 253, 238, 51, 253, 219, 103, 192, 151, 15, 191, 144, 237, 231, 170, 31, 252, 229,
	171, 9, 204, 151, 26, 237, 31, 143, 213, 140, 254, 225, 46, 243, 197, 92, 70, 227, 183, 244, 75, 105, 245, 230, 2, 159,
	26, 100, 191, 195, 80, 205, 97, 156, 243, 151, 221, 143, 68, 223, 151, 194, 12, 245, 227, 18, 190, 93, 65, 253, 199,
	103, 39, 246, 255, 240, 25, 16, 215, 255, 198, 73, 96, 109, 210, 23, 131, 51, 93, 81, 9, 203, 157, 46, 200, 136, 223,
	171, 42, 131, 44, 31, 229, 147, 96, 2, 42, 73, 187, 218, 133, 194, 109, 164, 170, 118, 150, 157, 43, 250, 56, 59, 160,
	80, 20, 207, 184, 244, 222, 163, 94, 120, 233, 26, 27, 200, 19, 206, 22, 68, 83, 245, 91, 81, 195, 186, 74, 16, 119,
	132, 124, 120, 101, 201, 224, 243, 49, 186, 133, 148, 233, 172, 41, 40, 0, 220, 190, 42, 109, 163, 50, 240, 21, 246,
	216, 229, 217, 53, 110, 149, 51, 167, 86, 221, 147, 177, 13, 44, 228, 192, 6, 78, 38, 156, 135, 89, 108, 119, 145, 68,
	102, 13, 46, 236, 98, 127, 182, 173, 122, 11, 95, 38, 20, 107, 59, 91, 217, 120, 136, 170, 15, 63, 193, 128, 65, 178,
	60, 76, 114, 11, 115, 198, 119, 109, 39, 18, 144, 98, 201, 5, 242, 40, 218, 60, 17, 9, 172, 88, 149, 192, 221, 87, 221,
	7, 201, 229, 72, 45, 235, 82, 152, 35, 123, 178, 86, 233, 53, 62, 65, 235, 164, 214, 5, 225, 231, 218, 124, 138, 255,
	72, 172, 27, 192, 100, 195, 34, 141, 213, 60, 133, 64, 91, 48, 193, 89, 230, 187, 235, 224, 209, 190, 99, 240, 236, 71,
	147, 251, 125, 168, 238, 36, 129, 96, 19, 234, 68, 217, 64, 229, 171, 125, 91, 90, 84, 35, 185, 224, 40, 124, 241, 25,
	188, 173, 91, 20, 207, 45, 247, 196, 4, 20, 216, 218, 86, 40, 202, 228, 199, 45, 144, 95, 225, 230, 111, 48, 246, 251,
	29, 16, 64, 144, 161, 213, 193, 192, 94, 123, 122, 207, 225, 137, 88, 96, 107, 70, 21, 69, 86, 152, 61, 95, 127, 15,
	125, 140, 102, 25, 11, 237, 169, 3, 184, 211, 199, 66, 225, 161, 103, 123, 45, 9, 52, 5, 173, 88, 209, 126, 62, 150,
	145, 168, 210, 201, 177, 183, 75, 155, 106, 45, 65, 159, 84, 250, 69, 15, 46, 149, 75, 27, 119, 121, 67, 9, 154, 170,
	197, 53, 229, 51, 172, 46, 6, 20, 31, 227, 85, 127, 213, 181, 142, 219, 137, 105, 226, 90, 115, 143, 213, 225, 10, 240,
	175, 120, 244, 174, 143, 9, 103, 237, 113, 14, 237, 26, 164, 54, 55, 18, 211, 224, 214, 155, 151, 227, 240, 202, 245,
	218, 244, 208, 72, 70, 107, 99, 190, 15, 229, 252, 62, 114, 38, 181, 251, 221, 199, 238, 175, 135, 202, 244, 139, 148,
	146, 6, 205, 165, 76, 13, 34, 60, 16, 167, 169, 171, 42, 41, 120, 69, 19, 94, 42, 239, 247, 234, 21, 157, 228, 16, 215,
	21, 194, 214, 69, 204, 56, 210, 197, 186, 183, 137, 156, 103, 5, 89, 107, 86, 53, 177, 229, 58, 66, 199, 62, 248, 214,
	229, 246, 188, 95, 80, 226, 106, 220, 157, 152, 44, 181, 10, 185, 2, 15, 121, 225, 44, 159, 119, 101, 28, 51, 169, 67,
	25, 26, 90, 236, 219, 44, 25, 245, 237, 74, 152, 251, 221, 41, 159, 156, 105, 238, 187, 152, 233, 77, 169, 109, 14, 65,
	78, 147, 31, 83, 32, 79, 22, 158, 226, 198, 112, 143, 74, 154, 9, 163, 138, 117, 82, 219, 1, 120, 190, 50, 78, 79, 219,
	99, 74, 94, 82, 192, 81, 249, 95, 65, 159, 124, 100, 221, 43, 251, 152, 78, 5, 252, 139, 236, 237, 245, 131, 1, 81,
	237, 31, 62, 44, 26, 139, 5, 101, 40, 223, 73, 168, 220, 161, 64, 67, 182, 174, 205, 255, 148, 189, 29, 5, 154, 163,
	47, 63, 103, 111, 5, 239, 224, 61, 157, 145, 191, 102, 111, 53, 199, 127, 9, 110, 195, 8, 178, 160, 159, 79, 251, 15,
	96, 166, 179, 207, 134, 8, 3, 124, 13, 157, 79, 141, 80, 95, 176, 44, 249, 216, 56, 56, 128, 15, 70, 105, 114, 95, 26,
	78, 142, 207, 7, 117, 174, 248, 24, 144, 130, 4, 245, 143, 103, 254, 187, 19, 3, 127, 119, 230, 191, 178, 115, 254,
	201, 205, 249, 132, 17, 108, 80, 185, 141, 24, 95, 151, 184, 23, 90, 255, 61, 38, 242, 41, 215, 149, 173, 73, 59, 144,
	23, 22, 125, 0, 179, 38, 179, 196, 91, 149, 220, 212, 107, 227, 111, 20, 150, 129, 41, 238, 30, 201, 219, 26, 109, 163,
	202, 158, 175, 209, 51, 223, 82, 167, 40, 180, 10, 176, 77, 100, 110, 105, 209, 54, 166, 20, 58, 38, 63, 221, 166, 94,
	77, 38, 180, 110, 237, 123, 84, 68, 170, 68, 73, 211, 172, 116, 153, 18, 168, 88, 64, 172, 251, 110, 221, 95, 71, 220,
	98, 113, 214, 149, 12, 97, 85, 39, 80, 16, 146, 214, 62, 236, 7, 186, 121, 0, 120, 236, 105, 50, 178, 87, 109, 129,
	216, 137, 130, 141, 116, 214, 9, 4, 202, 224, 72, 35, 42, 42, 51, 153, 120, 20, 196, 24, 65, 141, 11, 143, 137, 190,
	16, 40, 226, 25, 121, 216, 65, 184, 207, 145, 169, 182, 250, 109, 52, 15, 87, 104, 60, 225, 149, 119, 119, 22, 184,
	177, 156, 240, 136, 95, 182, 77, 208, 197, 83, 49, 203, 39, 191, 28, 110, 183, 11, 182, 239, 68, 176, 229, 181, 86,
	204, 34, 174, 13, 31, 203, 104, 113, 59, 235, 95, 215, 59, 23, 155, 144, 165, 104, 190, 213, 57, 234, 186, 92, 18, 103,
	188, 141, 181, 246, 124, 158, 17, 198, 116, 147, 154, 52, 116, 6, 204, 104, 197, 230, 17, 35, 212, 185, 146, 243, 223,
	146, 60, 236, 147, 72, 220, 64, 101, 240, 252, 43, 145, 95, 75, 166, 123, 145, 170, 40, 79, 188, 253, 42, 229, 219, 81,
	165, 2, 204, 188, 59, 157, 165, 98, 22, 171, 50, 193, 99, 99, 21, 16, 200, 90, 201, 250, 52, 208, 152, 158, 145, 218,
	29, 228, 137, 147, 160, 106, 222, 147, 114, 43, 187, 79, 67, 13, 93, 68, 18, 158, 112, 105, 202, 197, 107, 145, 135,
	97, 116, 189, 134, 30, 216, 26, 66, 50, 169, 59, 209, 44, 182, 233, 197, 86, 2, 149, 229, 59, 87, 1, 88, 124, 231, 11,
	191, 27, 76, 109, 68, 125, 127, 111, 158, 92, 80, 60, 154, 53, 112, 23, 174, 238, 151, 158, 19, 7, 107, 76, 98, 227,
	161, 25, 56, 201, 82, 99, 196, 129, 75, 38, 219, 87, 49, 93, 31, 220, 168, 119, 75, 155, 31, 244, 236, 93, 181, 178,
	170, 65, 0, 30, 186, 247, 133, 122, 55, 43, 156, 190, 248, 153, 139, 175, 183, 71, 88, 129, 8, 153, 24, 9, 139, 204,
	168, 36, 178, 197, 200, 176, 182, 158, 130, 182, 92, 149, 131, 104, 226, 131, 199, 93, 7, 34, 77, 101, 198, 18, 222,
	70, 22, 131, 218, 1, 47, 183, 119, 249, 49, 122, 35, 115, 38, 87, 238, 65, 1, 151, 188, 49, 208, 154, 98, 14, 104, 70,
	181, 184, 188, 71, 33, 180, 3, 43, 14, 79, 111, 156, 161, 27, 32, 149, 219, 248, 93, 1, 37, 189, 196, 32, 100, 142, 56,
	50, 155, 25, 47, 110, 174, 81, 17, 144, 124, 246, 20, 86, 153, 3, 62, 23, 101, 75, 168, 46, 75, 199, 41, 210, 214, 175,
	220, 182, 136, 138, 181, 136, 2, 134, 67, 155, 57, 108, 41, 58, 186, 191, 154, 184, 251, 152, 155, 97, 44, 113, 228,
	48, 79, 151, 61, 53, 129, 32, 233, 188, 247, 245, 213, 2, 129, 159, 94, 234, 15, 190, 192, 57, 222, 163, 176, 220, 147,
	13, 28, 58, 166, 215, 143, 85, 243, 21, 35, 188, 43, 181, 214, 132, 175, 244, 163, 126, 33, 224, 39, 27, 21, 62, 26, 4,
	94, 89, 197, 120, 39, 49, 65, 12, 135, 17, 1, 163, 150, 11, 239, 40, 54, 235, 96, 152, 207, 239, 231, 83, 55, 159, 2,
	26, 138, 124, 17, 138, 254, 40, 243, 72, 19, 138, 13, 124, 254, 177, 15, 227, 165, 38, 222, 25, 225, 227, 15, 62, 218,
	230, 25, 6, 39, 207, 114, 173, 115, 1, 39, 203, 57, 79, 14, 232, 44, 19, 124, 114, 0, 104, 79, 104, 245, 210, 242, 163,
	244, 52, 186, 247, 127, 155, 2, 248, 222, 244, 224, 107, 252, 3, 62, 39, 158, 225, 36, 180, 136, 254, 90, 249, 228,
	164, 72, 55, 92, 19, 55, 124, 64, 252, 84, 92, 133, 223, 196, 191, 243, 143, 48, 151, 87, 177, 6, 206, 139, 210, 43,
	110, 160, 247, 149, 104, 0, 161, 67, 243, 217, 43, 115, 81, 190, 26, 143, 19, 116, 14, 187, 25, 6, 117, 241, 169, 151,
	64, 13, 157, 116, 220, 72, 221, 204, 228, 32, 110, 34, 171, 147, 189, 148, 117, 186, 77, 54, 23, 95, 200, 53, 93, 175,
	27, 225, 50, 40, 158, 139, 141, 49, 149, 199, 69, 4, 60, 249, 125, 120, 22, 55, 137, 244, 100, 230, 40, 160, 199, 152,
	191, 171, 231, 44, 20, 113, 132, 19, 209, 218, 190, 183, 170, 155, 35, 190, 233, 116, 249, 100, 174, 53, 31, 152, 254,
	4, 94, 237, 117, 198, 130, 85, 25, 114, 121, 91, 31, 138, 57, 199, 11, 190, 12, 215, 55, 80, 186, 16, 109, 169, 58, 17,
	228, 91, 232, 28, 107, 175, 24, 51, 44, 220, 131, 153, 123, 84, 132, 214, 221, 232, 197, 175, 36, 252, 100, 243, 4, 66,
	206, 82, 77, 87, 109, 50, 98, 112, 98, 149, 177, 44, 141, 75, 11, 183, 120, 121, 60, 173, 138, 205, 108, 146, 29, 129,
	2, 105, 86, 141, 187, 7, 195, 241, 128, 39, 29, 38, 65, 78, 237, 73, 208, 184, 84, 249, 108, 216, 206, 17, 117, 90, 9,
	90, 204, 86, 226, 7, 81, 61, 171, 77, 187, 142, 24, 209, 106, 143, 23, 4, 221, 246, 140, 120, 230, 218, 155, 117, 253,
	125, 201, 74, 235, 134, 3, 145, 155, 107, 93, 87, 190, 153, 216, 21, 244, 123, 165, 144, 210, 187, 43, 51, 17, 207,
	142, 35, 91, 74, 28, 47, 117, 34, 79, 104, 60, 92, 107, 111, 126, 178, 253, 134, 102, 182, 144, 61, 197, 167, 86, 154,
	177, 65, 227, 109, 6, 183, 67, 168, 228, 150, 61, 26, 56, 208, 221, 21, 235, 65, 68, 143, 96, 141, 40, 71, 196, 30,
	230, 195, 88, 9, 238, 190, 50, 169, 248, 94, 204, 91, 188, 211, 218, 59, 191, 161, 44, 58, 42, 177, 87, 7, 39, 155,
	122, 79, 115, 29, 184, 50, 145, 228, 142, 1, 35, 246, 171, 218, 121, 177, 126, 190, 92, 137, 61, 97, 187, 152, 197, 7,
	111, 237, 62, 131, 64, 230, 43, 18, 198, 139, 141, 128, 228, 226, 201, 197, 244, 200, 175, 144, 213, 233, 66, 195, 223,
	252, 186, 222, 76, 218, 237, 195, 151, 77, 137, 110, 151, 91, 247, 44, 96, 228, 74, 148, 160, 243, 64, 105, 84, 238,
	144, 134, 61, 96, 193, 213, 142, 130, 211, 161, 152, 153, 157, 35, 206, 115, 234, 105, 176, 139, 244, 171, 43, 105, 39,
	174, 58, 5, 162, 175, 23, 229, 148, 210, 204, 139, 168, 28, 163, 123, 117, 87, 130, 77, 184, 200, 109, 235, 37, 111,
	42, 169, 14, 226, 68, 71, 95, 60, 118, 189, 33, 33, 16, 12, 102, 184, 139, 205, 104, 237, 15, 198, 8, 140, 194, 127,
	156, 108, 163, 187, 63, 230, 231, 16, 250, 55, 104, 198, 122, 238, 161, 165, 252, 5, 241, 47, 19, 139, 151, 212, 173,
	61, 98, 136, 141, 206, 103, 226, 175, 235, 200, 196, 254, 127, 184, 40, 77, 247, 63, 13, 41, 253, 163, 146, 236, 175,
	188, 136, 254, 247, 254, 112, 31, 229, 27, 191, 224, 32, 44, 83, 28, 127, 110, 242, 231, 185, 207, 239, 246, 71, 73,
	58, 192, 192, 194, 126, 226, 218, 18, 183, 252, 119, 44, 32, 113, 217, 198, 168, 99, 204, 134, 19, 212, 46, 99, 209,
	219, 196, 154, 126, 124, 155, 51, 227, 165, 139, 45, 10, 207, 80, 122, 126, 110, 29, 252, 99, 112, 32, 191, 106, 235,
	87, 143, 184, 82, 58, 225, 136, 127, 4, 246, 51, 251, 117, 13, 87, 243, 67, 181, 217, 87, 115, 161, 207, 165, 194, 56,
	240, 73, 185, 185, 223, 124, 225, 62, 188, 226, 176, 207, 30, 6, 242, 97, 184, 79, 196, 244, 251, 181, 120, 232, 191,
	112, 238, 252, 214, 97, 37, 243, 107, 202, 156, 127, 156, 0, 226, 143, 34, 100, 91, 95, 121, 235, 107, 235, 213, 203,
	61, 151, 14, 167, 146, 241, 60, 101, 94, 243, 83, 251, 149, 20, 195, 118, 25, 138, 159, 186, 93, 150, 216, 249, 54,
	185, 241, 163, 92, 230, 219, 228, 198, 222, 70, 175, 197, 151, 251, 80, 252, 170, 160, 46, 116, 62, 151, 218, 127, 169,
	180, 255, 8, 5, 146, 254, 147, 2, 4, 254, 58, 11, 78, 109, 143, 162, 222, 192, 230, 9, 83, 219, 162, 136, 234, 13, 43,
	248, 230, 65, 56, 42, 199, 19, 177, 32, 243, 58, 99, 94, 220, 13, 239, 125, 165, 219, 243, 55, 64, 245, 86, 236, 190,
	89, 24, 197, 216, 199, 118, 200, 204, 104, 121, 32, 3, 147, 51, 117, 123, 221, 52, 228, 185, 202, 115, 54, 136, 126,
	56, 92, 122, 90, 130, 110, 122, 144, 62, 104, 220, 187, 47, 13, 232, 6, 104, 202, 19, 175, 250, 33, 187, 184, 246, 128,
	222, 150, 201, 1, 224, 91, 5, 171, 210, 127, 231, 212, 69, 91, 201, 71, 40, 208, 119, 149, 248, 48, 96, 84, 44, 210,
	238, 214, 157, 203, 117, 58, 172, 52, 185, 14, 154, 201, 232, 87, 91, 212, 114, 119, 44, 183, 98, 226, 106, 130, 238,
	15, 19, 166, 16, 145, 161, 46, 234, 109, 158, 82, 32, 215, 203, 43, 72, 210, 131, 71, 56, 206, 25, 157, 108, 197, 242,
	75, 241, 233, 48, 53, 187, 191, 44, 252, 81, 99, 196, 74, 20, 97, 111, 170, 137, 151, 188, 179, 38, 149, 134, 40, 235,
	106, 90, 53, 19, 114, 171, 100, 142, 116, 16, 76, 215, 231, 93, 120, 60, 245, 6, 48, 104, 37, 80, 86, 209, 158, 184,
	105, 85, 107, 106, 30, 179, 42, 169, 104, 129, 234, 40, 23, 71, 17, 99, 122, 40, 40, 164, 153, 233, 227, 77, 150, 185,
	189, 28, 230, 198, 140, 220, 141, 238, 6, 199, 21, 146, 200, 139, 142, 11, 255, 135, 2, 4, 254, 73, 22, 252, 87, 33,
	240, 83, 4, 228, 222, 81, 105, 37, 86, 184, 87, 40, 9, 69, 20, 192, 120, 194, 44, 235, 162, 135, 22, 80, 246, 123, 9,
	200, 134, 40, 130, 224, 72, 222, 222, 131, 32, 225, 30, 185, 0, 154, 235, 99, 75, 29, 180, 148, 101, 252, 22, 62, 50,
	152, 34, 162, 4, 88, 140, 250, 165, 81, 92, 28, 204, 228, 45, 149, 183, 99, 226, 74, 22, 45, 124, 18, 164, 21, 100,
	190, 161, 205, 152, 102, 51, 53, 229, 25, 127, 253, 200, 66, 19, 170, 61, 137, 119, 112, 72, 102, 117, 19, 135, 167,
	70, 119, 197, 173, 235, 59, 100, 120, 25, 56, 56, 0, 184, 65, 141, 227, 197, 187, 119, 46, 22, 42, 60, 133, 63, 221,
	123, 112, 95, 221, 161, 144, 205, 161, 45, 228, 105, 178, 185, 83, 87, 113, 18, 35, 25, 52, 121, 151, 155, 94, 109,
	115, 82, 33, 134, 136, 81, 67, 255, 26, 221, 248, 186, 87, 94, 26, 194, 67, 214, 195, 7, 140, 171, 24, 227, 156, 90,
	147, 110, 221, 163, 162, 123, 104, 210, 197, 131, 206, 24, 209, 93, 49, 136, 65, 139, 59, 186, 171, 150, 201, 34, 68,
	157, 10, 222, 53, 232, 234, 251, 113, 83, 179, 26, 33, 217, 249, 166, 230, 200, 21, 199, 179, 243, 10, 70, 31, 21, 185,
	155, 9, 104, 103, 24, 117, 85, 12, 27, 179, 220, 116, 137, 154, 111, 225, 151, 199, 140, 62, 148, 167, 158, 204, 129,
	114, 2, 117, 151, 251, 121, 77, 25, 53, 89, 193, 248, 212, 21, 142, 199, 208, 23, 58, 195, 39, 179, 111, 246, 238, 45,
	95, 102, 133, 95, 154, 3, 35, 202, 3, 249, 75, 91, 130, 41, 26, 242, 234, 124, 182, 254, 107, 48, 253, 247, 56, 141,
	125, 224, 244, 24, 252, 45, 78, 215, 255, 45, 156, 86, 92, 186, 254, 138, 211, 210, 167, 217, 28, 74, 27, 5, 254, 135,
	127, 155, 23, 6, 70, 31, 183, 212, 120, 162, 97, 250, 10, 239, 250, 183, 153, 171, 31, 121, 129, 175, 187, 104, 170,
	255, 195, 47, 253, 45, 110, 3, 63, 3, 247, 63, 195, 237, 235, 47, 113, 27, 248, 25, 184, 255, 22, 183, 29, 111, 149,
	191, 13, 46, 218, 220, 84, 20, 246, 115, 149, 77, 44, 90, 5, 224, 139, 126, 29, 137, 248, 18, 139, 84, 119, 94, 206,
	241, 53, 78, 157, 43, 89, 117, 250, 107, 152, 106, 126, 248, 165, 223, 225, 56, 240, 119, 64, 254, 215, 56, 142, 77,
	171, 117, 187, 82, 61, 116, 165, 7, 97, 1, 2, 156, 146, 209, 16, 193, 47, 111, 21, 163, 81, 33, 16, 117, 67, 154, 166,
	92, 189, 185, 222, 92, 121, 55, 172, 15, 218, 24, 235, 251, 8, 178, 245, 162, 211, 108, 37, 61, 228, 151, 191, 160, 56,
	41, 31, 169, 188, 188, 118, 140, 77, 203, 6, 36, 209, 160, 119, 207, 111, 179, 108, 241, 202, 57, 146, 82, 88, 252,
	244, 54, 13, 247, 107, 160, 188, 108, 198, 169, 188, 208, 167, 180, 18, 145, 204, 16, 194, 5, 103, 118, 160, 210, 79,
	154, 132, 21, 243, 226, 158, 248, 221, 32, 85, 133, 148, 158, 49, 192, 209, 240, 113, 186, 57, 207, 241, 102, 60, 1, 3,
	107, 157, 213, 220, 196, 123, 7, 149, 177, 111, 232, 143, 55, 100, 72, 235, 84, 207, 199, 59, 5, 161, 13, 167, 149,
	178, 76, 245, 107, 91, 60, 153, 250, 74, 42, 123, 84, 62, 141, 54, 57, 149, 90, 119, 215, 13, 104, 214, 170, 68, 8,
	207, 243, 67, 119, 210, 200, 129, 208, 229, 46, 47, 50, 53, 210, 166, 207, 210, 230, 2, 175, 102, 21, 248, 175, 86, 29,
	33, 6, 122, 233, 40, 133, 113, 242, 150, 159, 194, 225, 34, 92, 109, 80, 156, 223, 142, 127, 216, 109, 232, 218, 253,
	108, 212, 193, 218, 160, 147, 31, 86, 23, 111, 130, 165, 48, 246, 0, 101, 178, 100, 70, 232, 172, 150, 190, 152, 248,
	68, 94, 87, 112, 205, 159, 55, 254, 95, 85, 51, 125, 197, 113, 224, 79, 64, 46, 173, 186, 94, 130, 29, 234, 50, 208,
	38, 33, 125, 143, 170, 125, 159, 16, 3, 131, 140, 221, 239, 113, 156, 182, 131, 188, 111, 0, 119, 53, 150, 70, 121,
	146, 109, 9, 178, 165, 219, 121, 105, 17, 120, 247, 153, 239, 159, 40, 82, 221, 173, 142, 237, 213, 218, 27, 37, 239,
	114, 117, 237, 119, 151, 57, 121, 213, 63, 90, 47, 123, 140, 112, 242, 152, 226, 151, 87, 56, 47, 153, 33, 181, 74, 13,
	177, 113, 3, 46, 109, 50, 215, 138, 199, 41, 21, 206, 117, 94, 191, 81, 5, 129, 112, 218, 140, 93, 234, 20, 146, 135,
	158, 238, 87, 156, 244, 150, 105, 152, 143, 133, 135, 177, 198, 118, 71, 212, 162, 196, 68, 18, 147, 226, 106, 119,
	189, 65, 223, 49, 33, 48, 211, 9, 239, 189, 21, 16, 240, 254, 185, 49, 92, 193, 220, 242, 226, 218, 65, 222, 187, 24,
	32, 171, 132, 49, 50, 116, 155, 80, 120, 58, 178, 148, 92, 224, 67, 6, 77, 89, 64, 154, 238, 70, 68, 50, 184, 237, 215,
	75, 190, 101, 7, 209, 73, 228, 45, 31, 164, 141, 217, 209, 51, 154, 66, 42, 240, 210, 32, 171, 89, 125, 117, 49, 251,
	135, 74, 171, 214, 226, 219, 23, 214, 17, 54, 152, 18, 40, 41, 125, 6, 163, 218, 148, 183, 148, 86, 105, 86, 187, 110,
	216, 162, 177, 129, 45, 176, 199, 68, 23, 121, 74, 229, 156, 134, 180, 250, 235, 81, 119, 240, 155, 124, 49, 33, 144,
	160, 46, 110, 116, 118, 166, 68, 18, 18, 22, 222, 156, 31, 79, 255, 237, 12, 167, 104, 155, 205, 50, 232, 224, 127, 6,
	228, 78, 54, 44, 85, 146, 141, 255, 61, 68, 255, 231, 208, 78, 126, 228, 62, 166, 236, 111, 161, 189, 229, 254, 191,
	132, 118, 243, 160, 241, 175, 208, 174, 55, 63, 252, 210, 119, 21, 61, 191, 134, 121, 224, 175, 248, 249, 63, 130, 249,
	176, 248, 6, 243, 192, 95, 241, 243, 127, 11, 243, 192, 247, 144, 253, 123, 152, 31, 63, 74, 221, 63, 195, 252, 161,
	252, 8, 243, 31, 21, 78, 237, 135, 63, 180, 254, 235, 102, 152, 127, 194, 221, 127, 5, 249, 192, 55, 204, 55, 60, 221,
	28, 173, 55, 232, 145, 21, 21, 95, 194, 6, 1, 205, 74, 48, 55, 233, 128, 180, 3, 191, 22, 60, 10, 191, 204, 177, 184,
	229, 238, 129, 69, 216, 227, 242, 160, 158, 232, 67, 173, 226, 123, 179, 210, 133, 38, 47, 193, 29, 66, 129, 18, 122,
	54, 214, 37, 238, 34, 123, 114, 218, 23, 87, 38, 217, 237, 161, 89, 136, 25, 67, 177, 236, 164, 45, 122, 221, 94, 193,
	80, 205, 104, 202, 184, 195, 1, 141, 237, 101, 123, 19, 82, 248, 152, 163, 122, 122, 52, 114, 35, 249, 203, 181, 233,
	21, 99, 245, 46, 183, 8, 40, 37, 203, 91, 209, 44, 99, 196, 130, 192, 46, 56, 29, 148, 136, 234, 142, 20, 247, 116,
	151, 206, 159, 30, 116, 162, 79, 14, 217, 77, 212, 80, 15, 221, 194, 73, 184, 157, 199, 236, 227, 84, 218, 129, 37, 15,
	133, 190, 194, 54, 5, 226, 216, 139, 105, 98, 75, 187, 1, 154, 34, 182, 175, 57, 207, 74, 187, 84, 114, 49, 52, 251,
	227, 53, 189, 227, 251, 108, 176, 4, 193, 89, 230, 69, 167, 40, 137, 32, 133, 161, 118, 238, 97, 123, 37, 24, 216, 243,
	69, 253, 21, 174, 37, 117, 97, 185, 103, 195, 149, 113, 56, 38, 228, 244, 36, 90, 129, 1, 6, 189, 243, 124, 3, 148,
	180, 107, 82, 141, 85, 172, 119, 72, 227, 69, 10, 116, 93, 170, 126, 217, 4, 47, 73, 61, 166, 16, 46, 30, 235, 187,
	173, 150, 175, 222, 95, 66, 62, 240, 143, 185, 187, 178, 229, 180, 1, 190, 233, 52, 89, 213, 163, 146, 251, 161, 156,
	156, 215, 177, 243, 161, 248, 205, 218, 25, 248, 85, 250, 198, 120, 71, 124, 138, 118, 169, 185, 181, 121, 184, 235,
	114, 188, 226, 229, 158, 163, 60, 38, 64, 15, 163, 151, 12, 148, 153, 24, 45, 164, 10, 44, 73, 162, 232, 196, 184, 184,
	143, 203, 138, 189, 221, 128, 147, 117, 115, 7, 40, 195, 227, 234, 164, 210, 222, 249, 11, 84, 102, 187, 113, 103, 150,
	140, 112, 226, 67, 129, 175, 47, 145, 213, 72, 148, 181, 186, 247, 164, 14, 73, 145, 123, 232, 53, 107, 60, 103, 45,
	239, 239, 37, 79, 223, 141, 131, 143, 169, 2, 221, 36, 205, 221, 129, 205, 18, 235, 50, 101, 246, 219, 27, 57, 222,
	235, 28, 167, 214, 54, 217, 113, 102, 54, 234, 30, 24, 100, 80, 192, 242, 213, 183, 87, 178, 38, 228, 91, 90, 67, 216,
	98, 89, 2, 118, 176, 217, 235, 209, 123, 199, 181, 78, 100, 18, 147, 110, 233, 26, 103, 59, 243, 76, 129, 138, 231,
	110, 185, 247, 72, 161, 141, 148, 46, 9, 9, 201, 212, 34, 130, 61, 226, 187, 239, 39, 139, 195, 137, 109, 215, 36, 12,
	197, 8, 169, 58, 17, 249, 14, 132, 202, 56, 245, 142, 230, 12, 40, 47, 135, 207, 253, 206, 158, 160, 142, 98, 234, 157,
	193, 137, 250, 136, 128, 199, 30, 228, 80, 80, 97, 186, 185, 173, 32, 22, 168, 19, 138, 20, 33, 41, 103, 187, 214, 189,
	80, 181, 92, 232, 126, 234, 56, 15, 110, 125, 76, 138, 228, 219, 193, 56, 13, 107, 140, 78, 69, 252, 21, 228, 211, 121,
	94, 13, 237, 23, 211, 198, 190, 109, 179, 33, 169, 162, 230, 63, 244, 118, 230, 220, 15, 110, 86, 127, 179, 23, 147,
	83, 44, 17, 79, 42, 243, 26, 239, 235, 47, 83, 214, 246, 175, 44, 233, 57, 218, 1, 190, 181, 36, 195, 66, 123, 66, 203,
	30, 127, 177, 74, 252, 222, 77, 153, 99, 66, 38, 108, 195, 87, 210, 34, 223, 172, 17, 99, 20, 153, 62, 54, 128, 163,
	64, 24, 63, 3, 42, 255, 49, 142, 132, 255, 168, 25, 130, 117, 238, 177, 26, 205, 39, 68, 93, 191, 152, 54, 126, 61,
	246, 219, 149, 252, 188, 16, 224, 63, 90, 201, 111, 138, 49, 129, 95, 85, 99, 82, 229, 116, 11, 215, 100, 232, 237, 59,
	194, 84, 154, 38, 173, 226, 126, 193, 12, 129, 121, 218, 138, 166, 77, 138, 98, 187, 193, 49, 154, 216, 123, 223, 110,
	219, 243, 164, 217, 66, 78, 240, 239, 52, 6, 184, 89, 189, 73, 27, 33, 138, 81, 246, 158, 28, 20, 191, 175, 168, 186,
	190, 65, 193, 184, 63, 119, 45, 30, 147, 71, 157, 239, 163, 63, 169, 183, 100, 48, 18, 31, 122, 89, 3, 225, 17, 122,
	157, 129, 142, 34, 135, 122, 220, 188, 175, 143, 33, 142, 96, 225, 122, 27, 124, 128, 189, 130, 17, 158, 51, 214, 75,
	30, 73, 155, 240, 234, 0, 123, 17, 32, 167, 67, 179, 9, 134, 13, 168, 23, 107, 250, 232, 171, 4, 244, 64, 178, 17, 200,
	204, 160, 133, 77, 242, 210, 27, 173, 233, 153, 60, 40, 237, 59, 118, 133, 108, 30, 88, 26, 156, 159, 62, 1, 48, 185,
	73, 181, 232, 211, 31, 58, 196, 148, 197, 27, 111, 220, 31, 4, 179, 106, 138, 1, 97, 146, 13, 146, 253, 245, 254, 72,
	147, 237, 190, 55, 132, 131, 236, 210, 11, 71, 61, 245, 228, 239, 84, 2, 141, 151, 214, 37, 140, 182, 112, 131, 197,
	214, 94, 158, 84, 174, 231, 183, 217, 6, 41, 94, 239, 238, 189, 97, 204, 236, 35, 215, 36, 146, 186, 184, 44, 56, 92,
	103, 179, 194, 190, 7, 127, 213, 43, 149, 70, 148, 244, 14, 98, 170, 241, 66, 150, 11, 89, 99, 52, 142, 235, 214, 23,
	151, 24, 88, 94, 45, 238, 115, 109, 37, 240, 181, 184, 178, 11, 111, 162, 119, 153, 178, 253, 125, 133, 186, 237, 114,
	195, 195, 214, 95, 88, 23, 109, 228, 235, 191, 227, 190, 191, 173, 196, 20, 170, 145, 162, 45, 243, 72, 104, 3, 90, 7,
	10, 209, 250, 224, 190, 183, 84, 134, 86, 97, 192, 119, 206, 196, 192, 152, 123, 191, 118, 39, 88, 136, 119, 239, 38,
	2, 101, 117, 1, 19, 82, 110, 115, 15, 116, 223, 113, 204, 171, 175, 247, 32, 135, 137, 55, 166, 132, 14, 19, 179, 34,
	164, 229, 160, 24, 238, 38, 188, 201, 199, 75, 56, 188, 28, 17, 77, 210, 46, 152, 49, 52, 234, 37, 62, 46, 143, 7, 27,
	157, 82, 196, 180, 58, 174, 2, 222, 119, 88, 84, 238, 112, 215, 231, 248, 66, 158, 223, 145, 98, 156, 241, 3, 241, 34,
	154, 27, 145, 137, 91, 66, 4, 129, 87, 232, 193, 187, 85, 126, 198, 248, 106, 153, 194, 171, 99, 238, 158, 185, 223,
	197, 209, 175, 44, 245, 250, 88, 54, 243, 58, 120, 199, 123, 80, 22, 0, 94, 223, 149, 103, 222, 80, 19, 44, 102, 91,
	215, 226, 176, 174, 94, 58, 18, 202, 215, 0, 142, 245, 11, 108, 212, 28, 85, 24, 56, 230, 238, 45, 2, 26, 210, 197,
	232, 48, 5, 173, 182, 57, 79, 22, 196, 49, 60, 65, 160, 95, 143, 69, 210, 212, 40, 129, 159, 37, 48, 122, 141, 100,
	123, 25, 76, 162, 61, 204, 39, 141, 209, 142, 91, 56, 81, 15, 182, 107, 94, 102, 24, 7, 222, 80, 46, 185, 26, 211, 193,
	53, 190, 210, 93, 145, 16, 2, 234, 32, 140, 230, 213, 39, 62, 170, 141, 59, 223, 115, 243, 250, 255, 252, 83, 124, 51,
	178, 105, 237, 135, 103, 213, 21, 255, 45, 124, 203, 249, 43, 111, 218, 135, 215, 58, 240, 175, 135, 19, 255, 151, 241,
	205, 12, 239, 54, 118, 50, 167, 33, 10, 240, 238, 23, 248, 86, 236, 134, 240, 51, 190, 125, 58, 246, 95, 199, 183, 31,
	87, 242, 111, 240, 109, 146, 93, 93, 223, 146, 57, 194, 237, 49, 66, 5, 167, 55, 231, 250, 192, 90, 207, 53, 3, 175,
	80, 58, 205, 15, 108, 62, 124, 80, 93, 120, 66, 197, 5, 89, 49, 39, 127, 44, 237, 197, 225, 1, 169, 194, 246, 135, 2,
	175, 238, 184, 243, 101, 38, 143, 199, 70, 100, 80, 29, 13, 58, 150, 32, 182, 81, 32, 77, 217, 83, 198, 92, 18, 220,
	84, 251, 54, 33, 188, 163, 199, 18, 66, 218, 72, 12, 93, 19, 33, 185, 27, 36, 241, 28, 61, 89, 99, 104, 135, 76, 6, 82,
	57, 209, 165, 6, 196, 187, 10, 35, 222, 136, 62, 96, 218, 132, 222, 94, 198, 201, 102, 42, 93, 122, 203, 181, 100, 216,
	239, 193, 81, 137, 214, 226, 231, 56, 184, 107, 75, 101, 183, 190, 99, 107, 22, 239, 108, 34, 149, 151, 107, 127, 167,
	177, 146, 134, 110, 25, 122, 1, 78, 230, 176, 201, 200, 45, 89, 208, 224, 30, 83, 29, 110, 73, 162, 145, 199, 168, 143,
	232, 4, 216, 11, 151, 78, 166, 72, 234, 53, 209, 45, 87, 208, 47, 226, 216, 196, 43, 135, 20, 203, 65, 89, 240, 180,
	182, 150, 47, 102, 2, 119, 222, 81, 213, 88, 125, 162, 136, 129, 18, 132, 39, 176, 91, 230, 154, 30, 234, 119, 16, 41,
	98, 50, 49, 96, 138, 240, 70, 123, 234, 249, 46, 21, 119, 9, 67, 41, 69, 101, 140, 5, 139, 141, 155, 176, 231, 139,
	174, 11, 3, 10, 11, 127, 133, 111, 204, 6, 57, 56, 126, 68, 107, 75, 84, 150, 230, 172, 89, 67, 91, 158, 228, 242, 187,
	6, 255, 175, 240, 237, 15, 75, 88, 185, 185, 143, 101, 72, 188, 117, 141, 66, 166, 54, 110, 15, 151, 237, 52, 107, 23,
	120, 180, 123, 25, 208, 184, 188, 51, 16, 228, 111, 241, 211, 205, 205, 137, 147, 103, 192, 19, 188, 200, 240, 112,
	212, 194, 248, 130, 196, 13, 204, 45, 253, 85, 235, 115, 110, 181, 145, 9, 211, 103, 68, 161, 172, 51, 88, 9, 142, 119,
	188, 120, 184, 187, 201, 27, 51, 10, 161, 255, 170, 158, 175, 99, 182, 30, 240, 134, 130, 9, 76, 52, 207, 18, 177, 4,
	2, 64, 80, 231, 18, 114, 157, 177, 103, 232, 66, 122, 35, 231, 168, 89, 209, 90, 34, 141, 137, 65, 109, 188, 241, 38,
	240, 202, 91, 241, 92, 228, 48, 23, 238, 82, 230, 135, 90, 209, 67, 177, 81, 219, 84, 230, 41, 147, 184, 157, 20, 116,
	40, 4, 15, 149, 210, 0, 197, 128, 64, 9, 35, 44, 192, 28, 90, 229, 224, 22, 174, 192, 245, 200, 158, 115, 29, 23, 185,
	156, 9, 205, 214, 251, 253, 116, 153, 251, 102, 166, 134, 173, 198, 159, 2, 103, 36, 66, 119, 81, 208, 147, 120, 94,
	179, 130, 57, 94, 20, 236, 108, 105, 204, 60, 137, 112, 240, 41, 0, 10, 133, 165, 24, 68, 144, 85, 110, 177, 192, 231,
	91, 95, 231, 146, 29, 94, 78, 29, 159, 45, 161, 90, 185, 24, 20, 190, 138, 139, 82, 92, 159, 39, 89, 51, 145, 136, 22,
	28, 65, 98, 30, 232, 179, 216, 18, 240, 29, 77, 11, 53, 254, 99, 124, 187, 13, 89, 91, 205, 45, 240, 159, 184, 41, 216,
	31, 18, 108, 39, 190, 33, 91, 252, 88, 61, 123, 16, 91, 118, 190, 252, 252, 157, 235, 31, 200, 102, 185, 255, 26, 217,
	214, 85, 44, 190, 226, 137, 241, 51, 158, 88, 73, 235, 79, 209, 221, 159, 190, 162, 218, 7, 168, 1, 159, 80, 205, 165,
	143, 207, 172, 205, 250, 3, 213, 62, 31, 251, 237, 42, 126, 181, 8, 224, 95, 173, 226, 23, 166, 7, 223, 123, 30, 0,
	223, 155, 30, 108, 140, 150, 191, 125, 8, 252, 24, 144, 68, 133, 160, 122, 129, 162, 241, 226, 110, 151, 118, 56, 30,
	87, 137, 34, 122, 78, 127, 99, 50, 92, 4, 196, 101, 138, 193, 204, 69, 221, 112, 141, 218, 250, 86, 55, 167, 210, 240,
	167, 14, 96, 84, 218, 82, 68, 42, 85, 101, 141, 105, 144, 252, 225, 176, 79, 119, 154, 69, 240, 233, 97, 121, 105, 109,
	174, 168, 244, 153, 162, 42, 183, 26, 98, 171, 210, 90, 52, 138, 109, 32, 248, 109, 63, 200, 42, 52, 246, 232, 221,
	103, 248, 16, 130, 117, 157, 217, 66, 226, 3, 120, 94, 233, 187, 209, 200, 151, 2, 14, 148, 13, 206, 118, 217, 20, 148,
	56, 35, 222, 141, 207, 28, 180, 94, 57, 59, 106, 215, 39, 164, 86, 17, 213, 110, 96, 7, 169, 224, 243, 58, 24, 131, 51,
	94, 111, 101, 164, 236, 10, 40, 245, 180, 63, 145, 176, 31, 250, 35, 0, 146, 175, 231, 169, 52, 52, 108, 253, 120, 41,
	167, 234, 96, 163, 168, 37, 231, 247, 163, 55, 244, 137, 14, 9, 93, 47, 94, 11, 8, 139, 110, 152, 225, 146, 110, 109,
	42, 229, 231, 139, 160, 59, 2, 190, 135, 254, 222, 180, 41, 202, 151, 186, 149, 204, 138, 215, 166, 128, 120, 211, 230,
	235, 62, 109, 181, 22, 16, 166, 149, 42, 41, 116, 44, 218, 75, 181, 152, 7, 60, 105, 88, 74, 146, 176, 9, 25, 39, 72,
	163, 183, 230, 120, 237, 199, 14, 11, 249, 172, 242, 151, 246, 126, 1, 173, 136, 126, 46, 243, 173, 78, 152, 249, 57,
	183, 53, 110, 3, 47, 138, 175, 54, 250, 221, 153, 124, 57, 142, 80, 7, 229, 209, 44, 250, 160, 73, 32, 189, 127, 73,
	201, 23, 71, 60, 75, 136, 154, 42, 80, 70, 225, 108, 161, 120, 52, 22, 202, 228, 154, 17, 79, 209, 183, 34, 202, 186,
	57, 233, 28, 151, 181, 6, 95, 71, 202, 144, 1, 7, 212, 100, 80, 2, 157, 183, 20, 138, 29, 175, 52, 183, 183, 149, 173,
	86, 194, 5, 207, 199, 52, 43, 249, 49, 81, 193, 238, 59, 210, 50, 79, 155, 78, 43, 57, 41, 40, 94, 167, 147, 80, 111,
	193, 169, 8, 23, 85, 40, 180, 52, 217, 118, 164, 131, 207, 240, 5, 32, 230, 149, 145, 234, 77, 246, 159, 207, 243, 254,
	175, 24, 173, 16, 50, 55, 50, 199, 37, 160, 90, 226, 174, 72, 58, 119, 177, 112, 107, 228, 246, 240, 197, 210, 226, 33,
	52, 18, 94, 110, 242, 144, 231, 23, 57, 98, 145, 142, 15, 92, 5, 27, 201, 173, 136, 252, 7, 14, 64, 177, 37, 102, 251,
	17, 132, 92, 28, 46, 94, 61, 149, 12, 5, 190, 28, 245, 166, 14, 37, 75, 201, 42, 134, 8, 166, 149, 241, 151, 73, 92,
	80, 38, 134, 221, 187, 185, 10, 112, 243, 212, 10, 218, 148, 231, 8, 28, 4, 178, 83, 199, 153, 132, 64, 226, 253, 238,
	1, 208, 56, 208, 177, 107, 213, 169, 253, 177, 80, 243, 71, 245, 142, 157, 223, 235, 67, 151, 167, 103, 75, 121, 193,
	240, 58, 195, 30, 127, 198, 96, 59, 218, 234, 239, 139, 55, 129, 191, 173, 144, 255, 105, 119, 151, 163, 191, 22, 170,
	176, 135, 15, 195, 214, 227, 121, 33, 112, 245, 120, 207, 204, 190, 0, 122, 117, 147, 71, 184, 137, 188, 112, 67, 85,
	25, 193, 223, 77, 42, 10, 212, 29, 241, 150, 8, 179, 205, 66, 182, 181, 235, 163, 52, 100, 173, 208, 49, 129, 95, 96,
	218, 183, 252, 178, 132, 165, 100, 114, 156, 236, 166, 187, 143, 253, 54, 173, 93, 69, 93, 154, 94, 47, 0, 99, 194,
	175, 28, 250, 116, 43, 213, 71, 140, 87, 33, 191, 198, 56, 31, 116, 178, 14, 140, 8, 187, 77, 4, 113, 5, 71, 216, 50,
	170, 170, 200, 253, 203, 109, 135, 252, 87, 126, 132, 253, 100, 103, 12, 125, 185, 15, 57, 206, 92, 205, 96, 79, 150,
	23, 95, 212, 6, 11, 16, 44, 242, 160, 144, 72, 127, 212, 32, 97, 13, 108, 194, 9, 27, 168, 181, 94, 123, 23, 140, 83,
	238, 40, 151, 252, 125, 70, 102, 7, 53, 102, 6, 53, 251, 209, 89, 161, 128, 179, 116, 245, 164, 207, 180, 93, 189, 19,
	119, 50, 82, 156, 104, 64, 216, 52, 5, 194, 1, 52, 220, 88, 95, 81, 155, 196, 68, 74, 241, 27, 2, 110, 69, 41, 143, 62,
	222, 17, 8, 47, 43, 89, 215, 42, 193, 228, 168, 161, 152, 192, 117, 115, 176, 66, 158, 181, 86, 4, 7, 56, 108, 49, 179,
	196, 210, 106, 117, 145, 248, 158, 101, 203, 19, 8, 61, 73, 5, 192, 203, 138, 200, 119, 148, 53, 111, 234, 203, 87,
	248, 208, 8, 77, 47, 14, 122, 98, 139, 53, 107, 190, 180, 226, 19, 172, 226, 221, 186, 18, 47, 236, 125, 233, 115, 230,
	98, 47, 195, 213, 216, 161, 166, 234, 221, 3, 131, 46, 60, 26, 9, 125, 207, 94, 159, 151, 162, 245, 1, 102, 10, 252,
	125, 230, 159, 205, 60, 93, 169, 151, 46, 204, 32, 114, 16, 14, 102, 167, 110, 119, 199, 119, 55, 70, 121, 60, 183, 46,
	96, 6, 51, 22, 190, 32, 254, 234, 40, 205, 93, 143, 157, 132, 124, 190, 31, 52, 254, 88, 37, 148, 22, 201, 114, 172,
	161, 94, 40, 0, 121, 123, 73, 143, 62, 104, 14, 230, 9, 23, 34, 120, 12, 204, 80, 119, 16, 67, 58, 42, 230, 211, 105,
	211, 77, 239, 102, 127, 130, 253, 20, 14, 31, 3, 211, 45, 234, 166, 105, 203, 137, 236, 111, 98, 205, 160, 247, 17,
	156, 15, 126, 116, 21, 213, 8, 121, 11, 4, 12, 20, 232, 54, 68, 30, 231, 118, 212, 177, 173, 104, 51, 204, 153, 48,
	177, 185, 187, 189, 27, 6, 101, 187, 23, 149, 149, 89, 233, 135, 33, 219, 186, 188, 130, 5, 180, 93, 91, 222, 154, 207,
	145, 105, 79, 98, 42, 24, 131, 36, 128, 150, 208, 244, 7, 175, 104, 94, 12, 28, 155, 37, 141, 79, 238, 210, 227, 56,
	83, 14, 43, 15, 139, 115, 176, 179, 111, 218, 184, 161, 16, 185, 70, 53, 230, 215, 66, 233, 194, 96, 13, 17, 153, 154,
	177, 232, 76, 55, 189, 104, 175, 15, 235, 111, 10, 85, 126, 17, 134, 63, 12, 35, 255, 211, 250, 127, 6, 250, 8, 199,
	143, 224, 143, 141, 20, 37, 105, 170, 49, 129, 178, 198, 90, 217, 226, 33, 127, 132, 227, 163, 134, 207, 119, 87, 95,
	237, 191, 8, 130, 192, 47, 67, 241, 31, 37, 249, 103, 16, 76, 127, 27, 4, 101, 222, 231, 172, 227, 83, 31, 214, 199,
	32, 193, 143, 62, 218, 231, 102, 112, 242, 170, 215, 246, 71, 35, 22, 252, 17, 163, 63, 38, 97, 124, 61, 246, 167, 81,
	93, 159, 118, 165, 173, 149, 47, 190, 246, 207, 78, 223, 78, 6, 124, 58, 219, 119, 45, 11, 244, 186, 222, 173, 32, 108,
	163, 187, 50, 125, 245, 107, 247, 36, 165, 137, 131, 6, 137, 157, 79, 158, 139, 191, 181, 84, 4, 190, 120, 42, 26, 186,
	112, 137, 133, 16, 230, 96, 85, 192, 141, 56, 33, 110, 138, 66, 236, 165, 151, 28, 129, 118, 116, 108, 152, 48, 7, 214,
	248, 183, 119, 141, 140, 171, 67, 44, 150, 119, 7, 43, 83, 140, 198, 69, 123, 214, 237, 192, 148, 92, 166, 30, 22, 96,
	92, 77, 106, 28, 225, 17, 127, 230, 149, 56, 135, 245, 204, 193, 179, 134, 213, 188, 75, 45, 48, 71, 216, 189, 43, 248,
	123, 132, 123, 169, 91, 150, 108, 115, 175, 117, 227, 216, 237, 203, 107, 106, 212, 253, 207, 150, 138, 0, 195, 56,
	209, 176, 55, 196, 202, 240, 136, 225, 132, 182, 78, 115, 92, 180, 224, 52, 18, 145, 193, 141, 251, 205, 112, 233, 95,
	244, 131, 50, 53, 173, 2, 63, 121, 42, 118, 52, 199, 60, 233, 154, 190, 179, 185, 41, 85, 2, 19, 13, 215, 243, 6, 13,
	148, 116, 135, 252, 49, 234, 227, 98, 99, 83, 24, 231, 74, 23, 89, 125, 72, 60, 220, 122, 171, 192, 99, 47, 158, 215,
	83, 158, 223, 1, 156, 44, 197, 107, 142, 150, 151, 142, 63, 163, 128, 18, 150, 240, 205, 243, 82, 144, 128, 215, 231,
	30, 140, 132, 156, 55, 9, 213, 9, 20, 27, 65, 158, 164, 197, 247, 181, 120, 221, 240, 32, 0, 231, 240, 246, 122, 224,
	143, 49, 187, 160, 38, 56, 61, 36, 35, 94, 85, 29, 200, 254, 206, 68, 53, 27, 166, 243, 157, 248, 244, 134, 100, 233,
	87, 41, 254, 151, 67, 61, 255, 126, 100, 204, 71, 162, 232, 109, 126, 125, 73, 56, 134, 119, 233, 95, 218, 125, 72, 63,
	91, 104, 125, 180, 165, 200, 171, 252, 165, 46, 9, 224, 183, 198, 143, 219, 134, 56, 53, 237, 114, 82, 225, 230, 129,
	150, 115, 140, 110, 75, 136, 54, 31, 57, 28, 87, 123, 242, 179, 238, 36, 171, 98, 125, 237, 99, 193, 63, 229, 52, 210,
	0, 46, 126, 213, 210, 253, 125, 130, 99, 59, 105, 100, 241, 53, 81, 36, 126, 154, 140, 105, 127, 60, 207, 159, 223, 54,
	241, 99, 46, 60, 222, 164, 82, 186, 36, 237, 248, 221, 0, 132, 226, 99, 242, 220, 14, 124, 100, 212, 141, 67, 199, 126,
	156, 128, 240, 229, 88, 205, 128, 63, 21, 164, 91, 46, 199, 87, 167, 134, 253, 218, 64, 19, 250, 1, 254, 202, 90, 31,
	142, 119, 198, 3, 190, 230, 178, 190, 164, 178, 10, 111, 199, 25, 173, 254, 195, 249, 154, 253, 112, 190, 254, 184, 28,
	233, 227, 221, 255, 59, 231, 235, 63, 110, 32, 119, 222, 191, 111, 247, 227, 243, 171, 107, 55, 225, 119, 123, 4, 63,
	143, 97, 254, 153, 81, 3, 127, 26, 195, 12, 77, 84, 143, 169, 196, 186, 112, 138, 32, 231, 72, 180, 10, 230, 37, 192,
	105, 134, 124, 77, 10, 130, 64, 20, 50, 78, 35, 50, 72, 158, 15, 14, 47, 78, 109, 31, 143, 12, 141, 11, 80, 132, 107,
	154, 5, 26, 168, 190, 71, 126, 86, 138, 92, 147, 70, 173, 141, 111, 133, 16, 14, 220, 186, 57, 117, 121, 133, 11, 215,
	113, 246, 186, 151, 133, 43, 201, 16, 154, 238, 222, 111, 241, 149, 192, 111, 27, 18, 251, 193, 59, 11, 170, 124, 56,
	222, 104, 237, 201, 151, 48, 84, 174, 87, 5, 80, 200, 125, 140, 59, 149, 147, 56, 102, 199, 64, 182, 34, 82, 173, 76,
	37, 47, 92, 156, 119, 150, 109, 190, 199, 48, 203, 221, 58, 218, 201, 119, 106, 225, 82, 190, 73, 74, 231, 158, 67, 93,
	42, 250, 117, 67, 203, 240, 138, 219, 169, 250, 236, 22, 249, 252, 84, 186, 0, 185, 105, 77, 57, 20, 140, 119, 112, 12,
	58, 146, 159, 224, 120, 208, 159, 158, 130, 185, 236, 93, 121, 114, 229, 130, 66, 156, 14, 94, 46, 89, 131, 60, 65, 36,
	96, 76, 188, 240, 122, 210, 107, 112, 30, 158, 9, 199, 24, 23, 240, 174, 185, 102, 50, 128, 18, 85, 192, 64, 178, 4,
	176, 117, 158, 134, 78, 110, 35, 86, 242, 147, 128, 192, 249, 44, 112, 246, 189, 108, 187, 40, 189, 72, 250, 94, 171,
	158, 114, 199, 95, 136, 171, 249, 114, 104, 217, 81, 135, 59, 63, 238, 17, 124, 3, 31, 224, 247, 163, 237, 45, 57, 29,
	49, 141, 129, 174, 79, 106, 188, 27, 100, 60, 91, 139, 169, 242, 6, 28, 34, 212, 111, 114, 65, 192, 111, 247, 8, 212,
	168, 31, 28, 205, 164, 93, 180, 237, 33, 170, 130, 249, 42, 173, 16, 124, 31, 165, 146, 191, 80, 107, 50, 172, 29, 37,
	195, 53, 177, 56, 3, 63, 251, 30, 63, 217, 108, 13, 212, 78, 158, 177, 23, 165, 134, 77, 50, 227, 184, 20, 183, 252,
	177, 26, 7, 54, 178, 252, 189, 77, 76, 206, 131, 165, 92, 147, 169, 15, 196, 220, 2, 237, 195, 56, 192, 194, 194, 247,
	112, 45, 11, 159, 11, 153, 119, 208, 67, 184, 135, 193, 234, 0, 94, 134, 27, 2, 180, 14, 34, 148, 242, 208, 88, 69,
	119, 79, 105, 121, 161, 46, 221, 163, 205, 218, 171, 66, 217, 82, 29, 247, 134, 93, 110, 216, 177, 57, 79, 73, 107,
	159, 122, 226, 36, 170, 100, 113, 198, 237, 122, 136, 78, 212, 16, 22, 2, 79, 7, 113, 223, 186, 184, 87, 240, 168, 6,
	194, 9, 43, 135, 69, 97, 130, 235, 251, 225, 247, 198, 145, 152, 142, 40, 78, 242, 102, 197, 253, 178, 84, 176, 27,
	116, 225, 226, 206, 165, 89, 88, 23, 40, 88, 245, 170, 103, 84, 48, 108, 10, 219, 25, 71, 110, 211, 172, 183, 90, 161,
	129, 0, 210, 184, 175, 109, 50, 0, 99, 143, 174, 59, 89, 40, 243, 142, 21, 146, 235, 156, 55, 53, 231, 109, 49, 118,
	116, 237, 189, 70, 143, 245, 113, 168, 235, 59, 33, 144, 197, 147, 226, 77, 135, 139, 228, 227, 5, 111, 167, 231, 229,
	234, 75, 152, 187, 255, 181, 185, 146, 27, 176, 244, 255, 101, 55, 70, 46, 251, 192, 226, 214, 252, 35, 105, 255, 107,
	231, 197, 252, 39, 192, 250, 48, 94, 116, 62, 166, 98, 124, 41, 243, 87, 0, 255, 84, 32, 62, 44, 152, 154, 119, 98,
	198, 31, 25, 109, 141, 163, 211, 63, 198, 30, 59, 253, 170, 126, 193, 30, 142, 21, 60, 31, 54, 152, 111, 173, 132, 223,
	225, 49, 240, 189, 47, 243, 207, 206, 211, 31, 125, 62, 58, 151, 236, 6, 167, 31, 159, 251, 125, 232, 47, 240, 234,
	125, 113, 158, 254, 113, 181, 192, 175, 150, 251, 159, 174, 22, 248, 213, 114, 127, 181, 218, 127, 98, 181, 11, 124,
	153, 62, 179, 230, 157, 122, 121, 209, 166, 135, 191, 207, 119, 198, 173, 108, 167, 20, 232, 146, 72, 175, 65, 96, 121,
	25, 233, 217, 188, 129, 129, 11, 117, 167, 103, 36, 174, 74, 231, 14, 27, 119, 249, 6, 10, 39, 153, 200, 4, 158, 78,
	84, 88, 210, 245, 13, 176, 202, 80, 42, 93, 189, 74, 7, 89, 141, 87, 168, 81, 124, 230, 86, 62, 34, 112, 193, 139, 153,
	23, 147, 108, 41, 121, 161, 44, 2, 107, 19, 58, 43, 151, 10, 107, 148, 153, 100, 2, 37, 73, 197, 238, 90, 174, 128,
	243, 148, 138, 169, 124, 164, 245, 139, 218, 88, 160, 175, 80, 135, 97, 38, 107, 189, 207, 151, 91, 185, 40, 126, 225,
	104, 26, 162, 198, 67, 212, 4, 68, 34, 65, 231, 191, 143, 242, 96, 209, 34, 207, 238, 118, 190, 134, 254, 49, 14, 49,
	104, 75, 148, 210, 8, 80, 137, 109, 160, 146, 213, 21, 3, 99, 146, 176, 223, 128, 139, 244, 104, 218, 230, 36, 239,
	130, 11, 217, 10, 131, 202, 148, 188, 111, 163, 121, 170, 11, 232, 10, 146, 208, 49, 220, 81, 231, 81, 40, 177, 154,
	234, 72, 143, 155, 145, 133, 218, 197, 61, 214, 8, 125, 57, 193, 94, 165, 12, 75, 28, 240, 13, 188, 45, 50, 132, 12,
	192, 14, 122, 183, 234, 40, 12, 178, 24, 174, 80, 1, 62, 186, 243, 235, 199, 130, 205, 9, 243, 86, 43, 226, 75, 117,
	177, 183, 7, 77, 190, 109, 241, 242, 148, 190, 90, 237, 126, 34, 119, 191, 241, 234, 248, 53, 145, 251, 209, 92, 251,
	109, 10, 99, 91, 167, 132, 22, 44, 202, 45, 107, 28, 78, 180, 235, 154, 229, 130, 118, 254, 46, 48, 2, 63, 187, 216,
	222, 12, 31, 187, 165, 67, 94, 197, 111, 137, 163, 75, 47, 170, 24, 235, 57, 16, 171, 229, 162, 184, 210, 58, 28, 91,
	65, 189, 165, 179, 119, 149, 205, 78, 30, 55, 40, 79, 136, 122, 227, 196, 131, 206, 47, 13, 11, 180, 211, 195, 198,
	253, 155, 169, 93, 143, 29, 45, 238, 60, 52, 43, 214, 198, 189, 197, 60, 57, 162, 188, 164, 21, 19, 151, 17, 181, 49,
	119, 104, 30, 7, 38, 109, 198, 123, 22, 91, 36, 101, 188, 195, 215, 197, 87, 101, 159, 32, 100, 153, 30, 24, 162, 99,
	131, 38, 0, 172, 201, 232, 61, 187, 2, 125, 229, 13, 217, 188, 72, 56, 241, 165, 152, 219, 38, 33, 135, 18, 59, 18,
	124, 148, 8, 148, 107, 202, 146, 226, 6, 207, 51, 31, 238, 166, 154, 207, 233, 84, 90, 164, 212, 189, 246, 160, 55,
	143, 44, 128, 150, 233, 118, 88, 236, 219, 127, 0, 46, 28, 231, 32, 138, 224, 65, 174, 242, 114, 163, 206, 220, 245,
	32, 115, 110, 233, 162, 241, 20, 143, 137, 65, 128, 134, 121, 62, 58, 224, 69, 150, 221, 210, 104, 172, 96, 131, 185,
	204, 188, 188, 14, 204, 128, 68, 214, 59, 114, 210, 24, 32, 68, 48, 216, 62, 233, 118, 224, 81, 194, 85, 113, 236, 247,
	45, 127, 134, 143, 42, 27, 67, 71, 187, 195, 199, 33, 226, 15, 98, 247, 174, 155, 114, 12, 235, 10, 117, 163, 169, 227,
	28, 73, 166, 178, 247, 180, 175, 210, 240, 55, 154, 238, 211, 180, 173, 143, 66, 167, 143, 188, 248, 220, 125, 69, 205,
	15, 32, 101, 105, 244, 127, 233, 225, 193, 165, 31, 128, 217, 128, 127, 83, 229, 196, 164, 63, 1, 166, 234, 113, 124,
	163, 179, 223, 6, 14, 39, 128, 7, 251, 156, 11, 127, 37, 94, 167, 102, 194, 154, 15, 94, 57, 157, 196, 149, 115, 247,
	203, 232, 10, 54, 255, 51, 203, 251, 50, 23, 235, 83, 1, 142, 133, 82, 83, 124, 247, 231, 239, 1, 243, 19, 118, 157,
	100, 244, 187, 162, 36, 111, 55, 93, 26, 57, 101, 224, 97, 250, 95, 230, 30, 254, 120, 108, 189, 255, 60, 137, 192,
	105, 232, 159, 107, 171, 132, 15, 167, 253, 147, 98, 127, 158, 123, 40, 24, 248, 7, 85, 140, 79, 46, 106, 193, 215,
	249, 228, 213, 158, 253, 131, 253, 198, 232, 74, 95, 166, 49, 2, 31, 164, 243, 195, 211, 54, 14, 16, 36, 254, 142, 148,
	126, 170, 49, 250, 64, 217, 127, 81, 54, 10, 208, 6, 237, 155, 190, 186, 121, 131, 73, 108, 126, 203, 110, 2, 226, 12,
	245, 139, 11, 31, 140, 182, 65, 106, 176, 24, 35, 218, 80, 81, 27, 202, 123, 127, 95, 184, 154, 45, 15, 12, 195, 19,
	202, 33, 72, 244, 158, 173, 229, 228, 137, 195, 17, 55, 96, 250, 2, 65, 0, 116, 47, 168, 161, 210, 228, 154, 63, 54,
	254, 68, 247, 231, 129, 220, 11, 253, 142, 87, 97, 167, 226, 209, 244, 70, 180, 123, 100, 133, 180, 181, 166, 113, 96,
	245, 29, 187, 64, 214, 133, 127, 249, 186, 79, 223, 49, 99, 182, 133, 2, 27, 189, 48, 141, 19, 142, 199, 108, 0, 235,
	46, 250, 251, 88, 120, 33, 190, 16, 31, 211, 46, 98, 44, 124, 121, 239, 134, 152, 147, 122, 136, 94, 175, 212, 155,
	232, 137, 109, 71, 68, 40, 158, 86, 105, 48, 239, 147, 203, 138, 52, 151, 74, 184, 132, 223, 221, 3, 212, 8, 52, 187,
	84, 234, 32, 44, 205, 41, 254, 207, 55, 137, 207, 227, 118, 45, 237, 167, 152, 177, 100, 252, 176, 7, 162, 204, 125,
	245, 25, 73, 157, 48, 5, 102, 95, 119, 121, 163, 149, 171, 180, 23, 80, 5, 109, 244, 189, 53, 185, 155, 172, 191, 197,
	87, 51, 28, 20, 30, 70, 245, 114, 141, 183, 248, 46, 65, 200, 41, 146, 204, 201, 44, 202, 7, 49, 176, 137, 238, 65,
	226, 132, 56, 206, 26, 173, 134, 181, 58, 240, 85, 152, 16, 222, 96, 147, 40, 205, 199, 223, 111, 44, 210, 111, 225,
	125, 79, 27, 38, 44, 175, 128, 37, 75, 23, 14, 79, 70, 243, 198, 171, 36, 119, 220, 126, 163, 120, 127, 163, 142, 127,
	12, 135, 192, 119, 53, 68, 186, 249, 54, 248, 65, 107, 132, 49, 201, 220, 124, 44, 52, 246, 169, 229, 161, 217, 39,
	100, 211, 140, 172, 246, 86, 238, 232, 160, 58, 175, 32, 203, 250, 171, 180, 165, 47, 33, 233, 149, 141, 171, 7, 231,
	16, 193, 110, 82, 249, 26, 152, 161, 199, 179, 187, 142, 119, 168, 223, 219, 99, 212, 28, 244, 186, 27, 144, 36, 93,
	233, 189, 99, 98, 1, 62, 206, 24, 131, 134, 238, 172, 196, 91, 137, 102, 183, 123, 210, 63, 139, 92, 116, 65, 243, 9,
	46, 27, 88, 230, 243, 225, 145, 53, 195, 40, 62, 50, 223, 159, 0, 150, 143, 32, 115, 63, 42, 201, 39, 197, 23, 185,
	223, 93, 180, 32, 168, 236, 57, 179, 79, 19, 29, 144, 52, 121, 180, 229, 117, 130, 208, 186, 234, 157, 98, 16, 85, 80,
	93, 91, 201, 184, 49, 111, 58, 158, 99, 213, 127, 156, 129, 137, 198, 142, 221, 24, 175, 30, 241, 6, 166, 206, 22, 249,
	118, 183, 201, 218, 245, 73, 229, 109, 227, 176, 3, 62, 57, 97, 71, 188, 39, 75, 21, 90, 67, 49, 208, 144, 27, 109,
	224, 71, 29, 68, 202, 3, 222, 122, 57, 100, 248, 61, 251, 46, 92, 173, 106, 102, 41, 113, 90, 123, 137, 28, 56, 43, 80,
	10, 104, 23, 255, 46, 175, 180, 36, 219, 9, 228, 212, 157, 205, 120, 79, 237, 69, 62, 176, 34, 242, 211, 90, 237, 143,
	123, 207, 247, 185, 154, 82, 10, 56, 210, 67, 15, 99, 127, 185, 249, 149, 76, 81, 83, 141, 159, 248, 100, 214, 77, 223,
	3, 229, 95, 10, 252, 127, 56, 47, 254, 3, 40, 137, 111, 204, 82, 246, 215, 222, 110, 96, 141, 191, 92, 127, 93, 83, 20,
	253, 108, 238, 230, 159, 1, 175, 166, 117, 224, 171, 187, 27, 227, 33, 175, 88, 20, 230, 159, 92, 180, 153, 7, 246, 81,
	14, 218, 28, 31, 13, 166, 9, 123, 74, 227, 234, 186, 234, 135, 142, 156, 34, 99, 63, 85, 29, 106, 28, 127, 128, 40, 64,
	175, 107, 102, 5, 6, 252, 8, 182, 215, 137, 180, 159, 56, 91, 24, 224, 240, 119, 60, 238, 15, 2, 248, 57, 165, 117, 42,
	250, 231, 254, 201, 159, 174, 150, 87, 253, 107, 29, 210, 121, 12, 248, 238, 224, 111, 151, 255, 79, 87, 15, 252, 147,
	229, 255, 211, 213, 3, 95, 148, 251, 95, 230, 194, 190, 79, 133, 189, 174, 49, 255, 114, 218, 167, 102, 66, 141, 168,
	7, 171, 167, 26, 139, 231, 206, 57, 219, 12, 10, 176, 62, 139, 11, 59, 202, 73, 207, 148, 208, 51, 14, 164, 217, 163,
	33, 204, 70, 122, 105, 173, 56, 228, 124, 46, 43, 149, 187, 212, 72, 116, 139, 195, 39, 251, 124, 209, 1, 226, 95, 229,
	88, 238, 238, 151, 104, 191, 202, 186, 186, 93, 100, 195, 174, 218, 198, 160, 149, 48, 2, 226, 29, 162, 109, 137, 168,
	185, 217, 177, 15, 191, 158, 177, 219, 34, 73, 207, 83, 13, 57, 25, 206, 210, 98, 254, 170, 248, 148, 58, 53, 164, 6,
	31, 148, 170, 98, 69, 245, 134, 171, 73, 8, 155, 186, 15, 189, 26, 55, 56, 53, 189, 224, 118, 87, 213, 58, 107, 18,
	192, 145, 51, 20, 143, 228, 244, 61, 85, 185, 8, 46, 245, 77, 157, 243, 66, 120, 197, 230, 112, 210, 240, 93, 134, 10,
	54, 57, 130, 149, 192, 170, 98, 75, 153, 35, 145, 119, 244, 112, 178, 103, 82, 217, 220, 93, 56, 244, 117, 174, 39,
	248, 77, 198, 41, 21, 22, 72, 14, 60, 124, 190, 242, 237, 165, 182, 231, 91, 125, 75, 105, 228, 241, 26, 226, 97, 115,
	229, 128, 144, 244, 202, 94, 206, 239, 52, 190, 246, 202, 152, 23, 81, 42, 73, 171, 59, 244, 71, 235, 48, 47, 48, 132,
	73, 200, 37, 158, 148, 213, 49, 29, 216, 244, 73, 118, 19, 239, 40, 208, 111, 197, 121, 215, 30, 22, 142, 88, 224, 155,
	123, 161, 10, 15, 50, 114, 114, 175, 185, 85, 187, 60, 113, 91, 146, 181, 5, 68, 104, 210, 141, 180, 46, 221, 164, 55,
	95, 204, 134, 235, 75, 93, 138, 226, 135, 115, 45, 178, 88, 27, 162, 235, 109, 70, 133, 56, 187, 54, 0, 159, 171, 119,
	241, 169, 148, 20, 252, 190, 19, 242, 188, 241, 116, 78, 132, 15, 113, 63, 227, 192, 141, 58, 14, 72, 188, 45, 226,
	213, 127, 107, 65, 38, 179, 131, 52, 59, 48, 127, 241, 92, 164, 17, 168, 98, 203, 84, 1, 92, 9, 142, 18, 142, 43, 184,
	180, 40, 68, 2, 165, 97, 96, 193, 203, 95, 6, 197, 225, 187, 153, 184, 174, 252, 251, 230, 188, 110, 23, 155, 149, 42,
	221, 243, 75, 143, 191, 88, 168, 169, 35, 57, 191, 134, 147, 113, 17, 22, 66, 23, 187, 107, 133, 28, 153, 149, 35, 91,
	34, 114, 247, 183, 159, 10, 158, 17, 49, 31, 190, 26, 204, 84, 133, 10, 50, 93, 148, 160, 88, 113, 75, 242, 87, 216,
	195, 7, 88, 0, 201, 42, 199, 39, 80, 187, 140, 113, 151, 159, 241, 222, 187, 6, 180, 33, 208, 125, 112, 163, 29, 79,
	226, 239, 186, 54, 180, 153, 104, 94, 41, 77, 157, 218, 125, 62, 105, 44, 143, 3, 181, 64, 16, 236, 206, 122, 88, 55,
	115, 243, 13, 170, 253, 30, 197, 248, 236, 73, 214, 55, 117, 91, 125, 52, 125, 209, 147, 174, 82, 237, 46, 222, 2, 164,
	131, 191, 69, 172, 90, 63, 9, 214, 15, 17, 75, 208, 30, 64, 197, 13, 114, 135, 149, 45, 121, 42, 132, 236, 40, 215, 70,
	127, 178, 116, 29, 91, 191, 53, 50, 249, 105, 248, 188, 55, 85, 178, 57, 86, 121, 38, 198, 19, 80, 229, 6, 105, 74,
	172, 183, 91, 50, 107, 76, 244, 63, 202, 155, 253, 209, 224, 77, 107, 25, 166, 74, 171, 200, 182, 142, 183, 203, 64,
	96, 62, 210, 234, 150, 120, 33, 95, 181, 168, 80, 168, 220, 243, 234, 26, 233, 21, 145, 82, 119, 98, 106, 73, 46, 92,
	252, 141, 164, 48, 41, 214, 218, 252, 228, 96, 27, 174, 72, 184, 30, 141, 90, 171, 140, 118, 20, 51, 48, 38, 99, 154,
	63, 154, 226, 253, 150, 97, 64, 9, 13, 196, 155, 136, 174, 139, 96, 179, 188, 52, 78, 18, 156, 247, 152, 121, 166, 39,
	49, 136, 212, 32, 0, 41, 14, 140, 208, 156, 59, 130, 62, 41, 147, 7, 99, 236, 32, 125, 105, 15, 144, 4, 103, 122, 117,
	19, 80, 132, 81, 207, 58, 213, 140, 221, 172, 234, 6, 168, 152, 194, 70, 234, 94, 44, 30, 30, 161, 101, 5, 69, 248,
	169, 225, 110, 104, 180, 52, 23, 223, 209, 97, 91, 136, 59, 90, 245, 119, 152, 144, 107, 236, 86, 71, 243, 132, 106,
	148, 212, 106, 89, 114, 202, 73, 137, 47, 99, 116, 216, 159, 166, 246, 234, 72, 223, 3, 129, 123, 147, 231, 200, 73,
	216, 92, 89, 124, 194, 79, 170, 126, 173, 13, 203, 218, 238, 149, 86, 59, 182, 56, 163, 165, 54, 50, 52, 106, 11, 164,
	99, 190, 8, 122, 228, 92, 98, 47, 24, 165, 41, 225, 53, 97, 14, 185, 69, 221, 38, 135, 241, 60, 30, 223, 23, 40, 98,
	129, 203, 190, 223, 239, 240, 229, 84, 9, 46, 1, 85, 123, 141, 74, 143, 104, 230, 209, 221, 228, 193, 24, 44, 17, 249,
	33, 61, 219, 203, 114, 163, 222, 41, 27, 17, 18, 123, 115, 238, 67, 128, 199, 176, 202, 77, 227, 116, 189, 160, 16,
	113, 6, 250, 60, 89, 164, 230, 46, 245, 0, 250, 54, 174, 91, 162, 93, 82, 69, 230, 197, 203, 169, 91, 88, 197, 181,
	180, 104, 132, 158, 27, 122, 64, 179, 167, 143, 52, 210, 97, 15, 40, 158, 3, 43, 126, 179, 173, 242, 86, 47, 154, 70,
	218, 234, 229, 78, 189, 208, 90, 158, 11, 126, 24, 79, 93, 35, 197, 229, 1, 52, 89, 62, 79, 215, 164, 185, 210, 140,
	78, 107, 10, 56, 21, 179, 38, 221, 110, 180, 167, 92, 154, 57, 163, 101, 172, 14, 91, 232, 200, 26, 56, 158, 188, 144,
	61, 20, 133, 244, 181, 103, 135, 55, 16, 165, 79, 151, 184, 49, 23, 9, 124, 90, 142, 104, 89, 247, 172, 5, 76, 27, 122,
	119, 179, 153, 195, 98, 184, 48, 217, 254, 78, 59, 2, 138, 182, 168, 32, 200, 147, 203, 41, 138, 167, 237, 163, 173,
	236, 30, 150, 241, 155, 29, 13, 220, 113, 8, 101, 42, 220, 132, 183, 195, 220, 161, 181, 200, 208, 241, 1, 223, 234,
	102, 179, 236, 65, 167, 128, 101, 21, 31, 46, 169, 132, 62, 159, 128, 134, 116, 158, 204, 143, 92, 173, 187, 189, 195,
	170, 188, 28, 54, 236, 45, 4, 123, 211, 118, 226, 162, 245, 228, 46, 200, 131, 78, 196, 254, 21, 68, 247, 148, 83, 239,
	101, 243, 55, 131, 66, 152, 121, 127, 125, 88, 230, 126, 54, 206, 69, 255, 142, 51, 252, 45, 89, 8, 62, 218, 2, 97,
	241, 15, 85, 85, 255, 82, 85, 153, 63, 169, 42, 211, 61, 248, 84, 103, 198, 175, 251, 58, 30, 96, 117, 62, 158, 136,
	194, 241, 17, 29, 189, 29, 198, 77, 78, 223, 78, 132, 56, 244, 58, 249, 52, 204, 253, 171, 169, 139, 0, 43, 72, 118,
	103, 62, 121, 212, 126, 245, 170, 213, 127, 138, 253, 192, 167, 122, 22, 151, 222, 141, 15, 11, 153, 143, 1, 103, 200,
	215, 114, 150, 31, 142, 173, 110, 253, 99, 236, 119, 159, 215, 77, 114, 63, 123, 194, 125, 36, 242, 4, 94, 65, 128,
	111, 103, 243, 245, 201, 116, 139, 67, 119, 31, 135, 126, 200, 216, 79, 89, 61, 54, 189, 55, 235, 103, 171, 216, 47,
	150, 177, 156, 252, 173, 9, 239, 147, 99, 120, 245, 91, 255, 65, 249, 179, 90, 42, 62, 212, 210, 121, 15, 141, 92, 186,
	47, 57, 195, 80, 54, 6, 194, 122, 73, 221, 92, 36, 202, 220, 89, 47, 164, 184, 191, 60, 114, 92, 120, 26, 243, 156, 34,
	64, 129, 104, 167, 190, 216, 74, 193, 171, 72, 201, 202, 213, 90, 37, 86, 76, 137, 82, 98, 52, 138, 103, 31, 177, 170,
	100, 38, 126, 17, 67, 14, 234, 174, 28, 219, 99, 78, 124, 111, 142, 117, 187, 146, 139, 160, 206, 152, 190, 134, 249,
	205, 215, 46, 38, 154, 207, 183, 14, 160, 66, 98, 120, 220, 58, 247, 26, 162, 78, 42, 15, 79, 73, 137, 198, 224, 194,
	189, 166, 220, 218, 74, 194, 176, 33, 61, 5, 251, 0, 52, 61, 44, 247, 154, 171, 224, 235, 184, 12, 138, 44, 133, 32,
	42, 42, 58, 201, 236, 15, 136, 37, 126, 204, 127, 226, 47, 72, 12, 64, 32, 223, 138, 126, 71, 43, 218, 155, 73, 238,
	173, 101, 11, 76, 175, 40, 118, 62, 107, 186, 125, 117, 26, 230, 17, 25, 204, 190, 235, 40, 146, 72, 155, 222, 208,
	150, 219, 65, 112, 249, 186, 141, 165, 97, 154, 11, 63, 67, 119, 90, 48, 153, 3, 75, 4, 249, 237, 1, 236, 219, 125, 39,
	208, 168, 121, 89, 225, 50, 91, 77, 112, 11, 63, 192, 190, 229, 231, 238, 81, 82, 164, 21, 90, 109, 90, 221, 187, 188,
	232, 155, 251, 56, 77, 205, 75, 160, 60, 98, 128, 221, 201, 25, 131, 12, 151, 250, 46, 55, 125, 4, 33, 6, 77, 201, 242,
	28, 136, 214, 33, 230, 96, 212, 117, 223, 85, 113, 220, 199, 249, 218, 60, 153, 104, 72, 140, 249, 124, 196, 242, 126,
	188, 136, 71, 221, 178, 77, 22, 222, 178, 75, 73, 168, 55, 132, 99, 226, 180, 2, 87, 248, 132, 193, 183, 68, 211, 190,
	112, 65, 250, 130, 82, 214, 110, 43, 100, 224, 176, 133, 30, 73, 154, 193, 27, 49, 222, 238, 161, 100, 202, 111, 15,
	31, 211, 51, 34, 180, 78, 62, 8, 185, 88, 93, 103, 147, 112, 27, 35, 123, 175, 242, 209, 185, 225, 204, 180, 14, 185,
	90, 129, 249, 130, 9, 173, 221, 70, 33, 165, 120, 145, 246, 97, 12, 219, 1, 204, 243, 5, 33, 193, 142, 184, 177, 126,
	92, 68, 105, 184, 199, 228, 171, 165, 175, 59, 178, 33, 218, 141, 197, 35, 218, 87, 109, 54, 215, 114, 162, 199, 30,
	204, 147, 169, 223, 165, 244, 132, 70, 29, 235, 74, 219, 185, 65, 110, 117, 220, 148, 242, 73, 73, 84, 136, 46, 119,
	192, 123, 159, 0, 164, 78, 180, 69, 48, 119, 195, 55, 46, 87, 225, 118, 121, 120, 178, 20, 234, 241, 61, 198, 39, 221,
	164, 145, 250, 20, 64, 139, 209, 207, 85, 178, 246, 6, 229, 124, 148, 67, 189, 12, 162, 147, 57, 39, 93, 164, 251, 134,
	84, 143, 107, 78, 97, 161, 52, 2, 58, 72, 34, 113, 108, 207, 186, 88, 103, 187, 241, 104, 71, 201, 207, 50, 210, 146,
	100, 165, 42, 79, 241, 114, 113, 131, 237, 246, 227, 150, 221, 239, 61, 199, 128, 111, 193, 94, 111, 233, 20, 100, 170,
	103, 175, 33, 246, 235, 56, 230, 37, 213, 87, 138, 184, 244, 4, 140, 255, 70, 157, 254, 9, 89, 128, 175, 243, 57, 60,
	228, 90, 82, 241, 123, 53, 27, 25, 215, 20, 117, 141, 105, 78, 33, 175, 151, 130, 92, 227, 189, 121, 145, 175, 151,
	100, 67, 89, 25, 159, 218, 47, 64, 193, 205, 139, 111, 196, 220, 174, 146, 146, 242, 154, 176, 145, 195, 118, 187, 16,
	232, 8, 208, 40, 60, 39, 14, 177, 108, 166, 57, 245, 36, 172, 243, 81, 6, 67, 240, 123, 207, 182, 147, 46, 16, 233,
	221, 138, 53, 122, 88, 172, 49, 72, 67, 137, 151, 235, 67, 246, 249, 151, 174, 191, 138, 242, 77, 137, 239, 13, 155,
	204, 102, 94, 27, 3, 231, 47, 48, 47, 3, 253, 40, 141, 82, 26, 83, 46, 25, 7, 54, 69, 123, 236, 117, 104, 247, 193, 39,
	83, 12, 103, 36, 132, 224, 54, 50, 210, 205, 48, 90, 111, 120, 196, 88, 1, 85, 156, 241, 183, 7, 243, 177, 74, 210,
	134, 26, 15, 68, 92, 72, 135, 31, 112, 58, 225, 46, 87, 7, 136, 222, 208, 66, 150, 56, 49, 20, 138, 90, 149, 201, 144,
	46, 196, 232, 203, 207, 167, 198, 95, 161, 105, 80, 59, 183, 223, 251, 103, 152, 147, 106, 18, 146, 119, 22, 197, 119,
	52, 66, 39, 162, 140, 249, 70, 20, 38, 171, 1, 31, 93, 185, 66, 239, 230, 253, 208, 30, 41, 192, 117, 79, 29, 74, 134,
	183, 34, 51, 251, 138, 39, 208, 181, 203, 6, 107, 151, 213, 13, 156, 81, 78, 118, 88, 77, 102, 6, 235, 209, 203, 171,
	57, 55, 17, 5, 134, 252, 56, 171, 136, 79, 156, 119, 84, 42, 148, 162, 64, 29, 253, 78, 152, 12, 143, 64, 123, 192, 1,
	90, 174, 16, 11, 53, 80, 245, 66, 52, 59, 236, 141, 210, 213, 145, 61, 2, 199, 184, 169, 141, 210, 49, 48, 53, 6, 173,
	231, 233, 62, 234, 111, 146, 126, 191, 15, 12, 190, 159, 207, 24, 101, 73, 151, 103, 141, 201, 61, 177, 190, 20, 234,
	125, 244, 196, 62, 182, 28, 12, 244, 187, 102, 201, 224, 236, 5, 221, 235, 133, 89, 32, 100, 9, 217, 24, 33, 141, 133,
	70, 102, 120, 9, 72, 176, 182, 4, 92, 217, 117, 31, 123, 169, 105, 118, 222, 234, 96, 78, 53, 135, 99, 34, 209, 124,
	168, 113, 22, 221, 46, 134, 74, 226, 19, 117, 141, 43, 145, 5, 214, 160, 192, 221, 216, 121, 4, 98, 88, 29, 252, 219,
	186, 143, 55, 66, 89, 157, 45, 179, 125, 184, 77, 118, 112, 112, 184, 76, 105, 233, 132, 64, 66, 251, 245, 190, 189,
	113, 85, 135, 94, 16, 85, 98, 55, 33, 114, 131, 117, 151, 225, 219, 60, 168, 245, 76, 62, 123, 7, 96, 221, 45, 77, 18,
	21, 204, 242, 129, 45, 209, 34, 101, 161, 143, 185, 141, 171, 8, 43, 47, 202, 87, 158, 239, 221, 125, 70, 98, 116, 146,
	226, 231, 237, 120, 32, 72, 20, 124, 204, 228, 221, 176, 231, 59, 141, 45, 118, 98, 179, 133, 202, 24, 54, 151, 148,
	109, 127, 24, 192, 160, 20, 129, 255, 166, 255, 69, 156, 198, 254, 127, 18, 167, 247, 191, 138, 211, 117, 129, 152,
	194, 79, 113, 250, 243, 177, 255, 219, 113, 90, 255, 15, 227, 180, 122, 143, 216, 151, 23, 120, 166, 233, 95, 27, 34,
	77, 235, 83, 76, 116, 239, 248, 106, 51, 232, 76, 179, 209, 228, 203, 167, 108, 181, 37, 96, 84, 174, 143, 80, 219, 35,
	106, 25, 252, 44, 173, 172, 199, 115, 173, 52, 234, 114, 185, 165, 113, 241, 54, 159, 137, 102, 76, 23, 62, 107, 205,
	72, 224, 253, 100, 204, 15, 253, 228, 203, 189, 0, 107, 119, 147, 185, 51, 123, 191, 82, 9, 198, 27, 88, 210, 187, 118,
	101, 3, 248, 0, 249, 222, 130, 108, 218, 157, 6, 241, 83, 253, 87, 243, 109, 85, 233, 5, 78, 95, 85, 89, 93, 82, 127,
	172, 123, 23, 210, 18, 80, 57, 50, 83, 158, 205, 222, 221, 135, 229, 161, 141, 212, 116, 116, 28, 87, 8, 82, 235, 195,
	142, 75, 77, 28, 216, 100, 37, 64, 230, 109, 186, 148, 130, 164, 52, 163, 219, 170, 83, 42, 244, 239, 213, 216, 182,
	123, 231, 221, 161, 74, 121, 160, 11, 185, 168, 12, 54, 45, 37, 122, 187, 195, 156, 242, 70, 26, 100, 228, 110, 226,
	17, 215, 93, 21, 29, 252, 108, 90, 116, 39, 24, 151, 203, 106, 174, 33, 16, 246, 15, 135, 80, 144, 93, 40, 141, 167,
	55, 102, 47, 99, 59, 168, 162, 230, 166, 146, 41, 82, 74, 61, 145, 6, 163, 93, 218, 156, 55, 202, 53, 8, 135, 10, 125,
	144, 14, 12, 7, 109, 87, 42, 214, 123, 163, 89, 189, 77, 16, 14, 55, 24, 181, 171, 107, 73, 0, 186, 37, 56, 66, 173,
	125, 134, 46, 72, 7, 233, 243, 234, 93, 239, 106, 121, 50, 103, 125, 232, 9, 8, 25, 222, 59, 17, 117, 59, 202, 198,
	133, 235, 121, 133, 232, 106, 46, 42, 66, 18, 121, 197, 64, 138, 149, 162, 112, 32, 201, 103, 177, 45, 25, 213, 171,
	153, 15, 64, 81, 222, 86, 206, 249, 60, 200, 43, 28, 155, 114, 173, 81, 79, 71, 172, 68, 220, 15, 133, 133, 197, 5, 92,
	180, 246, 201, 146, 11, 45, 49, 21, 2, 46, 200, 71, 196, 87, 100, 81, 234, 56, 47, 212, 47, 148, 237, 165, 173, 212,
	226, 192, 88, 28, 19, 241, 44, 192, 94, 61, 63, 68, 21, 80, 20, 205, 214, 174, 175, 10, 215, 88, 251, 125, 184, 26,
	143, 174, 239, 200, 11, 215, 163, 84, 163, 49, 77, 143, 5, 213, 221, 98, 25, 5, 67, 196, 171, 226, 41, 9, 181, 51, 24,
	135, 93, 54, 65, 23, 226, 83, 189, 57, 67, 184, 220, 104, 224, 254, 58, 97, 228, 234, 46, 43, 182, 13, 213, 241, 194,
	115, 210, 80, 142, 3, 171, 170, 16, 44, 116, 126, 22, 230, 112, 247, 20, 169, 189, 229, 193, 252, 178, 131, 226, 166,
	82, 220, 134, 150, 135, 22, 197, 181, 234, 4, 202, 244, 97, 105, 247, 152, 144, 130, 67, 170, 55, 80, 19, 226, 149,
	137, 252, 182, 31, 175, 113, 58, 168, 124, 168, 9, 186, 233, 107, 244, 41, 218, 215, 154, 31, 217, 81, 139, 176, 127,
	31, 167, 249, 236, 114, 228, 80, 19, 131, 228, 101, 156, 215, 197, 45, 72, 92, 137, 89, 243, 38, 46, 220, 191, 142,
	211, 244, 41, 229, 45, 215, 227, 159, 186, 66, 63, 90, 110, 185, 212, 190, 142, 28, 224, 120, 169, 29, 107, 86, 133,
	37, 93, 250, 64, 120, 219, 178, 177, 31, 175, 167, 174, 237, 183, 91, 161, 118, 84, 197, 224, 241, 20, 163, 149, 55,
	158, 192, 239, 3, 137, 99, 237, 212, 88, 104, 215, 97, 123, 131, 138, 57, 142, 69, 206, 222, 113, 40, 62, 244, 74, 125,
	15, 248, 59, 6, 5, 133, 215, 215, 13, 185, 176, 228, 124, 173, 31, 125, 129, 63, 125, 240, 93, 81, 137, 250, 210, 237,
	187, 35, 139, 195, 8, 177, 50, 163, 234, 160, 8, 204, 50, 157, 189, 147, 213, 126, 185, 199, 46, 12, 134, 212, 229,
	135, 83, 176, 18, 191, 83, 140, 148, 240, 98, 185, 247, 122, 200, 178, 219, 116, 109, 16, 172, 147, 123, 143, 167, 44,
	84, 82, 180, 21, 183, 30, 24, 166, 198, 237, 83, 57, 23, 143, 108, 131, 8, 71, 34, 96, 193, 74, 126, 43, 120, 201, 67,
	236, 52, 188, 99, 88, 213, 153, 101, 219, 216, 145, 180, 55, 156, 192, 230, 108, 105, 129, 72, 37, 141, 145, 137, 59,
	152, 20, 176, 221, 20, 30, 157, 26, 52, 247, 224, 53, 187, 217, 83, 95, 255, 95, 246, 222, 164, 201, 93, 36, 249, 22,
	221, 243, 41, 122, 143, 93, 19, 147, 64, 44, 65, 204, 98, 158, 97, 7, 136, 121, 20, 51, 124, 250, 71, 254, 166, 174,
	174, 174, 174, 238, 250, 223, 190, 239, 154, 61, 123, 139, 52, 165, 2, 50, 20, 164, 34, 252, 248, 137, 112, 247, 195,
	111, 186, 31, 76, 5, 53, 124, 198, 7, 16, 106, 230, 11, 190, 115, 54, 21, 229, 121, 201, 227, 137, 15, 89, 23, 176, 63,
	105, 85, 219, 87, 8, 69, 35, 139, 187, 141, 179, 244, 124, 200, 81, 157, 60, 241, 45, 129, 35, 169, 23, 69, 138, 133,
	215, 99, 175, 14, 144, 176, 42, 86, 181, 250, 32, 193, 65, 17, 1, 94, 86, 12, 35, 115, 197, 62, 58, 183, 56, 81, 124,
	121, 183, 234, 43, 173, 233, 166, 198, 50, 76, 232, 159, 74, 177, 120, 60, 220, 63, 180, 27, 167, 76, 129, 150, 123,
	129, 249, 41, 245, 90, 37, 78, 187, 201, 93, 126, 132, 31, 125, 221, 82, 94, 201, 88, 47, 241, 4, 112, 165, 102, 235,
	88, 52, 85, 154, 5, 241, 153, 102, 120, 243, 193, 212, 119, 74, 185, 193, 44, 233, 222, 76, 58, 94, 4, 185, 151, 137,
	241, 240, 116, 53, 78, 206, 26, 100, 162, 79, 36, 93, 102, 196, 69, 252, 132, 53, 212, 57, 199, 96, 84, 99, 21, 63, 94,
	114, 192, 9, 109, 57, 43, 226, 145, 181, 192, 170, 174, 125, 209, 22, 132, 112, 85, 218, 208, 105, 222, 188, 12, 51,
	250, 106, 187, 3, 201, 64, 238, 153, 71, 141, 76, 61, 64, 178, 231, 241, 70, 94, 153, 133, 32, 155, 84, 125, 241, 105,
	70, 74, 218, 254, 97, 24, 157, 73, 129, 84, 59, 197, 71, 13, 43, 252, 140, 63, 95, 89, 69, 123, 243, 56, 19, 75, 208,
	249, 75, 113, 1, 18, 148, 56, 81, 209, 127, 32, 187, 130, 196, 249, 131, 221, 114, 98, 33, 119, 21, 70, 236, 195, 137,
	137, 246, 243, 153, 35, 220, 22, 22, 122, 220, 207, 117, 87, 75, 224, 57, 220, 132, 37, 76, 254, 60, 212, 227, 127,
	217, 105, 147, 90, 105, 242, 183, 239, 21, 169, 191, 227, 244, 119, 208, 6, 254, 183, 206, 43, 183, 111, 193, 118, 203,
	159, 4, 120, 252, 40, 140, 246, 59, 108, 52, 89, 231, 55, 50, 218, 189, 2, 136, 141, 49, 255, 230, 140, 146, 139, 59,
	179, 73, 58, 250, 136, 124, 181, 249, 173, 60, 140, 200, 190, 231, 224, 50, 154, 194, 15, 13, 219, 47, 125, 21, 238,
	31, 255, 246, 71, 16, 233, 87, 133, 1, 239, 254, 165, 254, 253, 155, 227, 70, 69, 17, 56, 99, 254, 166, 221, 233, 170,
	77, 112, 208, 63, 43, 79, 255, 132, 252, 159, 96, 251, 43, 224, 14, 248, 138, 113, 253, 130, 122, 205, 118, 144, 239,
	17, 33, 202, 183, 184, 215, 223, 106, 145, 255, 187, 199, 251, 249, 116, 192, 127, 227, 241, 126, 62, 29, 240, 191,
	243, 120, 191, 143, 32, 1, 254, 181, 90, 243, 147, 124, 135, 250, 22, 148, 210, 42, 189, 136, 60, 237, 162, 41, 139,
	209, 80, 82, 61, 108, 190, 157, 234, 131, 149, 115, 28, 45, 69, 183, 193, 227, 182, 49, 222, 182, 113, 188, 0, 114,
	214, 245, 68, 55, 173, 249, 93, 218, 180, 166, 242, 69, 199, 209, 86, 185, 110, 175, 114, 119, 41, 50, 20, 55, 144,
	186, 107, 26, 122, 248, 204, 118, 51, 229, 195, 214, 61, 126, 180, 39, 72, 93, 87, 42, 151, 224, 92, 51, 133, 7, 203,
	247, 105, 3, 223, 3, 7, 80, 7, 198, 176, 174, 181, 241, 206, 166, 40, 66, 181, 29, 84, 240, 225, 105, 157, 135, 67,
	250, 12, 199, 90, 88, 241, 241, 145, 242, 152, 238, 200, 71, 57, 93, 181, 195, 147, 98, 68, 197, 194, 73, 74, 137, 27,
	51, 36, 110, 54, 228, 67, 77, 79, 251, 68, 177, 144, 3, 74, 29, 10, 51, 212, 19, 132, 29, 220, 249, 109, 56, 37, 110,
	185, 135, 41, 53, 185, 74, 145, 67, 72, 224, 235, 160, 160, 184, 140, 122, 214, 134, 136, 15, 29, 73, 188, 171, 182,
	20, 238, 17, 162, 189, 112, 248, 144, 84, 72, 8, 241, 251, 172, 185, 121, 103, 145, 30, 0, 165, 204, 232, 55, 179, 194,
	118, 148, 18, 179, 70, 254, 217, 133, 128, 164, 59, 4, 26, 118, 75, 5, 51, 124, 158, 196, 93, 131, 70, 135, 147, 218,
	121, 223, 71, 216, 119, 111, 56, 77, 20, 15, 198, 188, 121, 249, 142, 159, 191, 133, 57, 224, 127, 174, 51, 96, 193,
	212, 237, 141, 104, 8, 255, 140, 138, 215, 135, 231, 244, 17, 160, 14, 222, 89, 111, 132, 118, 252, 145, 7, 253, 35,
	130, 196, 173, 208, 245, 162, 39, 36, 210, 105, 135, 39, 227, 75, 253, 66, 2, 233, 158, 129, 84, 204, 111, 78, 254,
	196, 236, 212, 136, 197, 139, 79, 2, 217, 196, 44, 126, 91, 127, 164, 136, 76, 224, 2, 141, 160, 174, 147, 30, 247,
	100, 192, 196, 72, 64, 115, 51, 100, 110, 92, 8, 243, 22, 103, 221, 219, 85, 50, 140, 244, 112, 162, 161, 33, 241, 231,
	84, 204, 91, 119, 63, 145, 17, 101, 119, 212, 159, 184, 193, 58, 109, 96, 73, 6, 129, 156, 198, 131, 92, 210, 121, 113,
	242, 219, 74, 71, 232, 230, 161, 16, 158, 183, 43, 161, 107, 240, 125, 243, 210, 161, 192, 95, 14, 44, 120, 53, 38, 40,
	111, 73, 71, 150, 247, 167, 149, 12, 23, 74, 221, 1, 52, 24, 252, 105, 29, 129, 169, 240, 68, 1, 232, 144, 32, 152, 27,
	5, 195, 153, 111, 147, 176, 1, 230, 246, 133, 56, 222, 39, 154, 192, 135, 161, 167, 241, 24, 147, 130, 40, 214, 153,
	124, 42, 15, 90, 9, 229, 144, 215, 148, 114, 205, 235, 148, 175, 238, 209, 180, 152, 35, 195, 153, 120, 230, 168, 218,
	34, 182, 13, 144, 146, 105, 169, 135, 17, 127, 234, 98, 171, 62, 225, 79, 61, 32, 17, 63, 83, 27, 214, 192, 26, 45,
	211, 89, 121, 208, 224, 251, 193, 146, 77, 32, 155, 230, 208, 19, 186, 80, 98, 49, 46, 24, 140, 103, 149, 41, 141, 13,
	246, 160, 51, 3, 103, 56, 222, 191, 137, 32, 97, 254, 151, 109, 58, 150, 253, 183, 223, 90, 225, 111, 26, 48, 255, 21,
	21, 24, 229, 203, 34, 239, 191, 44, 50, 243, 12, 244, 243, 15, 213, 95, 88, 232, 119, 98, 243, 38, 247, 91, 85, 43,
	224, 50, 113, 172, 252, 35, 55, 224, 167, 89, 250, 71, 9, 148, 203, 210, 112, 146, 235, 192, 127, 47, 227, 21, 127,
	227, 92, 212, 249, 77, 79, 128, 17, 127, 40, 160, 80, 41, 240, 93, 180, 229, 235, 176, 243, 75, 111, 75, 129, 213, 191,
	139, 182, 252, 67, 219, 191, 27, 213, 215, 160, 128, 255, 206, 168, 254, 138, 214, 138, 170, 29, 214, 68, 226, 38, 72,
	194, 237, 161, 227, 90, 121, 243, 28, 214, 147, 84, 123, 188, 248, 244, 10, 34, 27, 221, 127, 52, 138, 1, 88, 19, 66,
	29, 170, 204, 108, 103, 232, 27, 198, 59, 29, 146, 119, 2, 60, 201, 221, 207, 45, 117, 252, 106, 122, 85, 232, 105,
	177, 133, 161, 231, 99, 102, 54, 158, 44, 33, 40, 195, 178, 144, 90, 187, 18, 131, 136, 89, 238, 59, 24, 50, 91, 194,
	203, 63, 27, 10, 160, 57, 50, 206, 166, 163, 218, 203, 101, 48, 104, 34, 84, 123, 219, 179, 116, 205, 18, 42, 147, 23,
	159, 54, 61, 112, 188, 102, 21, 227, 234, 48, 228, 224, 155, 205, 205, 76, 116, 129, 10, 72, 243, 176, 244, 62, 249,
	224, 208, 202, 5, 82, 182, 203, 178, 32, 243, 43, 240, 10, 169, 215, 225, 250, 10, 67, 106, 16, 191, 192, 130, 234, 14,
	47, 34, 220, 79, 250, 41, 24, 159, 17, 82, 88, 194, 161, 142, 50, 156, 118, 126, 82, 26, 238, 227, 54, 234, 96, 180,
	171, 112, 27, 172, 185, 85, 34, 91, 210, 94, 76, 38, 152, 32, 246, 180, 136, 19, 24, 192, 162, 115, 62, 139, 43, 128,
	52, 175, 207, 101, 189, 61, 134, 104, 183, 121, 10, 103, 203, 168, 187, 155, 195, 173, 232, 222, 136, 160, 62, 242,
	228, 227, 161, 61, 49, 79, 167, 200, 133, 129, 1, 221, 151, 152, 116, 247, 39, 236, 163, 209, 77, 38, 46, 91, 150, 252,
	93, 107, 229, 73, 153, 253, 23, 232, 120, 255, 137, 22, 0, 167, 163, 17, 167, 88, 153, 162, 98, 197, 106, 222, 159, 90,
	118, 140, 193, 161, 74, 0, 166, 243, 236, 31, 251, 251, 79, 26, 250, 126, 6, 151, 209, 162, 32, 43, 162, 32, 42, 34,
	79, 245, 2, 158, 103, 98, 136, 199, 188, 89, 36, 76, 191, 202, 136, 57, 36, 173, 91, 125, 85, 117, 6, 82, 235, 94, 203,
	254, 247, 185, 38, 183, 247, 230, 253, 36, 25, 187, 130, 191, 86, 133, 229, 186, 170, 35, 217, 226, 246, 125, 142, 57,
	135, 242, 3, 91, 191, 218, 148, 227, 219, 123, 250, 219, 239, 229, 215, 57, 187, 248, 149, 142, 95, 79, 246, 9, 255,
	90, 82, 95, 23, 77, 4, 46, 173, 231, 206, 232, 142, 201, 233, 200, 63, 86, 131, 186, 70, 129, 196, 200, 143, 131, 247,
	118, 31, 18, 212, 216, 12, 156, 166, 123, 230, 226, 3, 186, 87, 64, 111, 129, 194, 229, 131, 68, 223, 104, 178, 132,
	79, 24, 250, 238, 22, 220, 151, 208, 55, 214, 0, 149, 38, 25, 49, 230, 247, 247, 176, 251, 44, 249, 26, 37, 71, 86,
	223, 86, 2, 252, 56, 253, 171, 99, 255, 148, 178, 175, 149, 0, 104, 214, 189, 74, 218, 237, 95, 23, 169, 16, 64, 31,
	57, 25, 17, 197, 173, 36, 179, 56, 60, 23, 24, 141, 163, 165, 161, 164, 45, 55, 96, 13, 122, 148, 229, 65, 97, 193,
	216, 81, 164, 22, 64, 4, 92, 85, 100, 119, 83, 210, 139, 123, 39, 217, 153, 168, 83, 206, 5, 177, 193, 100, 79, 112,
	164, 56, 248, 226, 171, 96, 7, 33, 183, 25, 161, 136, 78, 215, 95, 66, 42, 165, 145, 90, 86, 93, 152, 53, 6, 207, 88,
	106, 41, 128, 144, 108, 97, 28, 57, 64, 64, 143, 222, 28, 148, 120, 6, 212, 103, 95, 35, 100, 154, 36, 203, 60, 122,
	207, 95, 36, 119, 108, 238, 149, 220, 61, 102, 112, 180, 178, 241, 172, 249, 186, 66, 54, 59, 188, 195, 123, 112, 227,
	125, 167, 33, 8, 229, 246, 196, 94, 231, 211, 249, 168, 134, 141, 5, 18, 235, 2, 111, 27, 166, 111, 135, 146, 241, 73,
	49, 225, 152, 100, 211, 175, 184, 182, 159, 146, 90, 5, 7, 126, 54, 243, 73, 240, 166, 227, 240, 168, 217, 113, 62, 17,
	37, 10, 178, 97, 199, 67, 23, 189, 54, 218, 250, 150, 73, 159, 118, 203, 63, 151, 108, 10, 234, 6, 27, 10, 192, 191,
	243, 90, 56, 136, 82, 113, 198, 106, 249, 85, 207, 111, 13, 77, 152, 99, 156, 11, 10, 200, 252, 38, 43, 47, 97, 182,
	139, 22, 13, 164, 190, 216, 96, 240, 99, 158, 54, 126, 63, 166, 167, 17, 55, 35, 239, 95, 190, 31, 124, 241, 201, 30,
	20, 255, 135, 56, 193, 186, 255, 9, 84, 252, 39, 104, 97, 124, 161, 197, 241, 15, 104, 1, 253, 33, 90, 112, 212, 95,
	71, 139, 87, 69, 245, 63, 237, 178, 232, 252, 123, 187, 108, 186, 65, 254, 125, 70, 254, 146, 249, 250, 137, 14, 206,
	166, 50, 225, 239, 16, 227, 123, 219, 255, 219, 35, 251, 11, 101, 40, 165, 110, 47, 24, 115, 91, 74, 16, 85, 94, 79,
	109, 245, 55, 246, 36, 238, 229, 42, 117, 100, 62, 100, 22, 144, 230, 67, 215, 84, 185, 68, 22, 180, 214, 88, 210, 217,
	6, 151, 85, 179, 208, 142, 206, 182, 48, 57, 94, 104, 53, 228, 212, 202, 108, 228, 248, 226, 38, 144, 12, 239, 146,
	179, 204, 15, 101, 175, 145, 62, 7, 95, 113, 174, 63, 223, 10, 132, 218, 58, 28, 204, 66, 1, 156, 102, 55, 16, 69, 161,
	219, 92, 185, 96, 5, 225, 49, 220, 228, 122, 115, 142, 47, 138, 17, 132, 52, 81, 41, 196, 11, 46, 253, 183, 198, 200,
	183, 176, 225, 39, 187, 65, 30, 86, 127, 195, 195, 143, 97, 43, 92, 186, 231, 17, 19, 207, 79, 97, 65, 201, 24, 180, 1,
	194, 11, 246, 28, 59, 249, 196, 182, 4, 187, 200, 62, 35, 182, 152, 149, 185, 123, 70, 132, 149, 42, 140, 161, 143, 2,
	13, 33, 11, 82, 101, 164, 49, 7, 226, 222, 14, 125, 143, 191, 70, 84, 224, 71, 161, 224, 244, 39, 168, 21, 200, 253,
	132, 151, 61, 90, 113, 8, 152, 156, 32, 239, 215, 41, 213, 80, 102, 173, 239, 5, 89, 9, 154, 247, 152, 252, 181, 240,
	159, 243, 197, 248, 31, 66, 110, 128, 194, 139, 9, 152, 199, 108, 229, 136, 244, 32, 250, 217, 110, 194, 231, 224, 226,
	242, 39, 48, 252, 0, 116, 80, 86, 186, 13, 203, 152, 162, 119, 0, 134, 5, 52, 194, 127, 214, 36, 187, 80, 195, 50, 190,
	80, 35, 255, 143, 80, 67, 213, 156, 178, 222, 75, 246, 232, 67, 121, 58, 86, 32, 233, 7, 82, 157, 211, 72, 80, 247,
	238, 95, 161, 6, 106, 252, 66, 13, 247, 66, 13, 235, 66, 13, 161, 23, 121, 246, 250, 161, 139, 142, 156, 190, 20, 65,
	181, 242, 177, 2, 33, 223, 28, 161, 167, 66, 49, 42, 221, 229, 246, 167, 237, 53, 150, 184, 117, 33, 25, 82, 53, 253,
	239, 243, 172, 81, 170, 239, 123, 204, 95, 32, 240, 99, 223, 249, 106, 163, 190, 161, 135, 1, 177, 205, 151, 54, 233,
	241, 13, 33, 220, 224, 235, 194, 5, 33, 212, 93, 102, 31, 164, 249, 252, 153, 144, 249, 5, 49, 223, 38, 243, 100, 92,
	168, 98, 218, 100, 245, 15, 245, 244, 124, 169, 121, 183, 228, 183, 120, 216, 175, 106, 220, 83, 244, 149, 225, 201,
	70, 185, 249, 162, 159, 69, 77, 247, 239, 203, 111, 254, 26, 246, 251, 194, 143, 127, 26, 45, 162, 30, 241, 147, 252,
	133, 125, 62, 250, 149, 149, 96, 102, 193, 53, 82, 32, 65, 213, 76, 129, 175, 158, 221, 199, 225, 35, 46, 226, 127,
	211, 175, 174, 151, 47, 200, 249, 147, 210, 157, 16, 225, 207, 145, 254, 178, 156, 82, 123, 68, 172, 239, 8, 50, 161,
	131, 128, 174, 247, 169, 99, 197, 99, 113, 11, 6, 116, 97, 118, 88, 9, 234, 103, 218, 209, 39, 236, 196, 51, 195, 132,
	103, 49, 130, 116, 195, 183, 92, 100, 204, 4, 33, 201, 235, 65, 245, 146, 115, 161, 100, 21, 162, 170, 86, 212, 40,
	252, 218, 217, 228, 125, 166, 19, 116, 7, 186, 233, 53, 87, 2, 91, 60, 154, 97, 28, 201, 199, 195, 110, 188, 117, 234,
	205, 134, 19, 219, 251, 251, 49, 125, 148, 152, 208, 123, 4, 213, 99, 168, 116, 148, 58, 92, 239, 40, 175, 244, 175,
	136, 229, 237, 68, 120, 228, 42, 247, 180, 22, 254, 237, 159, 153, 143, 52, 62, 64, 169, 243, 130, 188, 194, 67, 172,
	103, 227, 98, 34, 129, 59, 131, 40, 175, 147, 140, 1, 63, 151, 180, 54, 137, 135, 208, 152, 48, 164, 144, 3, 169, 209,
	208, 141, 145, 108, 162, 139, 246, 33, 229, 33, 81, 102, 238, 172, 52, 223, 70, 166, 12, 89, 76, 147, 150, 55, 5, 168,
	207, 8, 126, 138, 157, 255, 228, 213, 74, 123, 190, 97, 161, 210, 63, 241, 167, 122, 119, 247, 70, 127, 179, 8, 93, 6,
	180, 140, 134, 31, 255, 229, 110, 235, 218, 115, 244, 18, 156, 55, 188, 131, 115, 122, 32, 84, 248, 68, 109, 249, 163,
	184, 235, 171, 106, 165, 197, 93, 129, 141, 60, 48, 234, 16, 62, 221, 30, 239, 50, 103, 253, 105, 13, 230, 11, 45, 152,
	114, 42, 243, 239, 24, 98, 34, 127, 89, 64, 157, 139, 190, 12, 30, 204, 255, 93, 84, 82, 122, 93, 38, 96, 217, 202,
	137, 171, 254, 24, 40, 196, 223, 101, 85, 170, 242, 87, 169, 73, 224, 55, 181, 38, 159, 73, 203, 65, 215, 132, 188, 28,
	166, 240, 183, 117, 40, 95, 215, 53, 246, 106, 31, 194, 131, 46, 228, 78, 89, 20, 179, 222, 184, 159, 5, 238, 119, 154,
	49, 44, 250, 219, 117, 32, 252, 121, 70, 195, 137, 63, 130, 209, 217, 227, 75, 174, 71, 251, 10, 74, 183, 157, 243,
	123, 133, 76, 227, 247, 109, 155, 243, 187, 125, 26, 7, 154, 118, 224, 31, 138, 128, 214, 210, 241, 181, 102, 146, 107,
	170, 191, 255, 161, 64, 232, 151, 24, 218, 87, 123, 211, 93, 139, 127, 73, 14, 108, 231, 109, 202, 255, 153, 194, 201,
	126, 1, 5, 123, 173, 181, 111, 55, 252, 200, 226, 113, 42, 241, 47, 200, 249, 60, 203, 254, 97, 80, 207, 119, 196, 249,
	22, 60, 115, 122, 252, 4, 54, 84, 75, 213, 68, 218, 93, 31, 167, 65, 124, 230, 29, 141, 161, 51, 182, 193, 238, 159,
	249, 238, 49, 103, 116, 67, 183, 164, 35, 75, 159, 234, 114, 48, 130, 88, 22, 119, 120, 114, 205, 149, 233, 90, 170,
	107, 168, 90, 163, 31, 169, 130, 238, 89, 49, 238, 149, 17, 176, 79, 91, 172, 19, 31, 112, 234, 39, 136, 42, 241, 192,
	53, 187, 71, 197, 131, 31, 159, 28, 148, 179, 134, 24, 49, 210, 3, 168, 178, 108, 119, 136, 101, 155, 218, 40, 174,
	218, 51, 126, 66, 197, 29, 57, 218, 241, 173, 236, 3, 113, 246, 247, 148, 107, 225, 89, 38, 0, 138, 48, 233, 48, 169,
	141, 49, 199, 184, 224, 17, 81, 81, 91, 111, 183, 183, 188, 212, 218, 67, 149, 72, 48, 107, 124, 29, 194, 44, 63, 138,
	233, 56, 53, 236, 28, 194, 251, 245, 1, 165, 57, 203, 241, 236, 108, 248, 248, 180, 163, 111, 237, 128, 57, 7, 132,
	113, 11, 224, 233, 137, 245, 218, 138, 63, 18, 27, 159, 119, 45, 111, 229, 196, 124, 17, 153, 231, 62, 246, 71, 87,
	100, 230, 113, 248, 96, 81, 99, 181, 220, 4, 74, 202, 34, 41, 101, 190, 218, 23, 158, 208, 161, 119, 127, 4, 5, 194,
	22, 234, 237, 179, 93, 164, 102, 176, 62, 46, 144, 63, 84, 155, 53, 246, 83, 48, 150, 195, 28, 24, 211, 168, 70, 205,
	224, 113, 119, 204, 110, 124, 243, 130, 151, 6, 179, 180, 204, 3, 211, 178, 167, 84, 203, 131, 79, 172, 91, 44, 97,
	210, 207, 45, 211, 71, 57, 119, 87, 196, 92, 117, 21, 13, 216, 67, 54, 35, 224, 78, 167, 221, 65, 194, 136, 64, 82,
	225, 123, 201, 39, 58, 214, 189, 142, 177, 131, 102, 222, 139, 226, 206, 114, 119, 214, 16, 149, 135, 16, 45, 70, 209,
	192, 47, 252, 80, 115, 116, 92, 170, 18, 103, 52, 47, 238, 150, 69, 13, 103, 36, 60, 201, 72, 50, 178, 128, 5, 234,
	190, 31, 94, 30, 60, 106, 197, 217, 189, 125, 232, 153, 24, 196, 185, 105, 41, 121, 236, 221, 187, 243, 158, 199, 214,
	134, 249, 60, 178, 44, 49, 117, 109, 49, 182, 81, 88, 63, 251, 251, 46, 204, 185, 227, 48, 229, 45, 236, 188, 180, 162,
	233, 130, 39, 209, 4, 164, 0, 170, 38, 27, 67, 40, 18, 19, 102, 196, 22, 12, 46, 234, 184, 214, 230, 171, 136, 139,
	112, 44, 209, 102, 116, 247, 91, 141, 155, 124, 40, 223, 25, 201, 201, 52, 115, 234, 100, 69, 211, 205, 180, 156, 42,
	195, 130, 59, 252, 248, 176, 45, 1, 249, 125, 111, 200, 120, 9, 112, 197, 45, 187, 51, 73, 198, 250, 58, 81, 83, 67,
	99, 224, 162, 154, 233, 57, 79, 185, 206, 153, 197, 148, 186, 232, 54, 60, 126, 220, 167, 139, 110, 8, 27, 236, 132,
	63, 25, 76, 23, 236, 247, 238, 15, 18, 71, 129, 255, 48, 109, 253, 31, 84, 140, 231, 176, 195, 70, 226, 233, 144, 169,
	146, 195, 249, 103, 62, 235, 187, 55, 92, 92, 6, 48, 22, 232, 95, 240, 146, 203, 28, 61, 131, 203, 151, 102, 186, 208,
	214, 197, 188, 37, 194, 142, 78, 112, 30, 29, 218, 41, 23, 144, 148, 153, 7, 191, 188, 125, 110, 16, 113, 127, 41, 90,
	240, 106, 57, 5, 152, 159, 134, 85, 118, 240, 124, 217, 57, 180, 147, 253, 215, 125, 60, 82, 9, 187, 43, 124, 82, 14,
	171, 63, 82, 240, 25, 104, 113, 224, 30, 151, 105, 230, 251, 22, 69, 192, 78, 173, 50, 98, 95, 82, 35, 79, 186, 224,
	147, 241, 253, 96, 15, 115, 73, 32, 182, 235, 2, 147, 41, 112, 31, 67, 251, 10, 50, 190, 23, 146, 82, 250, 29, 65, 147,
	133, 100, 149, 96, 63, 133, 196, 9, 170, 245, 229, 0, 41, 55, 115, 130, 90, 75, 35, 149, 129, 25, 234, 184, 89, 223,
	197, 194, 172, 236, 197, 188, 177, 88, 54, 170, 248, 198, 144, 16, 33, 165, 192, 219, 4, 195, 38, 42, 39, 114, 30, 139,
	221, 230, 8, 144, 228, 248, 137, 124, 61, 66, 194, 44, 93, 185, 151, 72, 68, 219, 106, 252, 21, 129, 105, 99, 201, 253,
	156, 179, 159, 245, 65, 122, 180, 71, 236, 116, 82, 62, 140, 11, 29, 15, 198, 67, 12, 237, 32, 188, 7, 0, 215, 55, 58,
	99, 246, 165, 50, 213, 11, 180, 214, 81, 81, 153, 196, 142, 110, 28, 28, 71, 141, 205, 205, 251, 145, 230, 251, 186,
	228, 24, 93, 151, 5, 191, 200, 31, 104, 190, 150, 132, 155, 71, 55, 140, 210, 242, 206, 111, 231, 71, 45, 196, 20, 177,
	222, 206, 106, 7, 90, 65, 96, 103, 244, 161, 113, 111, 170, 137, 46, 228, 236, 172, 117, 166, 179, 144, 55, 241, 115,
	222, 116, 198, 209, 64, 121, 34, 134, 48, 174, 105, 85, 19, 154, 0, 199, 9, 102, 109, 198, 197, 19, 119, 30, 127, 212,
	26, 255, 230, 45, 247, 120, 22, 48, 186, 67, 48, 176, 204, 34, 154, 159, 133, 173, 49, 1, 113, 34, 231, 0, 122, 147, 6,
	233, 19, 139, 179, 36, 10, 35, 14, 157, 138, 215, 2, 175, 176, 34, 88, 185, 91, 128, 178, 202, 17, 146, 44, 130, 231,
	93, 223, 121, 96, 220, 179, 32, 252, 96, 70, 254, 158, 235, 201, 69, 4, 128, 169, 31, 149, 77, 116, 2, 28, 185, 227,
	211, 237, 29, 245, 70, 122, 251, 56, 47, 235, 129, 80, 101, 3, 26, 206, 245, 62, 182, 187, 152, 170, 58, 148, 28, 158,
	190, 96, 130, 232, 77, 64, 181, 233, 84, 180, 6, 247, 30, 175, 106, 152, 155, 173, 121, 114, 115, 164, 229, 128, 179,
	203, 138, 27, 188, 139, 7, 198, 47, 44, 27, 22, 171, 99, 20, 139, 34, 146, 111, 133, 4, 37, 198, 199, 5, 42, 209, 218,
	19, 42, 143, 229, 177, 203, 216, 49, 177, 35, 186, 26, 207, 234, 241, 242, 210, 108, 42, 84, 61, 44, 109, 214, 217,
	187, 65, 40, 107, 23, 32, 192, 112, 158, 132, 199, 28, 222, 208, 51, 166, 103, 216, 252, 232, 141, 85, 100, 195, 160,
	38, 242, 159, 102, 76, 60, 159, 174, 73, 137, 33, 12, 252, 199, 248, 44, 64, 23, 129, 163, 227, 95, 4, 78, 244, 39, 13,
	29, 106, 245, 54, 104, 212, 31, 214, 30, 52, 170, 191, 167, 170, 82, 219, 38, 25, 142, 202, 184, 141, 68, 3, 150, 219,
	239, 191, 203, 85, 53, 44, 168, 161, 13, 72, 245, 20, 3, 218, 158, 191, 118, 224, 204, 31, 109, 191, 23, 189, 251, 81,
	18, 196, 166, 96, 224, 27, 65, 251, 170, 80, 125, 190, 191, 72, 219, 249, 163, 36, 200, 175, 54, 133, 21, 119, 246, 91,
	213, 142, 31, 34, 120, 14, 119, 121, 86, 161, 101, 56, 77, 116, 129, 169, 241, 195, 102, 176, 207, 109, 19, 0, 135,
	157, 191, 15, 179, 98, 85, 133, 250, 21, 229, 193, 254, 104, 251, 199, 131, 23, 87, 249, 83, 200, 5, 126, 135, 185,
	241, 39, 90, 110, 129, 243, 241, 199, 3, 244, 195, 97, 128, 124, 146, 9, 155, 21, 213, 47, 194, 211, 18, 251, 35, 51,
	79, 253, 105, 190, 244, 172, 157, 177, 108, 118, 237, 55, 231, 239, 131, 106, 114, 235, 242, 200, 21, 160, 106, 251,
	64, 152, 75, 29, 49, 163, 7, 203, 230, 136, 175, 211, 213, 116, 167, 35, 255, 105, 160, 48, 174, 123, 199, 214, 236,
	75, 198, 210, 73, 111, 109, 217, 123, 86, 115, 5, 125, 64, 200, 77, 2, 213, 15, 194, 244, 178, 101, 6, 94, 207, 35,
	101, 175, 167, 21, 4, 152, 252, 65, 246, 137, 44, 83, 4, 174, 232, 133, 66, 21, 42, 249, 178, 20, 166, 18, 243, 177,
	199, 237, 180, 227, 217, 99, 127, 26, 80, 229, 118, 15, 214, 126, 215, 126, 65, 151, 205, 161, 14, 84, 35, 232, 227,
	153, 223, 125, 157, 210, 104, 109, 128, 94, 189, 251, 102, 128, 40, 218, 253, 216, 111, 141, 84, 243, 190, 74, 121, 6,
	95, 178, 114, 175, 23, 223, 245, 120, 138, 83, 53, 214, 64, 214, 103, 33, 34, 140, 17, 199, 98, 20, 169, 199, 246, 226,
	44, 55, 3, 153, 229, 204, 135, 182, 123, 115, 148, 236, 97, 229, 120, 135, 162, 205, 112, 66, 0, 106, 111, 212, 99,
	184, 97, 41, 161, 60, 141, 117, 54, 62, 38, 52, 215, 219, 163, 250, 60, 98, 154, 185, 203, 55, 232, 37, 186, 164, 171,
	72, 137, 121, 222, 76, 83, 99, 239, 101, 152, 130, 218, 83, 20, 168, 241, 193, 141, 81, 159, 108, 17, 246, 224, 53,
	150, 250, 48, 60, 224, 45, 23, 250, 169, 228, 54, 126, 52, 70, 74, 71, 111, 191, 167, 66, 141, 103, 124, 217, 247, 103,
	131, 80, 40, 203, 224, 190, 222, 98, 3, 247, 142, 10, 134, 228, 69, 153, 126, 101, 49, 254, 169, 247, 90, 30, 141, 72,
	174, 26, 71, 183, 169, 203, 29, 175, 198, 137, 0, 30, 135, 130, 236, 55, 140, 192, 94, 108, 67, 67, 229, 120, 4, 13,
	116, 219, 74, 61, 151, 111, 84, 211, 250, 39, 177, 236, 114, 36, 35, 239, 82, 81, 246, 9, 98, 118, 92, 185, 33, 154,
	188, 36, 119, 149, 187, 193, 154, 27, 180, 232, 137, 195, 186, 162, 181, 168, 103, 2, 119, 121, 176, 228, 162, 1, 161,
	204, 87, 189, 162, 123, 44, 121, 140, 128, 240, 171, 183, 238, 53, 139, 102, 213, 125, 22, 103, 163, 135, 238, 101,
	153, 61, 5, 73, 255, 48, 198, 196, 11, 224, 236, 92, 28, 118, 136, 18, 127, 168, 163, 249, 66, 9, 94, 81, 145, 199, 93,
	2, 200, 0, 202, 106, 177, 62, 184, 91, 113, 26, 68, 101, 121, 131, 198, 7, 239, 184, 120, 27, 227, 39, 245, 66, 164,
	100, 201, 29, 223, 140, 6, 206, 135, 40, 29, 244, 102, 113, 38, 223, 160, 192, 125, 30, 59, 24, 173, 111, 9, 38, 107,
	147, 182, 95, 206, 175, 104, 190, 0, 3, 193, 67, 81, 161, 134, 196, 24, 169, 240, 39, 230, 94, 179, 249, 248, 218, 189,
	153, 146, 45, 51, 2, 241, 181, 5, 95, 101, 77, 132, 107, 161, 179, 137, 77, 175, 10, 187, 241, 207, 231, 181, 90, 12,
	135, 163, 79, 234, 23, 233, 3, 254, 206, 250, 184, 42, 64, 131, 37, 244, 149, 53, 108, 155, 41, 244, 184, 58, 246, 154,
	69, 134, 184, 35, 64, 138, 225, 162, 143, 167, 252, 219, 77, 73, 207, 92, 147, 131, 60, 2, 175, 193, 3, 79, 173, 222,
	21, 187, 0, 23, 235, 131, 20, 250, 241, 219, 79, 162, 139, 66, 253, 69, 47, 99, 68, 61, 147, 231, 189, 8, 16, 21, 145,
	91, 247, 252, 157, 64, 182, 85, 16, 118, 133, 158, 73, 87, 195, 62, 2, 184, 203, 135, 190, 219, 241, 69, 142, 177, 219,
	106, 255, 171, 220, 233, 239, 60, 255, 114, 56, 2, 133, 142, 40, 78, 125, 9, 179, 166, 103, 234, 145, 218, 110, 22,
	122, 120, 47, 52, 234, 116, 40, 128, 80, 129, 228, 87, 241, 144, 228, 251, 174, 111, 78, 95, 191, 71, 95, 217, 160, 94,
	112, 25, 0, 174, 164, 115, 211, 21, 44, 234, 91, 129, 17, 143, 249, 182, 171, 243, 247, 167, 216, 196, 231, 87, 59, 71,
	227, 79, 202, 164, 40, 192, 48, 104, 152, 18, 12, 42, 222, 232, 131, 226, 107, 42, 188, 158, 146, 226, 13, 74, 164,
	232, 154, 226, 157, 175, 87, 230, 235, 53, 201, 105, 232, 219, 245, 139, 186, 81, 188, 66, 5, 198, 229, 233, 92, 239,
	31, 27, 189, 80, 79, 138, 114, 114, 186, 0, 40, 13, 162, 210, 156, 202, 191, 58, 8, 141, 175, 215, 237, 186, 241, 122,
	101, 89, 202, 216, 174, 142, 184, 224, 234, 144, 234, 191, 222, 135, 27, 221, 80, 60, 70, 5, 219, 87, 135, 236, 111,
	63, 208, 249, 122, 5, 130, 175, 158, 249, 7, 21, 83, 244, 74, 241, 9, 69, 24, 215, 200, 174, 79, 74, 191, 117, 168, 92,
	31, 112, 141, 248, 26, 121, 100, 208, 237, 215, 72, 174, 251, 139, 175, 145, 69, 6, 115, 126, 117, 124, 117, 196, 125,
	13, 224, 186, 175, 2, 190, 110, 76, 242, 239, 23, 162, 111, 67, 103, 41, 153, 250, 222, 145, 101, 208, 252, 183, 71,
	184, 184, 60, 197, 4, 148, 66, 81, 59, 197, 176, 148, 106, 80, 8, 197, 58, 212, 203, 160, 190, 61, 226, 245, 4, 6, 197,
	41, 20, 112, 245, 220, 252, 248, 132, 254, 171, 227, 55, 69, 111, 20, 211, 83, 242, 70, 173, 148, 144, 80, 239, 141,
	70, 169, 39, 246, 227, 127, 164, 80, 239, 252, 234, 224, 235, 127, 120, 126, 169, 227, 228, 35, 157, 127, 33, 86, 114,
	125, 1, 65, 13, 68, 130, 9, 125, 219, 159, 191, 38, 238, 251, 248, 251, 124, 146, 145, 189, 9, 145, 230, 140, 121, 174,
	138, 60, 114, 241, 17, 101, 185, 238, 157, 21, 238, 91, 74, 219, 91, 216, 76, 237, 90, 9, 155, 245, 161, 197, 158, 141,
	120, 147, 47, 32, 224, 183, 59, 231, 223, 102, 114, 121, 111, 174, 153, 221, 70, 222, 222, 92, 179, 124, 142, 60, 108,
	53, 190, 138, 116, 243, 13, 18, 163, 202, 26, 252, 166, 26, 67, 200, 95, 171, 2, 149, 138, 200, 31, 190, 13, 2, 80, 92,
	178, 14, 125, 241, 199, 254, 199, 31, 186, 186, 254, 79, 133, 203, 47, 29, 138, 220, 216, 191, 253, 161, 193, 255, 90,
	126, 255, 164, 78, 198, 253, 114, 113, 165, 100, 167, 134, 91, 119, 115, 212, 206, 186, 0, 239, 254, 108, 5, 194, 217,
	250, 112, 126, 234, 234, 123, 80, 131, 248, 253, 106, 32, 4, 70, 238, 76, 78, 91, 152, 182, 119, 157, 241, 24, 222, 3,
	67, 64, 44, 96, 146, 45, 136, 16, 206, 128, 12, 107, 56, 126, 218, 16, 126, 43, 15, 69, 210, 225, 235, 185, 250, 27,
	21, 169, 166, 110, 191, 184, 193, 125, 40, 228, 94, 150, 120, 142, 130, 207, 44, 120, 90, 80, 76, 60, 114, 71, 58, 158,
	67, 200, 218, 55, 121, 14, 225, 79, 187, 171, 64, 112, 205, 69, 203, 81, 157, 128, 28, 203, 83, 30, 218, 187, 67, 178,
	105, 179, 134, 81, 207, 142, 134, 250, 85, 230, 146, 189, 56, 204, 41, 18, 78, 105, 102, 12, 216, 82, 202, 141, 125,
	249, 202, 229, 130, 226, 60, 111, 227, 111, 162, 104, 95, 60, 233, 109, 68, 128, 145, 64, 247, 28, 41, 230, 157, 147,
	225, 162, 60, 152, 24, 117, 27, 238, 44, 177, 79, 2, 243, 155, 65, 145, 21, 25, 85, 233, 192, 172, 46, 40, 9, 81, 71,
	79, 151, 23, 136, 213, 16, 245, 156, 71, 73, 130, 215, 142, 189, 211, 201, 93, 119, 206, 190, 113, 103, 84, 163, 36,
	192, 182, 192, 93, 106, 166, 238, 109, 80, 210, 206, 75, 232, 203, 40, 178, 174, 105, 167, 185, 195, 231, 14, 54, 54,
	49, 215, 105, 161, 227, 234, 219, 90, 99, 207, 33, 8, 80, 67, 116, 198, 167, 46, 211, 197, 150, 14, 2, 162, 50, 111,
	172, 51, 210, 114, 70, 10, 15, 5, 166, 167, 254, 126, 225, 149, 141, 148, 158, 64, 164, 133, 107, 178, 136, 120, 121,
	4, 96, 33, 13, 216, 168, 39, 154, 91, 215, 26, 92, 41, 13, 220, 155, 134, 209, 110, 57, 91, 64, 31, 56, 198, 31, 143,
	238, 73, 15, 2, 157, 175, 185, 7, 183, 119, 140, 53, 229, 123, 1, 136, 248, 57, 12, 150, 165, 176, 193, 211, 241, 62,
	175, 114, 113, 58, 107, 123, 159, 230, 0, 66, 59, 107, 29, 41, 31, 197, 11, 230, 250, 197, 166, 141, 58, 19, 216, 53,
	71, 164, 101, 246, 242, 83, 215, 114, 120, 98, 58, 169, 2, 222, 41, 100, 58, 92, 29, 246, 115, 64, 77, 82, 172, 144,
	113, 200, 79, 96, 60, 223, 184, 131, 232, 179, 214, 223, 145, 101, 14, 124, 94, 154, 111, 237, 22, 142, 131, 144, 75,
	66, 119, 124, 190, 66, 124, 226, 19, 220, 185, 55, 10, 6, 210, 189, 63, 124, 107, 172, 10, 141, 224, 90, 62, 88, 155,
	146, 122, 3, 232, 187, 98, 36, 50, 221, 192, 140, 8, 179, 4, 53, 58, 236, 33, 115, 92, 97, 118, 7, 40, 111, 103, 62,
	163, 75, 169, 195, 61, 34, 12, 186, 235, 25, 123, 20, 202, 186, 85, 187, 163, 1, 45, 60, 139, 30, 137, 20, 228, 244,
	146, 55, 184, 240, 240, 2, 116, 0, 216, 44, 54, 25, 104, 118, 85, 54, 248, 148, 88, 64, 252, 219, 162, 51, 223, 131,
	144, 254, 44, 90, 248, 223, 110, 75, 125, 11, 129, 61, 126, 9, 69, 63, 25, 25, 251, 195, 180, 95, 231, 247, 85, 240,
	184, 228, 55, 142, 103, 111, 3, 151, 199, 77, 91, 238, 155, 182, 75, 152, 49, 126, 235, 121, 238, 138, 240, 247, 120,
	91, 54, 81, 232, 254, 167, 198, 188, 237, 114, 239, 175, 173, 168, 31, 177, 53, 219, 175, 83, 3, 192, 176, 127, 248,
	192, 21, 133, 40, 85, 178, 169, 149, 136, 41, 167, 250, 91, 23, 120, 87, 109, 231, 174, 218, 151, 155, 203, 177, 191,
	219, 40, 51, 175, 229, 34, 110, 236, 175, 242, 99, 91, 227, 92, 254, 176, 111, 56, 216, 108, 64, 236, 111, 68, 108, 38,
	155, 134, 127, 212, 137, 185, 218, 5, 134, 138, 126, 109, 67, 193, 166, 127, 181, 229, 38, 178, 175, 65, 203, 77, 63,
	119, 162, 128, 175, 18, 98, 127, 97, 43, 106, 163, 223, 171, 136, 99, 39, 27, 247, 125, 65, 96, 119, 181, 19, 216, 151,
	0, 75, 27, 225, 33, 79, 160, 147, 50, 14, 134, 118, 205, 116, 58, 217, 96, 95, 48, 91, 153, 19, 159, 72, 208, 192, 112,
	89, 97, 188, 124, 226, 43, 8, 161, 209, 173, 78, 60, 180, 153, 40, 238, 200, 177, 186, 209, 250, 210, 194, 201, 94, 94,
	27, 43, 212, 179, 117, 66, 148, 156, 57, 122, 232, 2, 35, 18, 104, 7, 72, 11, 193, 243, 49, 42, 85, 13, 59, 85, 223,
	231, 183, 130, 224, 166, 32, 88, 120, 217, 51, 15, 207, 60, 87, 42, 100, 107, 100, 14, 110, 190, 173, 163, 110, 246,
	202, 158, 133, 66, 111, 159, 94, 42, 91, 46, 70, 151, 155, 89, 35, 15, 237, 101, 2, 6, 118, 195, 143, 57, 48, 36, 168,
	81, 8, 18, 165, 31, 129, 187, 181, 143, 241, 243, 225, 6, 230, 198, 35, 124, 140, 234, 131, 10, 121, 195, 101, 117,
	132, 83, 44, 96, 97, 156, 39, 122, 5, 227, 232, 196, 124, 130, 231, 63, 137, 127, 242, 66, 36, 163, 86, 122, 209, 184,
	217, 62, 189, 222, 19, 96, 54, 75, 184, 120, 71, 73, 54, 38, 174, 233, 145, 61, 95, 49, 37, 217, 101, 156, 96, 248,
	171, 175, 189, 62, 219, 6, 142, 43, 185, 179, 105, 229, 98, 31, 76, 39, 60, 252, 29, 102, 147, 125, 123, 179, 143, 185,
	221, 17, 211, 212, 97, 15, 120, 189, 24, 112, 193, 194, 207, 161, 15, 201, 19, 174, 146, 189, 158, 145, 227, 53, 149,
	136, 175, 232, 67, 102, 70, 84, 95, 223, 236, 59, 86, 230, 11, 94, 190, 57, 229, 163, 187, 74, 23, 153, 240, 84, 85,
	226, 20, 82, 84, 27, 32, 44, 98, 127, 84, 126, 62, 73, 18, 152, 14, 100, 138, 195, 103, 217, 68, 178, 118, 146, 159,
	231, 125, 75, 32, 62, 140, 135, 229, 201, 127, 94, 62, 222, 106, 50, 174, 189, 156, 190, 8, 187, 58, 155, 30, 26, 252,
	244, 178, 20, 158, 13, 193, 92, 149, 15, 178, 4, 165, 138, 48, 114, 30, 7, 122, 79, 221, 6, 224, 144, 220, 219, 10,
	123, 38, 237, 143, 186, 110, 250, 84, 76, 98, 210, 5, 220, 12, 124, 26, 241, 201, 62, 155, 135, 92, 198, 33, 233, 5,
	181, 189, 116, 133, 80, 186, 210, 199, 140, 158, 122, 62, 190, 229, 203, 11, 101, 206, 108, 161, 45, 13, 87, 193, 161,
	242, 246, 14, 168, 43, 229, 189, 201, 153, 69, 72, 178, 184, 230, 237, 77, 126, 214, 92, 188, 73, 99, 183, 128, 143,
	245, 248, 60, 188, 7, 109, 84, 16, 183, 37, 65, 122, 216, 113, 194, 126, 2, 171, 82, 62, 224, 66, 180, 147, 95, 18,
	175, 253, 214, 158, 69, 45, 30, 226, 71, 122, 139, 192, 121, 49, 235, 227, 166, 240, 39, 124, 61, 99, 253, 218, 133,
	226, 142, 202, 24, 158, 223, 7, 81, 163, 215, 141, 19, 103, 177, 197, 108, 206, 204, 108, 57, 97, 182, 31, 110, 241,
	161, 108, 162, 253, 175, 202, 148, 255, 113, 77, 243, 63, 142, 144, 202, 89, 202, 63, 45, 250, 189, 128, 158, 240, 246,
	155, 249, 93, 63, 3, 204, 240, 182, 8, 207, 129, 132, 227, 59, 18, 218, 5, 53, 201, 101, 248, 200, 201, 210, 23, 194,
	79, 165, 210, 120, 97, 196, 241, 243, 194, 125, 126, 127, 242, 62, 158, 69, 238, 148, 27, 51, 88, 66, 243, 200, 102,
	210, 91, 174, 98, 166, 191, 102, 249, 50, 120, 53, 219, 26, 31, 107, 248, 76, 29, 32, 23, 131, 154, 199, 32, 11, 11,
	84, 58, 58, 25, 120, 115, 62, 111, 5, 100, 142, 37, 49, 185, 231, 147, 125, 33, 109, 51, 36, 168, 168, 174, 149, 13,
	54, 226, 50, 111, 59, 6, 195, 248, 139, 33, 64, 7, 219, 113, 143, 19, 240, 85, 87, 181, 237, 246, 210, 49, 5, 120, 184,
	41, 111, 79, 141, 75, 238, 167, 131, 188, 92, 146, 238, 134, 21, 126, 63, 12, 20, 227, 52, 209, 243, 246, 121, 97, 253,
	52, 116, 57, 122, 186, 103, 167, 186, 243, 165, 167, 246, 166, 136, 216, 36, 111, 110, 61, 131, 188, 95, 148, 207, 104,
	254, 19, 11, 186, 41, 7, 110, 169, 29, 227, 70, 89, 44, 18, 70, 62, 147, 183, 14, 30, 39, 86, 163, 33, 141, 54, 114,
	142, 185, 153, 213, 25, 218, 227, 125, 39, 192, 174, 108, 82, 242, 193, 153, 1, 125, 75, 145, 124, 57, 100, 223, 67,
	13, 168, 180, 239, 183, 240, 190, 247, 230, 59, 231, 154, 28, 104, 244, 29, 107, 197, 199, 163, 134, 133, 217, 144, 40,
	1, 69, 204, 74, 82, 102, 45, 49, 188, 2, 190, 27, 81, 201, 200, 187, 216, 25, 229, 248, 241, 90, 132, 150, 6, 155, 127,
	86, 212, 130, 141, 132, 106, 86, 117, 62, 167, 107, 73, 34, 17, 174, 33, 210, 120, 232, 0, 69, 230, 175, 199, 197, 9,
	205, 17, 186, 7, 139, 231, 225, 167, 89, 177, 215, 84, 106, 50, 126, 38, 192, 91, 146, 115, 133, 136, 59, 11, 134, 183,
	222, 132, 103, 7, 53, 199, 190, 104, 102, 237, 180, 133, 183, 112, 73, 135, 178, 20, 9, 246, 225, 44, 12, 251, 65, 91,
	160, 196, 108, 175, 155, 228, 49, 223, 203, 44, 26, 167, 88, 226, 169, 51, 81, 206, 233, 242, 244, 78, 95, 109, 238,
	89, 10, 94, 20, 141, 144, 196, 135, 82, 19, 133, 103, 77, 54, 98, 218, 71, 196, 175, 94, 120, 74, 180, 254, 25, 94,
	247, 106, 139, 96, 178, 160, 148, 7, 192, 10, 37, 207, 163, 93, 181, 235, 250, 65, 75, 78, 62, 150, 218, 115, 151, 21,
	156, 226, 95, 183, 123, 21, 212, 152, 155, 226, 251, 142, 27, 239, 183, 155, 233, 119, 183, 120, 61, 88, 226, 76, 189,
	51, 226, 5, 195, 44, 163, 65, 116, 165, 65, 78, 167, 101, 7, 103, 20, 56, 63, 1, 62, 27, 202, 105, 163, 177, 121, 135,
	119, 135, 114, 81, 57, 213, 109, 137, 145, 111, 58, 219, 99, 190, 108, 169, 125, 163, 165, 227, 237, 211, 30, 175, 45,
	54, 104, 5, 250, 243, 64, 224, 180, 41, 35, 171, 239, 210, 49, 250, 9, 191, 127, 91, 225, 255, 161, 238, 5, 167, 125,
	209, 166, 227, 249, 19, 132, 77, 74, 242, 64, 238, 195, 160, 114, 29, 239, 233, 217, 62, 147, 245, 35, 159, 225, 31,
	170, 3, 108, 234, 201, 58, 10, 45, 126, 47, 155, 241, 204, 55, 249, 43, 104, 53, 242, 56, 59, 70, 46, 103, 188, 101,
	127, 19, 1, 171, 40, 92, 99, 54, 49, 223, 20, 14, 66, 94, 254, 178, 84, 252, 42, 147, 118, 65, 221, 69, 67, 127, 196,
	234, 38, 251, 133, 177, 216, 183, 226, 152, 95, 251, 79, 223, 99, 117, 197, 111, 141, 191, 218, 42, 10, 253, 93, 233,
	89, 39, 244, 246, 33, 112, 213, 53, 110, 221, 35, 176, 217, 236, 7, 69, 253, 218, 29, 243, 128, 223, 141, 234, 239, 41,
	56, 22, 141, 40, 63, 210, 112, 254, 163, 44, 28, 229, 5, 2, 248, 145, 109, 98, 164, 159, 145, 21, 186, 217, 128, 114,
	174, 25, 153, 190, 142, 174, 98, 76, 218, 185, 208, 207, 208, 192, 43, 193, 41, 108, 196, 211, 222, 54, 220, 183, 146,
	110, 51, 226, 204, 64, 103, 208, 111, 51, 161, 251, 84, 178, 247, 44, 241, 187, 56, 127, 54, 10, 64, 121, 23, 38, 158,
	131, 234, 63, 120, 129, 180, 232, 230, 133, 241, 189, 121, 226, 146, 120, 119, 54, 110, 160, 111, 56, 151, 8, 150, 150,
	132, 227, 72, 114, 33, 193, 162, 252, 22, 124, 110, 51, 113, 31, 5, 132, 1, 97, 252, 234, 6, 244, 67, 226, 46, 87, 61,
	92, 3, 52, 156, 96, 174, 87, 67, 106, 5, 217, 150, 70, 234, 216, 172, 182, 194, 199, 214, 249, 241, 157, 170, 149, 238,
	204, 84, 68, 242, 148, 64, 190, 49, 211, 160, 88, 31, 174, 56, 180, 23, 137, 29, 188, 85, 126, 65, 184, 52, 241, 177,
	159, 42, 255, 86, 164, 170, 45, 58, 192, 143, 31, 143, 102, 47, 236, 229, 104, 202, 61, 25, 210, 100, 18, 132, 102,
	182, 99, 57, 122, 66, 2, 82, 51, 132, 54, 150, 142, 206, 42, 186, 254, 156, 30, 176, 50, 63, 232, 19, 38, 188, 237,
	174, 249, 26, 197, 77, 133, 117, 249, 224, 42, 198, 16, 9, 106, 239, 2, 208, 203, 19, 92, 46, 175, 32, 18, 23, 240, 30,
	147, 7, 49, 203, 248, 144, 66, 22, 145, 29, 1, 255, 170, 219, 247, 188, 245, 214, 78, 229, 130, 170, 222, 184, 46, 153,
	9, 15, 164, 72, 168, 189, 72, 146, 71, 248, 94, 37, 192, 74, 1, 115, 21, 40, 121, 253, 138, 2, 28, 148, 57, 182, 46,
	88, 165, 95, 131, 182, 141, 4, 31, 94, 72, 181, 130, 176, 64, 14, 99, 48, 69, 144, 4, 241, 180, 43, 7, 181, 27, 59, 58,
	213, 175, 51, 238, 251, 116, 114, 58, 53, 75, 237, 108, 103, 98, 171, 40, 147, 180, 16, 12, 84, 80, 76, 39, 1, 189, 87,
	149, 142, 168, 44, 211, 101, 210, 31, 103, 148, 143, 207, 91, 29, 35, 194, 211, 49, 234, 187, 222, 207, 246, 18, 207,
	29, 50, 239, 246, 226, 135, 161, 58, 192, 204, 221, 98, 242, 107, 233, 230, 133, 37, 153, 243, 35, 57, 23, 18, 114,
	101, 220, 196, 134, 252, 77, 0, 185, 19, 32, 180, 24, 191, 83, 219, 23, 26, 107, 35, 166, 151, 226, 171, 169, 123, 10,
	132, 153, 120, 233, 45, 194, 11, 186, 73, 209, 209, 200, 238, 224, 57, 63, 123, 84, 67, 159, 114, 11, 47, 247, 23, 145,
	77, 83, 195, 90, 13, 172, 12, 222, 108, 111, 108, 193, 36, 128, 189, 189, 8, 118, 16, 215, 96, 54, 110, 145, 163, 62,
	152, 119, 252, 240, 4, 135, 46, 37, 56, 224, 234, 53, 93, 46, 103, 200, 220, 120, 137, 110, 71, 196, 39, 94, 70, 52,
	42, 207, 33, 127, 137, 43, 161, 10, 89, 57, 134, 112, 54, 244, 41, 227, 170, 95, 225, 201, 192, 87, 124, 178, 126, 82,
	228, 191, 10, 176, 120, 126, 199, 84, 253, 143, 67, 147, 237, 173, 130, 107, 140, 146, 47, 214, 121, 255, 120, 0, 163,
	250, 35, 216, 45, 31, 14, 204, 109, 182, 250, 131, 90, 144, 63, 128, 119, 93, 204, 228, 50, 149, 53, 121, 153, 150,
	219, 141, 177, 25, 190, 170, 107, 168, 46, 117, 200, 232, 98, 98, 158, 209, 94, 109, 47, 227, 88, 41, 76, 118, 194,
	109, 30, 55, 239, 221, 50, 241, 59, 76, 167, 247, 171, 67, 205, 191, 221, 158, 2, 237, 103, 76, 45, 192, 41, 250, 142,
	218, 194, 223, 196, 246, 70, 102, 2, 9, 17, 169, 125, 171, 80, 129, 141, 169, 244, 234, 94, 126, 138, 240, 131, 110,
	119, 0, 226, 231, 78, 150, 159, 61, 118, 61, 149, 122, 250, 72, 193, 237, 151, 131, 71, 62, 83, 29, 239, 14, 3, 54,
	240, 28, 97, 223, 107, 104, 18, 152, 106, 239, 221, 120, 99, 154, 80, 146, 123, 18, 135, 243, 179, 149, 96, 187, 178,
	141, 33, 79, 90, 89, 173, 141, 204, 3, 134, 248, 38, 182, 222, 58, 239, 116, 215, 126, 160, 175, 45, 8, 119, 85, 82,
	105, 177, 146, 252, 246, 238, 169, 150, 58, 130, 1, 99, 98, 132, 44, 105, 27, 219, 223, 155, 74, 167, 239, 0, 201, 211,
	8, 60, 25, 59, 136, 48, 246, 164, 86, 223, 9, 212, 235, 223, 234, 2, 60, 62, 132, 204, 216, 36, 149, 17, 138, 163, 111,
	9, 254, 35, 123, 40, 23, 107, 97, 65, 89, 16, 13, 60, 197, 104, 76, 197, 18, 154, 48, 176, 139, 170, 5, 67, 176, 183,
	206, 43, 229, 178, 99, 47, 21, 157, 122, 215, 185, 69, 98, 58, 120, 127, 113, 111, 107, 72, 128, 4, 131, 231, 244, 242,
	168, 143, 229, 206, 141, 121, 40, 83, 23, 182, 76, 110, 99, 32, 213, 71, 212, 142, 134, 49, 27, 220, 127, 193, 182,
	230, 32, 160, 106, 45, 169, 7, 142, 228, 206, 212, 47, 57, 211, 161, 190, 87, 105, 241, 184, 28, 153, 220, 185, 200,
	103, 167, 217, 128, 52, 85, 35, 163, 6, 109, 41, 95, 30, 177, 2, 18, 171, 187, 142, 111, 31, 29, 158, 34, 206, 43, 199,
	126, 127, 111, 205, 48, 4, 221, 99, 66, 159, 70, 129, 70, 58, 116, 188, 8, 99, 194, 201, 100, 155, 114, 169, 28, 141,
	246, 132, 55, 161, 52, 167, 51, 120, 35, 192, 199, 76, 189, 249, 241, 80, 235, 117, 209, 248, 87, 27, 88, 111, 62, 189,
	181, 52, 155, 148, 252, 157, 79, 209, 39, 105, 11, 187, 230, 148, 98, 253, 52, 97, 151, 142, 230, 115, 181, 177, 200,
	52, 107, 45, 91, 170, 69, 30, 54, 67, 73, 58, 65, 190, 177, 110, 163, 227, 64, 128, 248, 198, 99, 223, 52, 110, 117,
	199, 162, 41, 84, 94, 181, 107, 38, 192, 155, 206, 93, 76, 84, 8, 106, 231, 98, 3, 175, 117, 13, 231, 251, 1, 195, 75,
	108, 32, 105, 30, 150, 187, 187, 91, 47, 4, 197, 231, 34, 44, 85, 203, 88, 247, 232, 68, 210, 118, 2, 60, 143, 115, 14,
	250, 192, 143, 73, 120, 97, 113, 157, 219, 226, 3, 175, 177, 182, 233, 149, 227, 6, 221, 66, 120, 16, 60, 47, 118, 131,
	255, 105, 6, 14, 242, 255, 103, 224, 252, 81, 138, 138, 248, 79, 25, 56, 95, 133, 229, 161, 255, 175, 100, 224, 136,
	127, 41, 3, 231, 227, 147, 125, 236, 131, 197, 89, 167, 126, 228, 235, 86, 121, 175, 179, 230, 129, 20, 110, 64, 57,
	111, 234, 99, 157, 45, 220, 157, 66, 255, 89, 213, 23, 250, 96, 18, 57, 4, 44, 186, 91, 162, 224, 38, 137, 250, 86,
	124, 242, 36, 36, 98, 58, 25, 121, 95, 240, 65, 232, 153, 9, 243, 67, 54, 87, 111, 25, 91, 106, 43, 202, 39, 215, 219,
	120, 56, 82, 226, 222, 24, 85, 158, 218, 234, 226, 212, 55, 178, 38, 23, 21, 202, 123, 141, 186, 113, 192, 186, 188,
	251, 68, 135, 238, 13, 132, 90, 251, 189, 52, 157, 215, 200, 154, 178, 82, 101, 118, 35, 224, 174, 84, 194, 197, 203,
	246, 199, 100, 111, 106, 145, 3, 209, 168, 19, 62, 58, 188, 173, 231, 144, 78, 238, 244, 241, 57, 29, 159, 102, 108,
	229, 159, 235, 78, 18, 16, 128, 36, 11, 152, 85, 90, 19, 15, 22, 243, 96, 108, 92, 140, 214, 79, 213, 189, 114, 29,
	183, 83, 133, 91, 215, 162, 134, 63, 141, 59, 51, 230, 43, 55, 56, 243, 108, 40, 55, 227, 90, 93, 104, 233, 178, 52,
	63, 37, 195, 205, 176, 210, 58, 142, 118, 60, 119, 222, 5, 60, 77, 160, 24, 52, 14, 183, 203, 140, 231, 153, 122, 36,
	210, 125, 189, 21, 31, 13, 113, 31, 240, 62, 74, 171, 42, 28, 160, 197, 222, 74, 175, 234, 124, 68, 130, 177, 110, 0,
	121, 61, 87, 83, 62, 152, 217, 126, 246, 133, 255, 86, 6, 206, 205, 179, 40, 132, 18, 218, 203, 221, 147, 198, 74, 245,
	15, 32, 120, 191, 48, 89, 89, 158, 214, 159, 100, 224, 40, 134, 86, 6, 198, 148, 189, 181, 226, 80, 167, 112, 6, 29,
	36, 5, 203, 87, 143, 5, 156, 119, 62, 16, 162, 3, 63, 99, 109, 214, 24, 48, 226, 195, 131, 115, 208, 115, 254, 104,
	234, 144, 93, 30, 90, 109, 13, 3, 152, 23, 77, 4, 129, 20, 47, 122, 165, 78, 61, 151, 117, 47, 68, 48, 56, 219, 147,
	198, 163, 51, 44, 83, 28, 98, 69, 204, 12, 194, 84, 142, 95, 216, 216, 73, 174, 130, 6, 141, 154, 1, 171, 218, 211, 65,
	217, 150, 67, 249, 222, 239, 85, 95, 102, 19, 183, 10, 161, 187, 137, 108, 255, 229, 69, 125, 110, 187, 71, 221, 227,
	209, 79, 231, 34, 126, 251, 27, 151, 150, 141, 144, 213, 207, 94, 49, 85, 244, 116, 40, 98, 230, 56, 33, 45, 49, 19,
	131, 18, 19, 64, 7, 184, 133, 196, 213, 117, 249, 24, 207, 97, 255, 147, 41, 226, 80, 154, 235, 16, 19, 186, 134, 229,
	30, 123, 88, 15, 48, 21, 221, 50, 158, 154, 108, 243, 139, 234, 205, 85, 95, 26, 20, 74, 107, 119, 227, 160, 108, 209,
	236, 55, 81, 101, 122, 9, 66, 27, 42, 64, 118, 189, 224, 62, 146, 50, 223, 156, 89, 151, 166, 70, 170, 160, 96, 194,
	27, 38, 83, 42, 241, 131, 88, 58, 243, 209, 110, 29, 189, 188, 21, 117, 141, 32, 186, 94, 62, 213, 185, 131, 167, 70,
	189, 23, 91, 29, 205, 70, 167, 173, 84, 99, 113, 110, 217, 254, 77, 125, 33, 106, 238, 167, 159, 162, 3, 223, 44, 49,
	2, 193, 255, 130, 5, 253, 213, 138, 173, 162, 207, 232, 114, 80, 238, 217, 116, 138, 127, 184, 35, 169, 51, 108, 170,
	208, 219, 79, 138, 225, 26, 254, 215, 177, 218, 79, 147, 201, 187, 245, 119, 138, 241, 21, 242, 201, 238, 191, 63, 120,
	127, 243, 228, 249, 187, 131, 247, 107, 76, 191, 14, 222, 209, 47, 18, 164, 50, 206, 69, 130, 78, 250, 183, 187, 142,
	215, 207, 143, 93, 71, 102, 219, 133, 138, 74, 126, 49, 43, 135, 131, 98, 84, 249, 123, 125, 254, 31, 204, 74, 169,
	190, 76, 238, 247, 243, 118, 224, 215, 129, 251, 215, 80, 207, 127, 178, 179, 255, 81, 53, 234, 31, 134, 204, 5, 46,
	94, 224, 199, 71, 79, 200, 213, 170, 15, 171, 50, 168, 215, 76, 225, 95, 27, 248, 153, 59, 204, 142, 40, 144, 175, 211,
	251, 42, 141, 217, 99, 37, 20, 189, 206, 250, 116, 136, 159, 146, 136, 193, 228, 171, 86, 110, 162, 76, 198, 9, 119, 4,
	101, 74, 226, 237, 58, 2, 119, 108, 84, 92, 6, 55, 28, 5, 164, 96, 201, 39, 240, 139, 33, 193, 180, 205, 205, 151, 5,
	145, 220, 44, 158, 92, 6, 153, 120, 186, 246, 252, 97, 56, 55, 13, 141, 55, 4, 60, 170, 251, 250, 22, 228, 207, 167,
	162, 62, 9, 242, 2, 173, 144, 43, 46, 51, 13, 2, 76, 174, 124, 72, 164, 207, 81, 74, 116, 25, 23, 115, 163, 245, 172,
	242, 137, 135, 247, 16, 174, 159, 222, 81, 121, 97, 46, 72, 143, 36, 110, 202, 185, 120, 11, 220, 100, 220, 4, 84, 13,
	106, 3, 147, 136, 201, 141, 88, 84, 252, 188, 4, 154, 114, 38, 19, 69, 32, 64, 144, 155, 242, 229, 5, 253, 49, 102, 69,
	125, 243, 234, 134, 210, 194, 197, 127, 114, 115, 26, 138, 120, 15, 27, 55, 181, 75, 79, 254, 33, 48, 51, 36, 39, 3,
	114, 89, 154, 64, 104, 236, 71, 207, 172, 40, 247, 118, 72, 27, 238, 172, 104, 126, 26, 75, 149, 191, 76, 224, 68, 99,
	174, 221, 239, 238, 91, 218, 49, 49, 22, 54, 57, 99, 229, 238, 33, 187, 77, 145, 103, 15, 206, 40, 211, 126, 251, 101,
	201, 50, 155, 38, 126, 103, 156, 186, 193, 136, 118, 249, 21, 72, 129, 70, 152, 64, 3, 54, 219, 56, 110, 4, 239, 157,
	177, 248, 159, 158, 178, 190, 210, 134, 30, 217, 105, 200, 155, 156, 152, 121, 31, 247, 47, 115, 195, 76, 33, 16, 171,
	83, 161, 208, 249, 247, 155, 41, 195, 188, 76, 232, 215, 172, 151, 191, 157, 70, 83, 252, 38, 27, 10, 123, 205, 252,
	63, 48, 161, 60, 255, 39, 21, 91, 169, 246, 125, 218, 113, 195, 150, 23, 197, 227, 223, 50, 131, 241, 53, 207, 176,
	213, 107, 147, 93, 57, 207, 22, 127, 181, 233, 179, 171, 193, 234, 78, 76, 21, 172, 17, 225, 163, 90, 195, 236, 140,
	224, 115, 37, 86, 152, 26, 102, 176, 0, 106, 156, 125, 21, 159, 115, 21, 85, 250, 78, 197, 48, 70, 238, 93, 32, 93, 14,
	196, 53, 170, 118, 41, 188, 104, 59, 178, 4, 97, 31, 250, 73, 23, 213, 237, 94, 127, 165, 238, 141, 111, 51, 46, 196,
	236, 12, 164, 233, 45, 204, 120, 172, 123, 130, 180, 103, 227, 88, 0, 118, 232, 10, 218, 163, 93, 227, 136, 135, 182,
	244, 144, 200, 209, 208, 53, 217, 47, 67, 117, 107, 78, 60, 142, 241, 251, 144, 180, 145, 192, 61, 85, 130, 188, 207,
	163, 11, 55, 3, 199, 40, 22, 186, 141, 142, 67, 16, 134, 121, 219, 48, 119, 206, 124, 24, 121, 68, 36, 128, 195, 159,
	238, 193, 5, 229, 199, 222, 27, 87, 9, 220, 143, 140, 240, 221, 132, 48, 77, 91, 224, 73, 192, 75, 152, 177, 22, 120,
	193, 198, 17, 85, 41, 81, 72, 76, 93, 205, 167, 38, 35, 182, 233, 242, 18, 158, 29, 75, 226, 160, 25, 13, 170, 28, 239,
	9, 202, 3, 104, 75, 223, 150, 76, 213, 77, 73, 94, 95, 99, 18, 232, 159, 36, 68, 140, 153, 156, 236, 55, 109, 140, 79,
	60, 160, 209, 227, 150, 215, 230, 164, 63, 133, 20, 79, 223, 127, 102, 22, 141, 165, 119, 163, 119, 57, 253, 218, 26,
	130, 255, 198, 163, 255, 51, 179, 200, 5, 95, 155, 31, 80, 249, 211, 44, 58, 41, 87, 100, 242, 7, 154, 120, 103, 173,
	212, 45, 129, 85, 90, 233, 231, 48, 118, 194, 80, 249, 67, 51, 105, 253, 80, 38, 5, 126, 26, 26, 163, 134, 126, 19,
	113, 219, 219, 44, 199, 193, 49, 28, 22, 225, 87, 109, 86, 118, 31, 98, 175, 129, 194, 139, 1, 253, 198, 186, 217, 156,
	251, 155, 123, 46, 203, 6, 252, 220, 52, 82, 190, 228, 229, 207, 95, 135, 53, 95, 226, 41, 251, 229, 149, 161, 42, 243,
	67, 194, 232, 119, 109, 10, 155, 255, 46, 201, 68, 82, 129, 223, 68, 39, 191, 216, 157, 54, 223, 30, 233, 5, 158, 249,
	85, 58, 85, 137, 60, 120, 248, 50, 230, 138, 137, 93, 75, 243, 103, 4, 179, 251, 219, 123, 126, 21, 153, 17, 25, 54, 7,
	204, 83, 249, 43, 7, 52, 249, 218, 80, 70, 181, 116, 71, 204, 62, 33, 90, 58, 184, 197, 22, 94, 232, 19, 173, 217, 168,
	102, 1, 157, 158, 221, 237, 162, 148, 151, 29, 168, 103, 69, 95, 139, 55, 174, 200, 154, 64, 235, 111, 240, 121, 175,
	193, 217, 196, 222, 19, 193, 205, 210, 230, 140, 238, 130, 221, 166, 2, 223, 111, 249, 240, 225, 9, 6, 98, 90, 87, 164,
	161, 202, 75, 71, 117, 220, 156, 71, 211, 2, 186, 106, 77, 84, 46, 68, 146, 170, 16, 31, 74, 226, 71, 220, 72, 176, 91,
	113, 122, 66, 132, 146, 57, 110, 48, 177, 191, 157, 143, 19, 7, 147, 80, 185, 39, 218, 181, 172, 63, 42, 135, 98, 48,
	254, 240, 179, 101, 195, 147, 77, 68, 4, 12, 203, 177, 194, 203, 112, 64, 159, 210, 17, 163, 181, 132, 54, 203, 224,
	188, 235, 240, 20, 190, 160, 219, 83, 183, 79, 210, 103, 37, 168, 203, 187, 234, 136, 159, 175, 107, 105, 89, 125, 129,
	233, 219, 253, 211, 232, 81, 230, 95, 8, 145, 55, 246, 202, 65, 28, 173, 128, 133, 213, 131, 242, 187, 23, 85, 160,
	207, 42, 107, 223, 77, 212, 187, 83, 8, 141, 241, 177, 158, 199, 184, 211, 220, 171, 61, 10, 168, 219, 199, 31, 156,
	98, 182, 230, 80, 188, 39, 185, 34, 5, 35, 114, 153, 164, 112, 25, 102, 168, 217, 114, 181, 69, 51, 133, 133, 28, 166,
	180, 251, 133, 39, 249, 91, 3, 228, 56, 213, 21, 28, 198, 110, 153, 103, 172, 54, 69, 238, 26, 216, 71, 241, 134, 181,
	184, 85, 55, 51, 87, 34, 109, 71, 81, 97, 180, 28, 15, 211, 84, 181, 94, 249, 172, 143, 162, 106, 90, 221, 106, 206,
	58, 8, 63, 29, 180, 212, 159, 84, 132, 77, 221, 238, 93, 128, 248, 72, 97, 245, 105, 18, 116, 242, 239, 245, 243, 130,
	2, 214, 221, 209, 144, 15, 99, 225, 147, 233, 54, 18, 100, 28, 129, 172, 69, 216, 247, 28, 190, 60, 15, 253, 225, 229,
	224, 71, 236, 130, 249, 136, 88, 67, 72, 109, 219, 124, 106, 70, 41, 93, 28, 117, 137, 125, 128, 12, 63, 167, 71, 99,
	171, 34, 214, 34, 15, 91, 229, 28, 230, 21, 65, 21, 168, 32, 185, 239, 224, 66, 178, 50, 220, 179, 190, 254, 152, 237,
	242, 40, 62, 117, 237, 61, 95, 37, 25, 88, 249, 126, 248, 214, 92, 100, 113, 184, 199, 188, 12, 165, 142, 161, 212,
	112, 6, 148, 7, 133, 235, 108, 157, 41, 152, 27, 50, 239, 85, 126, 250, 46, 115, 49, 10, 34, 66, 57, 242, 161, 222, 88,
	91, 64, 249, 254, 32, 196, 198, 239, 228, 4, 127, 105, 118, 13, 213, 32, 76, 212, 180, 124, 63, 120, 60, 232, 100, 167,
	137, 90, 127, 244, 125, 170, 206, 129, 25, 5, 157, 197, 185, 237, 140, 185, 167, 37, 43, 198, 108, 156, 117, 245, 123,
	73, 99, 221, 252, 160, 216, 198, 183, 148, 54, 159, 207, 106, 29, 156, 236, 116, 182, 63, 22, 153, 249, 9, 59, 192,
	127, 26, 43, 220, 223, 51, 239, 1, 227, 37, 171, 241, 163, 25, 62, 30, 28, 98, 60, 136, 156, 219, 58, 101, 251, 167,
	64, 138, 191, 199, 10, 211, 21, 238, 161, 254, 67, 239, 70, 193, 71, 51, 225, 152, 111, 186, 255, 80, 172, 157, 165,
	223, 48, 243, 250, 44, 252, 232, 195, 166, 227, 154, 67, 94, 13, 105, 100, 120, 123, 25, 218, 154, 54, 27, 31, 237, 9,
	40, 118, 36, 158, 105, 71, 236, 148, 229, 89, 226, 68, 239, 24, 68, 159, 240, 116, 210, 195, 245, 149, 118, 198, 219,
	6, 81, 122, 30, 91, 136, 241, 4, 37, 64, 9, 95, 238, 82, 165, 41, 182, 143, 136, 20, 99, 225, 190, 145, 132, 81, 236,
	219, 194, 233, 67, 169, 162, 0, 175, 247, 81, 165, 149, 100, 152, 116, 186, 126, 179, 37, 142, 60, 199, 157, 56, 41,
	250, 137, 205, 102, 73, 14, 225, 164, 196, 213, 141, 152, 244, 89, 127, 53, 50, 137, 60, 75, 71, 253, 248, 211, 83,
	120, 117, 134, 6, 63, 228, 203, 77, 199, 117, 207, 46, 86, 60, 153, 1, 123, 132, 213, 93, 205, 135, 189, 20, 3, 72,
	241, 166, 36, 127, 61, 117, 188, 199, 251, 203, 173, 111, 78, 225, 253, 228, 117, 230, 109, 90, 247, 224, 153, 207, 30,
	82, 229, 220, 167, 105, 243, 82, 53, 201, 116, 182, 17, 134, 143, 83, 176, 69, 59, 103, 29, 75, 58, 214, 1, 208, 133,
	176, 178, 174, 183, 10, 68, 119, 124, 239, 160, 247, 222, 239, 60, 11, 119, 46, 191, 173, 49, 226, 223, 145, 19, 157,
	196, 116, 79, 73, 221, 146, 143, 150, 110, 92, 149, 219, 67, 221, 190, 15, 31, 141, 86, 206, 224, 76, 178, 103, 157,
	114, 164, 54, 6, 74, 1, 160, 149, 41, 85, 105, 17, 142, 18, 122, 188, 155, 30, 121, 20, 58, 52, 130, 148, 180, 35, 236,
	39, 214, 179, 188, 139, 112, 162, 168, 251, 62, 62, 136, 101, 22, 58, 181, 102, 116, 102, 66, 99, 156, 204, 232, 169,
	51, 120, 3, 28, 112, 131, 28, 246, 227, 132, 178, 8, 216, 246, 91, 173, 90, 180, 253, 104, 236, 203, 185, 226, 153, 33,
	151, 75, 201, 190, 186, 183, 197, 217, 239, 52, 195, 105, 224, 231, 174, 96, 164, 5, 10, 119, 62, 48, 222, 112, 36, 25,
	39, 43, 92, 192, 107, 51, 235, 59, 150, 188, 143, 90, 133, 249, 139, 90, 13, 7, 7, 52, 40, 77, 8, 138, 106, 109, 221,
	19, 157, 24, 236, 69, 244, 17, 208, 4, 37, 19, 193, 212, 246, 158, 109, 7, 206, 56, 250, 210, 45, 157, 112, 178, 163,
	8, 37, 67, 61, 248, 29, 121, 197, 240, 129, 49, 156, 16, 246, 203, 103, 77, 136, 194, 193, 83, 46, 110, 33, 128, 115,
	110, 76, 227, 15, 1, 252, 104, 38, 220, 59, 238, 143, 163, 169, 252, 209, 152, 30, 79, 136, 36, 220, 161, 193, 94, 77,
	108, 40, 146, 216, 6, 220, 220, 21, 15, 254, 85, 109, 214, 44, 78, 122, 139, 139, 245, 227, 21, 169, 112, 55, 230, 22,
	17, 214, 77, 171, 93, 174, 177, 34, 189, 78, 115, 91, 36, 49, 57, 3, 205, 103, 254, 18, 86, 35, 255, 61, 172, 54, 185,
	4, 146, 184, 133, 46, 195, 9, 126, 76, 56, 246, 58, 231, 120, 56, 226, 237, 109, 229, 255, 55, 176, 186, 252, 103, 172,
	214, 24, 231, 174, 156, 210, 63, 96, 245, 207, 182, 255, 195, 88, 45, 254, 101, 172, 46, 198, 210, 59, 40, 179, 74, 92,
	44, 191, 153, 203, 122, 31, 65, 121, 20, 81, 161, 108, 103, 174, 0, 194, 146, 203, 62, 159, 71, 231, 164, 238, 194,
	239, 177, 35, 251, 176, 49, 113, 42, 186, 250, 57, 30, 104, 82, 125, 121, 179, 143, 98, 88, 61, 190, 199, 231, 219,
	254, 112, 51, 210, 115, 133, 66, 150, 239, 133, 197, 210, 138, 144, 169, 163, 226, 117, 216, 88, 29, 239, 37, 0, 46,
	136, 14, 148, 61, 233, 205, 245, 232, 142, 140, 177, 102, 213, 85, 159, 190, 36, 129, 217, 75, 192, 240, 46, 202, 34,
	142, 140, 8, 17, 151, 162, 102, 118, 106, 107, 2, 229, 251, 2, 146, 71, 155, 220, 121, 35, 136, 2, 134, 123, 50, 199,
	29, 75, 171, 242, 133, 204, 64, 47, 158, 183, 33, 159, 26, 167, 244, 59, 46, 23, 220, 131, 200, 225, 220, 56, 42, 237,
	198, 20, 88, 182, 71, 126, 130, 83, 137, 135, 98, 86, 52, 129, 26, 241, 193, 96, 140, 162, 65, 220, 31, 61, 66, 231,
	252, 150, 250, 40, 209, 115, 85, 193, 60, 215, 6, 176, 7, 148, 114, 187, 190, 196, 250, 13, 221, 113, 205, 143, 119,
	165, 213, 8, 142, 111, 11, 130, 224, 180, 22, 55, 13, 184, 39, 111, 106, 46, 93, 22, 89, 159, 18, 82, 231, 111, 214,
	88, 225, 112, 176, 239, 214, 148, 100, 95, 234, 171, 237, 168, 49, 126, 246, 98, 221, 5, 108, 0, 23, 210, 181, 87, 132,
	40, 31, 216, 187, 237, 250, 28, 83, 111, 168, 18, 163, 175, 176, 201, 203, 131, 225, 123, 155, 48, 245, 138, 45, 23,
	10, 229, 179, 182, 137, 101, 85, 40, 165, 229, 181, 22, 52, 172, 203, 47, 142, 74, 213, 178, 113, 172, 189, 237, 224,
	69, 12, 123, 64, 134, 213, 116, 82, 95, 31, 49, 225, 131, 123, 197, 84, 33, 236, 11, 45, 130, 79, 124, 84, 184, 67,
	237, 240, 208, 83, 193, 17, 112, 110, 46, 151, 196, 100, 51, 138, 176, 31, 195, 76, 50, 54, 155, 164, 246, 141, 226,
	70, 196, 127, 97, 85, 32, 186, 231, 35, 53, 12, 96, 178, 188, 5, 14, 95, 4, 251, 96, 21, 140, 233, 162, 249, 178, 14,
	115, 52, 93, 30, 191, 88, 104, 152, 2, 223, 79, 33, 75, 75, 110, 89, 24, 81, 204, 76, 232, 168, 77, 247, 117, 129, 170,
	142, 161, 105, 177, 170, 142, 201, 163, 151, 147, 178, 85, 185, 97, 172, 12, 128, 239, 215, 211, 190, 140, 16, 137, 94,
	227, 8, 138, 157, 211, 4, 35, 213, 247, 19, 247, 180, 239, 43, 36, 62, 215, 35, 22, 247, 254, 150, 199, 85, 65, 58, 7,
	218, 16, 97, 121, 54, 158, 218, 103, 183, 26, 38, 85, 80, 220, 61, 10, 174, 39, 250, 17, 153, 123, 1, 52, 102, 108,
	224, 36, 38, 143, 39, 198, 178, 172, 219, 120, 28, 133, 141, 80, 117, 120, 113, 224, 61, 170, 77, 173, 41, 153, 79,
	158, 24, 61, 218, 155, 11, 255, 183, 176, 154, 72, 223, 235, 187, 249, 220, 2, 109, 151, 188, 71, 212, 188, 137, 249,
	224, 58, 62, 222, 25, 232, 79, 176, 90, 18, 178, 156, 33, 153, 167, 127, 223, 183, 53, 27, 39, 172, 212, 49, 151, 63,
	86, 6, 134, 65, 171, 120, 31, 242, 17, 182, 232, 252, 254, 44, 215, 191, 222, 24, 81, 92, 150, 237, 142, 132, 59, 197,
	199, 113, 128, 138, 70, 225, 114, 129, 137, 90, 53, 68, 95, 150, 242, 104, 96, 182, 227, 250, 42, 130, 181, 149, 137,
	108, 94, 94, 243, 198, 219, 246, 54, 48, 88, 237, 149, 77, 161, 88, 212, 173, 47, 120, 225, 163, 11, 175, 246, 13, 154,
	207, 177, 47, 43, 3, 46, 238, 217, 135, 120, 1, 131, 171, 168, 31, 27, 222, 86, 139, 10, 131, 200, 156, 52, 125, 103,
	148, 69, 160, 205, 219, 13, 35, 116, 214, 20, 171, 151, 215, 41, 50, 226, 33, 173, 151, 30, 148, 98, 64, 124, 228, 221,
	194, 144, 15, 170, 212, 13, 114, 212, 49, 102, 204, 167, 250, 180, 135, 100, 18, 216, 239, 136, 200, 60, 152, 35, 165,
	196, 218, 149, 180, 181, 12, 82, 241, 112, 62, 148, 144, 142, 70, 92, 221, 11, 185, 138, 8, 213, 192, 186, 102, 133,
	91, 149, 153, 139, 203, 63, 216, 185, 102, 23, 232, 198, 148, 40, 97, 8, 216, 145, 122, 17, 152, 79, 78, 113, 126, 2,
	111, 239, 99, 11, 180, 124, 193, 202, 125, 21, 252, 155, 36, 28, 186, 92, 240, 124, 38, 244, 18, 11, 186, 224, 28, 52,
	78, 221, 54, 175, 128, 112, 133, 174, 191, 232, 186, 182, 4, 171, 176, 11, 145, 131, 81, 83, 17, 226, 163, 106, 50,
	177, 216, 144, 159, 221, 197, 125, 192, 185, 137, 7, 149, 215, 91, 15, 87, 215, 183, 34, 184, 201, 20, 237, 25, 223,
	16, 219, 205, 65, 204, 100, 47, 226, 230, 174, 52, 138, 155, 142, 75, 174, 249, 253, 114, 35, 31, 104, 78, 68, 151,
	255, 117, 234, 139, 75, 87, 32, 67, 16, 107, 214, 155, 163, 1, 170, 27, 208, 170, 243, 251, 29, 139, 170, 103, 164, 28,
	103, 41, 119, 120, 21, 178, 143, 21, 232, 112, 93, 9, 19, 30, 148, 164, 173, 124, 9, 4, 8, 29, 186, 224, 60, 237, 174,
	55, 50, 112, 66, 81, 149, 160, 124, 232, 196, 247, 164, 171, 158, 122, 57, 49, 114, 53, 133, 30, 3, 156, 129, 215, 162,
	214, 67, 191, 35, 111, 43, 30, 167, 181, 240, 79, 216, 234, 244, 110, 183, 9, 106, 181, 216, 203, 37, 184, 61, 230, 77,
	149, 168, 102, 21, 165, 52, 46, 93, 166, 130, 211, 32, 85, 4, 87, 59, 46, 63, 156, 160, 171, 74, 144, 245, 10, 155,
	132, 151, 10, 72, 169, 139, 58, 171, 193, 8, 108, 217, 58, 28, 40, 138, 12, 189, 60, 122, 137, 249, 156, 136, 95, 104,
	151, 23, 119, 8, 180, 189, 61, 202, 182, 143, 48, 207, 26, 17, 243, 132, 194, 242, 137, 246, 69, 202, 167, 132, 232,
	136, 209, 200, 77, 170, 82, 191, 9, 54, 31, 1, 13, 173, 230, 112, 178, 180, 212, 107, 25, 180, 3, 149, 191, 132, 213,
	232, 127, 15, 171, 229, 213, 139, 169, 178, 236, 16, 116, 188, 193, 145, 54, 16, 35, 196, 244, 202, 195, 138, 10, 232,
	255, 6, 86, 31, 255, 132, 213, 95, 213, 79, 144, 223, 97, 245, 175, 182, 255, 195, 88, 173, 252, 101, 172, 62, 143, 13,
	51, 66, 140, 248, 112, 82, 218, 41, 101, 255, 114, 171, 240, 22, 177, 167, 48, 33, 15, 28, 16, 119, 203, 188, 237, 205,
	109, 72, 62, 19, 49, 170, 72, 231, 143, 67, 185, 47, 99, 116, 10, 49, 152, 207, 182, 253, 186, 113, 131, 57, 220, 117,
	113, 80, 110, 248, 153, 73, 239, 187, 134, 4, 226, 241, 132, 236, 244, 152, 23, 101, 124, 169, 11, 215, 43, 196, 208,
	154, 50, 160, 244, 29, 193, 21, 1, 150, 45, 51, 131, 205, 42, 100, 77, 82, 249, 236, 148, 23, 234, 180, 167, 75, 190,
	182, 103, 239, 189, 19, 251, 76, 251, 199, 74, 41, 171, 66, 107, 22, 205, 240, 167, 111, 58, 132, 182, 19, 147, 103,
	71, 129, 8, 114, 163, 211, 155, 31, 33, 5, 240, 190, 150, 8, 71, 195, 104, 39, 122, 21, 171, 251, 117, 78, 29, 199, 27,
	91, 176, 114, 71, 126, 222, 98, 127, 20, 212, 253, 153, 244, 182, 58, 129, 201, 24, 193, 212, 91, 168, 71, 170, 122,
	64, 183, 91, 159, 71, 62, 106, 19, 173, 0, 47, 163, 222, 41, 42, 133, 2, 34, 22, 30, 129, 227, 12, 22, 215, 244, 49,
	154, 182, 114, 207, 131, 52, 4, 175, 227, 131, 96, 77, 83, 51, 57, 129, 226, 171, 29, 204, 64, 241, 61, 76, 6, 177,
	110, 88, 29, 226, 96, 159, 4, 217, 142, 199, 226, 152, 192, 185, 34, 119, 101, 132, 179, 51, 234, 0, 46, 211, 142, 210,
	71, 57, 241, 206, 163, 145, 18, 85, 25, 232, 86, 83, 164, 176, 114, 97, 18, 71, 119, 134, 163, 134, 167, 29, 230, 98,
	49, 57, 23, 48, 222, 135, 87, 46, 55, 110, 69, 120, 165, 252, 96, 60, 5, 201, 162, 108, 178, 186, 153, 50, 89, 28, 202,
	8, 224, 222, 148, 119, 114, 59, 183, 244, 88, 246, 235, 251, 31, 54, 136, 46, 101, 123, 22, 163, 247, 86, 233, 108, 53,
	166, 91, 115, 255, 120, 104, 244, 97, 158, 193, 137, 209, 7, 133, 149, 173, 7, 69, 75, 210, 53, 143, 39, 165, 20, 97,
	132, 163, 152, 121, 52, 147, 245, 41, 1, 229, 125, 111, 105, 61, 163, 222, 90, 177, 163, 95, 249, 148, 201, 225, 73,
	197, 75, 46, 66, 215, 231, 63, 243, 248, 54, 102, 86, 55, 217, 94, 23, 230, 98, 6, 95, 122, 8, 221, 26, 130, 217, 149,
	64, 164, 7, 247, 204, 83, 202, 93, 84, 55, 173, 4, 244, 193, 40, 192, 251, 80, 32, 203, 119, 31, 228, 144, 155, 248,
	129, 166, 132, 195, 46, 28, 229, 60, 51, 144, 1, 69, 109, 130, 239, 59, 63, 137, 211, 221, 215, 223, 132, 164, 240,
	144, 65, 97, 190, 250, 200, 64, 133, 27, 125, 122, 170, 112, 49, 230, 233, 91, 125, 153, 110, 242, 22, 204, 192, 104,
	176, 119, 122, 179, 241, 119, 64, 147, 43, 212, 24, 68, 122, 147, 118, 97, 75, 112, 140, 6, 17, 34, 54, 80, 83, 7, 143,
	183, 150, 192, 196, 203, 255, 24, 255, 37, 172, 222, 139, 204, 88, 95, 213, 135, 170, 245, 131, 223, 162, 208, 183, 22,
	67, 148, 187, 47, 126, 245, 39, 88, 205, 152, 5, 226, 70, 48, 219, 191, 93, 251, 141, 84, 170, 205, 241, 11, 110, 8,
	201, 184, 103, 129, 39, 247, 67, 54, 201, 234, 229, 13, 205, 163, 142, 191, 66, 248, 70, 173, 94, 125, 68, 165, 61,
	163, 195, 14, 188, 248, 86, 79, 64, 206, 170, 213, 209, 93, 171, 177, 153, 209, 240, 227, 246, 84, 129, 194, 104, 139,
	219, 159, 244, 110, 19, 72, 223, 118, 194, 43, 255, 108, 60, 155, 37, 162, 64, 147, 206, 71, 1, 61, 255, 164, 151, 169,
	19, 57, 135, 46, 142, 78, 246, 146, 215, 105, 1, 243, 141, 74, 238, 98, 48, 60, 20, 98, 141, 120, 221, 152, 173, 231,
	139, 243, 248, 40, 235, 163, 96, 86, 186, 231, 123, 93, 149, 165, 162, 188, 243, 165, 22, 123, 103, 216, 119, 111, 93,
	251, 221, 255, 80, 55, 204, 46, 17, 187, 134, 30, 130, 133, 139, 54, 97, 189, 89, 3, 176, 253, 166, 197, 241, 145, 36,
	69, 104, 23, 58, 202, 25, 223, 103, 26, 238, 170, 146, 155, 110, 177, 202, 89, 88, 251, 239, 157, 15, 184, 124, 185,
	209, 193, 101, 33, 147, 231, 45, 213, 197, 198, 233, 54, 118, 162, 99, 123, 9, 153, 183, 241, 110, 17, 181, 147, 73,
	102, 1, 152, 100, 104, 87, 201, 212, 135, 15, 58, 223, 180, 123, 53, 114, 201, 45, 180, 124, 125, 234, 35, 29, 162,
	170, 219, 34, 4, 78, 60, 19, 141, 4, 30, 99, 42, 187, 246, 18, 7, 55, 252, 201, 220, 161, 79, 9, 94, 87, 94, 5, 118,
	176, 143, 91, 183, 247, 124, 25, 3, 98, 129, 211, 210, 181, 234, 104, 137, 219, 55, 42, 200, 208, 23, 99, 47, 110, 212,
	97, 247, 124, 206, 48, 237, 141, 98, 219, 216, 49, 47, 77, 25, 236, 141, 178, 183, 242, 53, 144, 204, 86, 18, 76, 203,
	212, 130, 38, 172, 15, 63, 167, 159, 215, 124, 56, 164, 174, 101, 128, 66, 143, 155, 135, 194, 153, 236, 68, 201, 66,
	110, 84, 12, 103, 53, 246, 147, 148, 118, 103, 52, 231, 246, 158, 51, 222, 250, 136, 176, 133, 147, 120, 11, 45, 13,
	124, 148, 156, 119, 172, 43, 36, 104, 197, 168, 128, 27, 35, 143, 172, 111, 144, 41, 18, 17, 130, 74, 31, 128, 4, 222,
	122, 80, 143, 187, 94, 93, 22, 73, 64, 131, 71, 249, 90, 22, 164, 131, 20, 194, 106, 45, 206, 55, 153, 175, 189, 52,
	237, 64, 158, 7, 210, 21, 182, 175, 222, 220, 78, 236, 72, 65, 213, 155, 126, 80, 229, 154, 44, 20, 124, 15, 223, 102,
	88, 135, 156, 7, 188, 45, 129, 126, 223, 137, 123, 186, 112, 121, 247, 214, 230, 107, 182, 66, 153, 54, 167, 53, 70,
	218, 86, 41, 14, 224, 133, 193, 122, 141, 240, 35, 55, 223, 142, 107, 178, 122, 30, 19, 120, 188, 231, 86, 142, 109,
	146, 40, 9, 74, 40, 73, 142, 61, 3, 211, 208, 129, 0, 250, 176, 239, 174, 84, 179, 214, 13, 14, 192, 176, 130, 254,
	180, 232, 82, 153, 151, 95, 122, 184, 127, 163, 166, 105, 25, 211, 247, 223, 68, 230, 59, 108, 243, 127, 26, 167, 241,
	111, 143, 9, 155, 175, 212, 179, 14, 255, 137, 219, 198, 243, 174, 36, 218, 28, 220, 67, 240, 114, 123, 136, 27, 51,
	222, 71, 200, 58, 255, 176, 220, 121, 243, 123, 189, 89, 215, 57, 89, 87, 161, 127, 169, 61, 42, 38, 223, 116, 209, 55,
	17, 113, 35, 183, 188, 123, 245, 27, 4, 149, 47, 4, 253, 94, 34, 236, 235, 30, 239, 219, 61, 75, 128, 144, 179, 98, 25,
	27, 32, 230, 63, 33, 116, 102, 35, 239, 61, 124, 211, 157, 125, 210, 116, 130, 170, 112, 210, 126, 169, 144, 55, 236,
	207, 96, 75, 243, 252, 17, 146, 97, 43, 155, 246, 45, 34, 227, 43, 166, 146, 250, 17, 103, 153, 111, 192, 87, 250, 193,
	175, 198, 234, 31, 135, 253, 87, 71, 13, 252, 217, 176, 255, 234, 168, 129, 255, 252, 128, 146, 9, 239, 95, 2, 69, 213,
	3, 73, 234, 86, 172, 79, 251, 4, 249, 62, 85, 92, 235, 250, 238, 96, 199, 136, 93, 1, 64, 239, 81, 15, 191, 64, 74,
	142, 235, 215, 137, 250, 100, 25, 185, 164, 164, 143, 149, 152, 111, 227, 42, 57, 254, 243, 212, 110, 188, 3, 211, 244,
	64, 81, 171, 177, 171, 172, 142, 9, 115, 154, 36, 113, 41, 185, 138, 231, 249, 235, 91, 241, 161, 226, 94, 62, 200,
	245, 3, 196, 220, 83, 209, 49, 67, 105, 38, 16, 61, 54, 61, 63, 90, 164, 224, 216, 45, 46, 223, 232, 76, 201, 180, 149,
	189, 64, 51, 150, 89, 140, 37, 133, 129, 205, 43, 138, 146, 169, 228, 117, 249, 241, 111, 148, 66, 90, 156, 208, 210,
	32, 75, 242, 142, 105, 159, 190, 185, 1, 174, 215, 174, 61, 82, 102, 43, 137, 32, 105, 172, 31, 157, 79, 13, 110, 102,
	141, 183, 187, 91, 60, 30, 13, 21, 239, 168, 185, 14, 26, 1, 97, 249, 103, 185, 35, 183, 164, 25, 188, 196, 158, 110,
	176, 174, 155, 207, 21, 235, 9, 92, 95, 144, 176, 93, 41, 82, 211, 129, 64, 206, 142, 250, 195, 127, 229, 145, 72, 194,
	201, 168, 27, 30, 44, 65, 165, 93, 235, 81, 66, 77, 110, 236, 114, 163, 127, 12, 144, 177, 164, 113, 126, 163, 229, 61,
	233, 197, 172, 224, 113, 210, 172, 38, 116, 146, 245, 17, 187, 181, 232, 166, 117, 199, 101, 195, 204, 14, 104, 108,
	94, 253, 79, 106, 122, 255, 225, 49, 225, 63, 6, 20, 106, 192, 6, 125, 238, 173, 235, 31, 139, 58, 231, 43, 222, 128,
	235, 133, 63, 205, 25, 117, 240, 159, 68, 90, 28, 31, 215, 173, 52, 93, 52, 188, 251, 32, 225, 111, 152, 77, 31, 143,
	162, 10, 87, 0, 26, 80, 62, 101, 242, 119, 20, 70, 101, 221, 214, 139, 198, 31, 113, 102, 216, 78, 25, 121, 215, 12,
	79, 95, 135, 37, 40, 31, 228, 84, 203, 253, 136, 224, 241, 75, 136, 92, 106, 183, 139, 134, 63, 142, 7, 78, 60, 46,
	186, 33, 241, 60, 116, 209, 14, 138, 156, 47, 86, 134, 144, 47, 205, 213, 103, 180, 140, 133, 217, 71, 214, 23, 36, 95,
	158, 169, 92, 89, 229, 244, 220, 97, 90, 198, 248, 174, 108, 218, 77, 51, 249, 192, 48, 69, 112, 166, 211, 21, 75, 163,
	163, 229, 193, 28, 85, 37, 216, 62, 60, 254, 211, 55, 175, 213, 234, 40, 15, 40, 38, 17, 63, 100, 214, 78, 152, 56, 56,
	65, 2, 122, 86, 182, 235, 65, 39, 73, 223, 143, 114, 153, 107, 58, 105, 206, 211, 78, 132, 55, 51, 178, 9, 147, 152,
	213, 250, 65, 33, 78, 95, 36, 226, 37, 209, 76, 125, 42, 7, 247, 190, 166, 60, 198, 124, 38, 72, 1, 170, 190, 13, 91,
	239, 220, 116, 230, 185, 106, 42, 185, 174, 47, 13, 124, 93, 147, 250, 131, 218, 55, 246, 144, 48, 116, 120, 91, 174,
	137, 51, 179, 107, 228, 20, 136, 47, 27, 75, 122, 104, 149, 41, 27, 10, 126, 232, 103, 74, 64, 104, 138, 5, 243, 228,
	103, 210, 214, 95, 24, 164, 158, 177, 242, 104, 201, 160, 31, 238, 255, 174, 216, 233, 191, 180, 167, 232, 255, 142,
	61, 253, 127, 168, 251, 142, 102, 71, 177, 117, 203, 57, 191, 162, 230, 138, 14, 140, 48, 98, 136, 119, 2, 132, 55, 51,
	188, 71, 8, 35, 204, 175, 111, 148, 89, 89, 149, 149, 229, 223, 189, 175, 35, 250, 140, 20, 156, 115, 208, 198, 236,
	181, 214, 231, 25, 243, 131, 167, 9, 242, 43, 158, 226, 124, 116, 41, 175, 249, 243, 238, 202, 166, 2, 106, 178, 66,
	79, 4, 75, 41, 116, 81, 156, 47, 196, 249, 232, 79, 188, 160, 142, 223, 131, 18, 240, 223, 194, 210, 15, 40, 1, 255,
	28, 149, 212, 191, 196, 210, 15, 148, 2, 255, 45, 44, 253, 172, 26, 248, 239, 96, 169, 186, 166, 53, 101, 0, 116, 145,
	252, 124, 83, 79, 25, 89, 56, 99, 97, 24, 148, 84, 104, 21, 69, 25, 33, 70, 236, 147, 41, 248, 243, 113, 226, 130, 247,
	88, 180, 201, 205, 6, 147, 129, 120, 62, 191, 191, 25, 240, 102, 164, 242, 5, 14, 90, 57, 15, 123, 52, 199, 210, 53, 6,
	76, 191, 185, 31, 106, 104, 51, 3, 162, 249, 198, 253, 148, 128, 125, 70, 181, 35, 210, 90, 79, 189, 182, 75, 165, 106,
	122, 225, 173, 6, 172, 78, 165, 185, 155, 14, 23, 198, 35, 170, 28, 38, 12, 211, 162, 30, 158, 31, 24, 240, 169, 88,
	111, 204, 53, 211, 222, 242, 4, 40, 118, 247, 159, 2, 204, 29, 186, 35, 3, 26, 22, 60, 224, 68, 188, 166, 225, 10, 155,
	37, 184, 38, 90, 99, 83, 254, 248, 62, 173, 90, 127, 242, 115, 67, 213, 84, 59, 72, 60, 79, 117, 147, 101, 93, 93, 200,
	190, 21, 53, 122, 101, 247, 212, 191, 103, 185, 212, 175, 7, 198, 239, 64, 16, 98, 25, 39, 203, 161, 59, 118, 236, 182,
	177, 189, 174, 183, 129, 92, 135, 36, 156, 25, 80, 89, 55, 140, 42, 174, 136, 3, 82, 43, 230, 201, 181, 62, 244, 213,
	252, 82, 137, 238, 176, 113, 113, 126, 26, 77, 207, 103, 141, 169, 247, 215, 200, 92, 154, 105, 221, 1, 248, 237, 148,
	225, 148, 188, 241, 33, 172, 163, 206, 229, 155, 193, 161, 103, 234, 31, 238, 196, 239, 203, 47, 255, 92, 213, 252,
	173, 162, 169, 191, 40, 154, 232, 151, 29, 72, 29, 227, 134, 189, 18, 243, 21, 49, 132, 34, 88, 155, 104, 244, 56, 246,
	135, 201, 168, 116, 249, 191, 164, 104, 168, 21, 16, 127, 121, 159, 211, 239, 223, 231, 31, 107, 53, 69, 181, 254, 217,
	75, 113, 80, 232, 151, 76, 171, 154, 58, 55, 219, 215, 164, 169, 175, 59, 210, 217, 128, 111, 7, 85, 225, 199, 90, 77,
	215, 254, 190, 199, 36, 183, 110, 223, 127, 153, 28, 119, 234, 119, 62, 149, 201, 230, 196, 244, 220, 129, 59, 214,
	124, 254, 232, 75, 53, 57, 131, 213, 49, 2, 125, 63, 139, 198, 230, 33, 115, 8, 145, 150, 253, 180, 241, 147, 184, 116,
	138, 17, 185, 140, 153, 111, 238, 140, 100, 255, 52, 36, 248, 54, 112, 21, 248, 221, 196, 85, 227, 203, 196, 85, 250,
	203, 196, 213, 147, 239, 150, 35, 215, 52, 109, 35, 162, 91, 183, 71, 50, 51, 91, 189, 15, 154, 227, 179, 100, 138, 74,
	35, 205, 214, 217, 243, 69, 66, 64, 125, 185, 213, 47, 25, 104, 236, 13, 199, 94, 147, 32, 116, 239, 199, 200, 92, 159,
	126, 209, 52, 230, 125, 168, 186, 158, 240, 158, 120, 121, 65, 121, 19, 150, 40, 111, 114, 238, 89, 18, 108, 195, 164,
	106, 71, 36, 110, 221, 6, 111, 167, 97, 154, 230, 197, 142, 89, 172, 134, 19, 147, 8, 105, 58, 112, 245, 167, 9, 26,
	161, 101, 176, 192, 230, 21, 87, 179, 62, 91, 225, 112, 15, 90, 60, 156, 71, 234, 84, 96, 193, 131, 124, 72, 78, 19,
	144, 72, 102, 188, 16, 78, 232, 37, 112, 95, 150, 14, 194, 67, 105, 143, 8, 255, 112, 47, 101, 42, 220, 16, 85, 140,
	22, 23, 160, 101, 87, 190, 29, 206, 220, 46, 154, 28, 167, 240, 21, 5, 103, 217, 34, 172, 201, 53, 178, 161, 198, 188,
	99, 102, 116, 194, 22, 96, 254, 246, 136, 134, 105, 112, 214, 249, 1, 171, 110, 176, 246, 86, 155, 56, 185, 164, 164,
	135, 175, 91, 208, 22, 158, 187, 118, 87, 1, 71, 19, 30, 98, 209, 93, 120, 92, 236, 164, 100, 36, 139, 139, 99, 188,
	37, 189, 101, 38, 179, 63, 173, 251, 131, 167, 13, 210, 236, 99, 182, 220, 44, 89, 178, 77, 109, 92, 73, 158, 85, 66,
	249, 25, 191, 136, 94, 61, 229, 0, 170, 14, 229, 207, 214, 54, 240, 103, 230, 246, 159, 89, 219, 229, 15, 214, 182, 93,
	201, 142, 68, 87, 46, 182, 104, 11, 128, 21, 32, 126, 25, 27, 139, 48, 2, 191, 62, 154, 63, 239, 196, 43, 208, 189, 34,
	155, 111, 182, 41, 107, 252, 16, 83, 188, 75, 130, 19, 76, 201, 135, 234, 221, 173, 30, 28, 222, 243, 52, 2, 60, 121,
	89, 253, 171, 118, 85, 106, 201, 214, 3, 190, 55, 158, 70, 125, 107, 220, 94, 203, 118, 233, 13, 86, 143, 73, 224, 84,
	77, 177, 22, 137, 219, 79, 208, 127, 163, 90, 198, 35, 72, 122, 233, 140, 241, 45, 154, 84, 37, 228, 71, 8, 201, 252,
	24, 197, 20, 228, 0, 158, 237, 145, 183, 166, 79, 231, 18, 148, 167, 21, 22, 149, 26, 9, 239, 196, 156, 44, 132, 239,
	72, 186, 16, 250, 176, 38, 240, 233, 252, 236, 64, 246, 80, 53, 231, 162, 102, 167, 121, 45, 19, 117, 53, 143, 81, 91,
	163, 48, 135, 187, 249, 237, 209, 174, 142, 72, 139, 128, 97, 242, 190, 224, 16, 84, 141, 163, 194, 38, 59, 54, 191,
	223, 98, 249, 68, 192, 219, 40, 232, 93, 196, 191, 57, 130, 167, 147, 28, 151, 148, 169, 124, 112, 12, 237, 194, 160,
	234, 152, 153, 95, 152, 15, 251, 85, 98, 206, 222, 172, 196, 197, 129, 98, 252, 46, 95, 65, 160, 218, 21, 204, 34, 27,
	217, 140, 236, 108, 184, 159, 114, 77, 131, 226, 220, 85, 242, 186, 109, 217, 74, 18, 154, 190, 138, 221, 24, 191, 166,
	108, 18, 92, 243, 12, 58, 111, 217, 187, 77, 97, 18, 33, 234, 93, 219, 120, 216, 243, 240, 123, 24, 118, 248, 161, 217,
	121, 11, 168, 99, 240, 63, 192, 206, 235, 255, 20, 59, 153, 199, 39, 105, 52, 241, 126, 193, 78, 218, 117, 189, 247,
	67, 206, 6, 214, 129, 87, 220, 120, 192, 209, 204, 39, 245, 239, 212, 75, 249, 191, 164, 94, 190, 142, 158, 2, 254, 17,
	110, 30, 127, 143, 155, 95, 58, 229, 254, 183, 112, 243, 3, 155, 192, 127, 128, 155, 135, 42, 6, 159, 162, 122, 241,
	179, 161, 142, 26, 250, 82, 9, 204, 43, 40, 199, 81, 140, 196, 6, 5, 197, 93, 163, 60, 92, 208, 23, 202, 128, 211, 105,
	243, 136, 214, 237, 142, 95, 18, 80, 61, 124, 243, 117, 211, 244, 49, 219, 134, 229, 6, 201, 62, 114, 83, 15, 131, 33,
	134, 210, 131, 121, 33, 31, 208, 185, 191, 224, 58, 16, 172, 171, 79, 80, 233, 74, 38, 23, 238, 222, 48, 39, 175, 23,
	160, 225, 65, 196, 152, 234, 13, 207, 55, 72, 38, 67, 172, 113, 65, 13, 14, 217, 246, 235, 11, 151, 6, 156, 31, 103,
	231, 161, 135, 228, 90, 131, 171, 154, 60, 47, 210, 229, 27, 150, 0, 255, 83, 48, 153, 200, 89, 26, 30, 93, 185, 165,
	213, 162, 53, 162, 202, 121, 218, 0, 4, 85, 119, 179, 110, 193, 202, 20, 129, 244, 243, 181, 115, 159, 103, 21, 81,
	212, 26, 26, 210, 70, 41, 200, 237, 214, 173, 32, 215, 140, 230, 221, 238, 89, 166, 232, 252, 4, 180, 36, 237, 185, 75,
	50, 241, 238, 42, 9, 54, 202, 40, 173, 47, 33, 186, 3, 215, 46, 178, 89, 80, 84, 39, 163, 123, 92, 189, 125, 188, 116,
	51, 248, 164, 164, 85, 247, 194, 120, 237, 44, 109, 145, 49, 227, 68, 28, 215, 138, 238, 243, 70, 30, 166, 229, 223,
	124, 42, 174, 165, 242, 73, 234, 159, 14, 86, 47, 249, 53, 84, 147, 111, 82, 247, 43, 10, 184, 186, 18, 97, 238, 124,
	155, 246, 196, 255, 71, 187, 238, 231, 84, 237, 159, 183, 29, 10, 252, 143, 167, 198, 55, 159, 232, 201, 181, 250, 117,
	223, 133, 83, 236, 98, 184, 46, 217, 247, 74, 55, 50, 114, 184, 166, 176, 207, 254, 168, 89, 214, 143, 102, 169, 254,
	151, 52, 11, 119, 106, 150, 95, 90, 156, 150, 223, 111, 7, 231, 91, 70, 248, 175, 250, 219, 248, 87, 86, 67, 245, 191,
	100, 53, 112, 235, 191, 89, 241, 183, 232, 11, 240, 15, 194, 47, 32, 54, 208, 71, 116, 106, 9, 140, 135, 149, 7, 75,
	85, 170, 208, 28, 132, 170, 244, 39, 235, 159, 156, 124, 221, 171, 185, 12, 215, 133, 27, 128, 225, 128, 131, 215, 53,
	138, 142, 8, 35, 4, 212, 208, 54, 246, 220, 52, 219, 210, 232, 116, 60, 186, 83, 228, 199, 38, 50, 78, 125, 191, 239,
	165, 104, 97, 60, 232, 209, 246, 102, 177, 176, 148, 111, 3, 234, 14, 62, 126, 233, 241, 214, 231, 219, 214, 77, 94,
	228, 19, 104, 174, 44, 51, 141, 3, 220, 121, 195, 161, 14, 182, 201, 113, 231, 13, 152, 47, 204, 109, 205, 56, 172, 55,
	136, 216, 23, 171, 187, 177, 198, 68, 197, 186, 187, 69, 165, 193, 222, 204, 199, 178, 101, 246, 84, 217, 23, 134, 47,
	79, 157, 62, 210, 73, 152, 17, 252, 20, 1, 111, 253, 45, 31, 55, 100, 210, 56, 58, 159, 252, 161, 35, 250, 92, 178,
	148, 178, 115, 225, 44, 119, 249, 74, 103, 153, 229, 106, 227, 201, 138, 184, 241, 178, 247, 115, 138, 226, 87, 217,
	134, 137, 86, 203, 146, 109, 39, 95, 182, 63, 239, 122, 141, 178, 209, 60, 8, 1, 96, 200, 52, 182, 94, 107, 113, 30,
	69, 110, 246, 158, 129, 78, 169, 70, 157, 214, 142, 134, 27, 11, 237, 35, 18, 25, 72, 23, 78, 230, 215, 23, 236, 49,
	134, 125, 247, 145, 213, 60, 148, 14, 55, 41, 127, 45, 109, 205, 186, 141, 229, 196, 166, 46, 140, 134, 115, 131, 3,
	170, 99, 69, 42, 196, 128, 140, 150, 70, 86, 100, 51, 216, 171, 43, 66, 18, 105, 100, 98, 47, 237, 163, 131, 57, 183,
	240, 201, 221, 76, 204, 39, 217, 144, 55, 126, 168, 196, 40, 72, 107, 56, 244, 29, 25, 41, 209, 206, 143, 252, 65, 186,
	233, 76, 197, 149, 115, 7, 116, 189, 173, 92, 155, 41, 195, 86, 172, 30, 151, 216, 33, 48, 197, 210, 7, 148, 188, 82,
	108, 99, 126, 134, 190, 13, 3, 39, 88, 243, 101, 149, 45, 8, 234, 248, 25, 63, 30, 225, 150, 146, 119, 154, 98, 213,
	220, 220, 221, 21, 5, 175, 82, 172, 236, 92, 156, 17, 64, 14, 222, 221, 90, 164, 38, 195, 99, 94, 147, 167, 6, 166,
	236, 68, 105, 39, 95, 200, 39, 179, 94, 46, 101, 51, 212, 15, 179, 50, 242, 242, 29, 231, 157, 129, 27, 193, 162, 132,
	87, 42, 227, 30, 45, 181, 150, 98, 44, 59, 159, 41, 115, 177, 238, 232, 78, 203, 139, 64, 122, 71, 187, 241, 30, 210,
	105, 138, 225, 35, 127, 209, 30, 183, 238, 6, 65, 156, 201, 181, 239, 150, 227, 217, 81, 77, 124, 37, 41, 131, 138, 73,
	201, 155, 45, 58, 96, 112, 89, 75, 255, 102, 20, 142, 55, 191, 167, 104, 17, 42, 8, 100, 224, 198, 205, 123, 139, 189,
	1, 79, 147, 224, 87, 233, 114, 98, 23, 170, 200, 67, 15, 99, 66, 243, 238, 104, 104, 38, 211, 110, 152, 202, 107, 43,
	252, 77, 170, 196, 247, 16, 14, 252, 21, 134, 19, 90, 94, 23, 179, 188, 249, 158, 169, 94, 119, 172, 127, 92, 50, 188,
	83, 208, 132, 133, 110, 63, 234, 65, 245, 163, 7, 129, 47, 225, 151, 251, 92, 34, 62, 50, 196, 119, 212, 223, 100, 46,
	94, 113, 161, 250, 50, 20, 92, 40, 30, 238, 68, 94, 199, 158, 197, 192, 112, 80, 186, 184, 151, 79, 218, 86, 89, 30,
	108, 176, 210, 24, 220, 98, 66, 44, 23, 230, 130, 11, 51, 247, 114, 16, 0, 97, 57, 213, 172, 13, 99, 184, 7, 143, 112,
	107, 163, 80, 125, 208, 6, 196, 44, 162, 203, 194, 206, 123, 55, 116, 98, 9, 58, 175, 29, 183, 155, 208, 191, 132, 170,
	145, 201, 61, 189, 88, 217, 162, 74, 30, 70, 118, 169, 166, 215, 159, 164, 196, 166, 114, 32, 123, 4, 118, 30, 98, 247,
	5, 54, 178, 30, 174, 36, 227, 69, 237, 162, 214, 65, 17, 197, 7, 60, 248, 28, 98, 171, 31, 241, 250, 26, 219, 94, 146,
	243, 47, 5, 126, 73, 104, 151, 107, 104, 5, 154, 26, 84, 157, 244, 80, 216, 75, 45, 207, 98, 225, 75, 218, 74, 27, 59,
	64, 28, 116, 120, 127, 17, 69, 146, 203, 30, 38, 188, 252, 24, 147, 141, 56, 140, 180, 72, 124, 69, 83, 29, 56, 89, 17,
	239, 242, 189, 145, 57, 151, 245, 153, 187, 128, 86, 254, 139, 147, 16, 158, 81, 50, 175, 62, 34, 169, 48, 210, 220,
	236, 5, 59, 196, 171, 168, 4, 170, 205, 246, 109, 186, 219, 29, 142, 223, 30, 54, 169, 37, 140, 46, 176, 220, 152, 20,
	233, 93, 85, 7, 139, 99, 141, 66, 110, 183, 237, 177, 234, 216, 40, 137, 198, 10, 45, 20, 166, 209, 12, 47, 153, 14,
	205, 232, 165, 171, 206, 216, 102, 165, 205, 147, 135, 105, 13, 192, 70, 76, 131, 124, 111, 130, 212, 145, 48, 226,
	146, 29, 162, 209, 94, 87, 151, 179, 247, 21, 233, 46, 119, 28, 109, 60, 84, 130, 181, 137, 238, 200, 222, 245, 73, 97,
	118, 86, 48, 174, 202, 40, 179, 98, 107, 80, 202, 170, 37, 165, 12, 93, 96, 165, 34, 214, 24, 0, 157, 84, 97, 83, 178,
	15, 123, 124, 247, 32, 209, 208, 47, 54, 164, 131, 198, 249, 132, 250, 247, 218, 26, 148, 19, 49, 138, 50, 245, 122,
	166, 30, 46, 254, 76, 56, 225, 254, 208, 71, 168, 147, 70, 80, 183, 186, 56, 58, 176, 142, 123, 64, 79, 135, 194, 96,
	234, 211, 182, 120, 113, 123, 179, 43, 151, 112, 223, 58, 130, 163, 196, 5, 52, 88, 136, 100, 98, 181, 81, 222, 58,
	198, 94, 234, 97, 27, 146, 82, 147, 95, 14, 12, 6, 109, 250, 150, 220, 74, 180, 239, 214, 147, 153, 29, 34, 28, 252,
	53, 125, 227, 156, 122, 11, 103, 116, 86, 0, 1, 189, 209, 115, 149, 185, 206, 165, 66, 42, 15, 142, 223, 66, 237, 156,
	27, 226, 238, 68, 178, 119, 201, 153, 174, 80, 88, 79, 28, 245, 27, 187, 146, 118, 106, 117, 47, 188, 212, 174, 152,
	134, 171, 133, 37, 204, 244, 70, 139, 92, 132, 136, 15, 35, 55, 211, 248, 120, 0, 55, 36, 188, 252, 101, 195, 114, 93,
	213, 89, 253, 39, 211, 162, 126, 250, 48, 127, 149, 87, 73, 52, 87, 207, 254, 39, 106, 153, 203, 231, 88, 205, 251,
	223, 15, 189, 248, 123, 25, 128, 124, 100, 192, 237, 151, 198, 21, 134, 173, 140, 216, 62, 207, 117, 124, 161, 114, 18,
	34, 78, 189, 171, 11, 189, 253, 71, 50, 128, 161, 203, 239, 58, 74, 1, 95, 42, 160, 32, 105, 19, 14, 42, 252, 170, 71,
	11, 155, 107, 210, 61, 244, 62, 45, 248, 165, 194, 246, 248, 147, 51, 203, 246, 83, 90, 149, 212, 191, 118, 151, 162,
	63, 221, 165, 16, 126, 10, 59, 114, 15, 89, 46, 250, 148, 208, 0, 63, 179, 178, 105, 64, 164, 102, 67, 230, 227, 75,
	14, 195, 119, 25, 24, 191, 150, 179, 158, 28, 223, 104, 15, 219, 33, 207, 119, 141, 182, 28, 136, 43, 140, 239, 90,
	212, 125, 38, 198, 0, 113, 69, 211, 169, 111, 62, 227, 171, 60, 164, 98, 243, 179, 110, 160, 62, 26, 1, 251, 200, 131,
	31, 116, 3, 250, 125, 45, 109, 249, 67, 211, 44, 224, 191, 117, 137, 95, 155, 125, 252, 151, 46, 241, 115, 133, 192,
	247, 151, 248, 47, 210, 60, 76, 156, 183, 44, 168, 24, 188, 41, 90, 53, 89, 187, 242, 7, 100, 246, 64, 42, 55, 163,
	134, 107, 164, 116, 165, 168, 36, 222, 236, 235, 205, 198, 149, 82, 121, 88, 215, 155, 225, 142, 72, 158, 136, 202, 53,
	240, 65, 217, 90, 111, 254, 112, 92, 235, 137, 50, 75, 226, 125, 51, 219, 91, 14, 149, 53, 170, 92, 106, 44, 185, 132,
	143, 78, 19, 199, 16, 224, 133, 119, 223, 223, 117, 254, 41, 201, 120, 250, 34, 183, 70, 203, 39, 208, 184, 226, 189,
	112, 224, 87, 130, 97, 72, 218, 188, 92, 98, 130, 27, 42, 242, 145, 99, 45, 56, 231, 91, 127, 74, 104, 146, 165, 88,
	175, 202, 230, 241, 174, 61, 230, 26, 43, 18, 94, 153, 47, 0, 150, 105, 11, 168, 85, 79, 76, 150, 26, 164, 209, 198,
	96, 44, 93, 48, 27, 233, 183, 176, 35, 21, 168, 234, 117, 56, 54, 29, 178, 13, 93, 94, 162, 22, 75, 243, 112, 116, 45,
	89, 123, 227, 131, 199, 186, 183, 45, 215, 191, 133, 156, 221, 43, 28, 137, 46, 131, 0, 108, 183, 164, 120, 222, 185,
	60, 76, 49, 137, 185, 191, 26, 251, 213, 239, 5, 20, 92, 75, 253, 253, 60, 206, 189, 98, 32, 169, 158, 84, 175, 216,
	191, 195, 170, 176, 87, 138, 207, 200, 196, 172, 156, 15, 57, 35, 10, 39, 120, 176, 140, 19, 234, 177, 141, 135, 151,
	193, 241, 1, 164, 95, 15, 23, 226, 110, 181, 43, 206, 12, 17, 38, 227, 190, 213, 194, 76, 250, 59, 123, 185, 225, 238,
	149, 235, 112, 146, 239, 50, 165, 246, 42, 11, 90, 94, 173, 247, 72, 200, 247, 235, 77, 202, 222, 157, 88, 95, 15, 16,
	90, 148, 235, 160, 129, 11, 190, 60, 140, 59, 160, 191, 251, 167, 1, 73, 89, 149, 86, 220, 190, 61, 54, 36, 126, 151,
	149, 199, 160, 53, 83, 122, 35, 109, 164, 61, 53, 246, 73, 246, 126, 176, 51, 68, 190, 194, 168, 180, 238, 208, 141,
	196, 47, 48, 107, 201, 234, 74, 11, 52, 193, 7, 4, 57, 235, 21, 218, 46, 87, 96, 42, 140, 202, 25, 60, 170, 65, 250,
	103, 221, 108, 237, 45, 228, 216, 187, 79, 67, 212, 242, 186, 135, 155, 51, 68, 174, 196, 44, 100, 158, 59, 194, 224,
	154, 227, 165, 120, 238, 101, 153, 159, 47, 205, 138, 43, 175, 59, 35, 188, 204, 27, 250, 236, 169, 144, 79, 199, 11,
	3, 8, 76, 6, 193, 17, 14, 237, 48, 219, 69, 160, 169, 150, 61, 183, 226, 81, 156, 243, 207, 184, 64, 30, 36, 117, 205,
	223, 134, 241, 44, 193, 231, 161, 226, 247, 118, 205, 12, 83, 160, 131, 27, 26, 36, 222, 52, 18, 74, 164, 204, 7, 159,
	232, 221, 32, 162, 170, 134, 1, 94, 26, 20, 194, 11, 220, 163, 161, 122, 37, 227, 230, 91, 179, 124, 239, 227, 201, 0,
	239, 180, 106, 100, 254, 44, 218, 112, 166, 200, 72, 114, 220, 47, 135, 147, 190, 122, 243, 226, 113, 63, 148, 79, 252,
	34, 29, 128, 143, 118, 88, 112, 242, 66, 213, 87, 124, 120, 115, 183, 82, 194, 103, 162, 174, 2, 66, 107, 118, 117, 54,
	254, 184, 120, 249, 79, 188, 227, 192, 31, 9, 141, 47, 58, 131, 26, 55, 216, 137, 184, 25, 199, 204, 5, 217, 119, 219,
	225, 28, 74, 214, 212, 94, 125, 183, 43, 111, 63, 158, 140, 167, 83, 239, 158, 156, 20, 73, 35, 45, 38, 120, 208, 234,
	12, 140, 124, 84, 77, 90, 120, 225, 194, 251, 112, 31, 95, 217, 125, 24, 246, 41, 134, 66, 83, 216, 74, 45, 82, 162,
	153, 14, 172, 200, 125, 169, 104, 154, 92, 6, 122, 124, 222, 215, 7, 52, 118, 92, 202, 209, 211, 107, 144, 102, 124,
	203, 81, 126, 88, 68, 10, 158, 234, 11, 208, 191, 240, 135, 66, 60, 201, 46, 175, 131, 100, 109, 3, 179, 195, 187, 254,
	97, 251, 50, 169, 187, 72, 157, 177, 73, 121, 216, 201, 133, 169, 76, 172, 97, 117, 254, 234, 90, 126, 67, 41, 230, 33,
	18, 242, 84, 136, 84, 210, 68, 110, 138, 78, 117, 127, 211, 159, 86, 1, 204, 225, 118, 171, 227, 219, 210, 32, 82, 63,
	31, 125, 196, 111, 213, 242, 182, 87, 57, 122, 92, 184, 238, 56, 92, 184, 152, 88, 20, 206, 50, 254, 145, 155, 56, 4,
	74, 239, 32, 169, 103, 34, 148, 141, 107, 199, 251, 247, 113, 108, 138, 165, 220, 150, 242, 249, 226, 86, 15, 152, 204,
	87, 200, 44, 165, 125, 151, 207, 245, 25, 77, 144, 26, 91, 251, 18, 223, 119, 137, 72, 162, 181, 170, 248, 117, 123,
	131, 16, 51, 87, 4, 110, 18, 76, 40, 4, 33, 186, 58, 84, 2, 63, 233, 110, 168, 37, 223, 97, 79, 212, 82, 226, 167, 40,
	148, 185, 114, 154, 53, 204, 181, 39, 21, 167, 225, 184, 140, 221, 167, 43, 84, 251, 109, 48, 25, 81, 140, 109, 207,
	23, 18, 66, 52, 140, 153, 36, 97, 104, 202, 254, 102, 99, 92, 105, 232, 199, 219, 245, 186, 164, 201, 234, 166, 33,
	151, 139, 35, 47, 25, 253, 176, 66, 137, 228, 159, 50, 5, 28, 234, 22, 110, 75, 128, 19, 166, 180, 68, 246, 54, 181,
	177, 72, 190, 74, 152, 200, 209, 232, 34, 22, 232, 110, 190, 223, 4, 135, 146, 112, 14, 237, 119, 11, 10, 107, 176,
	160, 32, 67, 100, 233, 149, 232, 202, 107, 20, 174, 104, 97, 125, 122, 192, 13, 133, 44, 190, 128, 80, 222, 112, 212,
	146, 216, 215, 121, 202, 120, 197, 90, 27, 217, 197, 243, 92, 71, 252, 98, 177, 52, 242, 98, 67, 47, 79, 115, 40, 75,
	173, 177, 167, 210, 93, 208, 64, 52, 223, 175, 227, 174, 18, 91, 158, 207, 80, 115, 135, 114, 121, 81, 169, 41, 98, 27,
	12, 1, 8, 83, 188, 145, 89, 235, 77, 61, 2, 110, 8, 164, 52, 232, 222, 66, 42, 131, 136, 49, 138, 219, 131, 85, 193, 8,
	54, 49, 55, 69, 201, 31, 207, 226, 118, 179, 27, 44, 129, 180, 151, 186, 152, 205, 200, 223, 202, 108, 135, 249, 147,
	7, 216, 231, 189, 63, 18, 66, 2, 238, 81, 104, 230, 187, 72, 107, 174, 206, 211, 205, 144, 246, 56, 66, 8, 48, 249,
	151, 105, 30, 142, 117, 30, 250, 120, 21, 254, 67, 169, 241, 79, 212, 198, 245, 19, 40, 185, 125, 23, 40, 201, 225, 89,
	125, 236, 245, 222, 10, 79, 129, 216, 26, 182, 118, 216, 251, 159, 168, 141, 138, 253, 65, 109, 184, 174, 250, 221, 80,
	146, 194, 102, 26, 172, 77, 119, 90, 9, 125, 249, 8, 253, 102, 227, 217, 79, 121, 253, 207, 195, 76, 160, 225, 180,
	218, 181, 54, 179, 104, 54, 242, 77, 236, 187, 164, 73, 5, 224, 54, 215, 137, 4, 167, 112, 93, 141, 119, 218, 175, 3,
	237, 36, 238, 60, 153, 152, 190, 147, 110, 218, 238, 53, 53, 125, 163, 98, 217, 117, 109, 211, 149, 191, 245, 189, 248,
	29, 29, 3, 223, 248, 248, 15, 21, 199, 39, 231, 243, 111, 20, 199, 255, 199, 151, 249, 47, 84, 7, 197, 117, 142, 175,
	21, 4, 139, 172, 213, 1, 64, 202, 230, 179, 126, 60, 31, 86, 110, 219, 10, 108, 20, 136, 88, 189, 42, 90, 99, 44, 184,
	97, 210, 67, 175, 66, 80, 125, 68, 253, 68, 78, 32, 125, 125, 136, 246, 148, 134, 132, 182, 23, 166, 2, 229, 145, 158,
	68, 55, 189, 236, 32, 31, 143, 200, 60, 68, 106, 32, 128, 20, 36, 125, 43, 131, 190, 47, 230, 69, 151, 223, 144, 190,
	122, 159, 97, 61, 143, 229, 254, 76, 213, 38, 152, 101, 209, 9, 58, 59, 206, 113, 85, 184, 5, 69, 16, 13, 84, 245, 184,
	31, 23, 14, 100, 68, 94, 124, 35, 24, 125, 209, 97, 221, 52, 183, 146, 239, 1, 179, 40, 205, 29, 13, 28, 247, 228, 112,
	21, 196, 46, 177, 124, 128, 252, 0, 5, 111, 87, 208, 181, 40, 234, 195, 169, 220, 67, 114, 42, 195, 81, 116, 186, 107,
	193, 158, 175, 42, 142, 171, 199, 122, 189, 239, 153, 253, 192, 223, 116, 24, 192, 34, 156, 70, 51, 8, 234, 192, 197,
	70, 174, 247, 123, 140, 184, 218, 85, 194, 54, 9, 183, 35, 76, 173, 198, 52, 233, 70, 235, 42, 177, 87, 37, 223, 37,
	104, 236, 81, 34, 18, 2, 218, 212, 19, 218, 110, 66, 187, 59, 180, 130, 196, 172, 139, 115, 100, 70, 2, 61, 14, 117,
	210, 108, 130, 92, 94, 0, 216, 155, 122, 148, 164, 99, 45, 48, 246, 117, 178, 69, 86, 3, 75, 245, 69, 168, 205, 49,
	155, 153, 236, 246, 213, 5, 37, 221, 55, 170, 66, 66, 243, 16, 86, 240, 144, 173, 112, 84, 145, 235, 53, 110, 114, 252,
	60, 81, 155, 23, 120, 27, 142, 220, 144, 179, 10, 7, 4, 176, 39, 111, 212, 149, 110, 96, 99, 21, 76, 125, 130, 174,
	208, 117, 184, 204, 169, 222, 173, 176, 175, 205, 52, 188, 221, 163, 151, 211, 220, 175, 100, 69, 85, 69, 103, 7, 79,
	28, 14, 167, 91, 91, 169, 8, 183, 220, 57, 112, 96, 155, 7, 98, 40, 25, 190, 201, 42, 208, 250, 199, 17, 173, 222, 224,
	151, 17, 123, 220, 203, 30, 93, 10, 187, 79, 182, 184, 152, 53, 117, 186, 192, 49, 72, 18, 109, 130, 175, 181, 190, 67,
	212, 251, 112, 221, 148, 106, 101, 132, 107, 3, 161, 191, 88, 218, 18, 154, 77, 65, 28, 114, 15, 37, 182, 153, 221,
	128, 61, 219, 88, 121, 102, 64, 195, 37, 169, 151, 99, 114, 164, 220, 247, 46, 154, 101, 14, 77, 250, 174, 82, 92, 64,
	223, 172, 239, 4, 111, 132, 70, 223, 121, 156, 180, 24, 219, 160, 206, 15, 170, 53, 225, 30, 167, 105, 220, 134, 79,
	158, 177, 90, 134, 158, 102, 252, 2, 100, 247, 252, 22, 110, 126, 185, 187, 25, 39, 22, 100, 13, 47, 109, 181, 204, 97,
	238, 90, 196, 203, 87, 131, 231, 249, 102, 182, 122, 92, 232, 10, 222, 239, 182, 156, 36, 244, 113, 211, 156, 183, 63,
	19, 251, 133, 97, 127, 80, 29, 192, 247, 30, 11, 231, 218, 129, 222, 235, 57, 90, 19, 233, 20, 186, 24, 116, 55, 38,
	189, 141, 18, 27, 78, 211, 63, 82, 29, 192, 47, 65, 249, 63, 83, 29, 252, 225, 228, 212, 245, 65, 174, 60, 105, 132,
	109, 203, 138, 15, 222, 25, 192, 251, 69, 189, 132, 116, 127, 139, 145, 70, 117, 123, 12, 61, 193, 34, 243, 0, 254,
	193, 91, 15, 38, 19, 91, 166, 158, 197, 227, 73, 107, 184, 140, 128, 188, 102, 172, 146, 21, 111, 221, 172, 47, 207,
	181, 60, 229, 188, 238, 122, 138, 121, 67, 26, 23, 185, 239, 18, 122, 179, 94, 12, 120, 125, 191, 244, 246, 238, 90,
	79, 65, 18, 96, 55, 99, 154, 16, 32, 218, 219, 234, 115, 83, 195, 185, 167, 220, 151, 135, 197, 175, 158, 35, 113, 62,
	202, 254, 10, 94, 41, 187, 114, 120, 217, 61, 105, 178, 39, 2, 165, 95, 68, 101, 178, 106, 133, 137, 252, 87, 22, 68,
	109, 59, 87, 199, 77, 186, 220, 106, 211, 140, 110, 1, 239, 89, 6, 192, 21, 228, 161, 48, 4, 143, 86, 166, 14, 242,
	245, 116, 123, 152, 60, 88, 41, 7, 190, 95, 116, 104, 110, 249, 192, 240, 233, 22, 185, 60, 211, 94, 121, 84, 232, 138,
	140, 196, 77, 163, 19, 108, 171, 179, 168, 139, 55, 114, 26, 122, 190, 218, 210, 218, 40, 174, 146, 10, 220, 188, 196,
	172, 140, 61, 225, 160, 109, 215, 180, 203, 13, 246, 197, 252, 213, 139, 41, 26, 183, 83, 205, 174, 150, 239, 249, 209,
	219, 77, 172, 249, 180, 18, 192, 139, 159, 217, 94, 96, 58, 167, 85, 50, 46, 171, 63, 159, 170, 165, 9, 142, 204, 202,
	137, 84, 243, 133, 10, 224, 173, 204, 17, 85, 178, 68, 247, 136, 136, 113, 173, 151, 45, 62, 197, 102, 40, 101, 118,
	236, 41, 28, 11, 51, 94, 118, 54, 68, 125, 167, 227, 121, 104, 138, 187, 176, 144, 122, 48, 191, 22, 161, 47, 182, 74,
	192, 224, 150, 161, 96, 170, 182, 63, 167, 61, 73, 43, 96, 167, 176, 148, 60, 194, 120, 95, 206, 87, 219, 16, 160, 171,
	249, 20, 123, 49, 161, 30, 36, 155, 192, 217, 74, 194, 143, 23, 241, 184, 237, 60, 220, 145, 224, 203, 186, 230, 139,
	113, 238, 172, 48, 139, 102, 219, 143, 86, 36, 91, 75, 232, 53, 40, 50, 90, 215, 111, 50, 1, 100, 228, 93, 78, 28, 120,
	208, 23, 148, 186, 207, 102, 88, 222, 102, 203, 8, 253, 23, 201, 229, 62, 209, 153, 180, 235, 239, 154, 103, 40, 238,
	213, 83, 210, 117, 236, 23, 175, 42, 161, 82, 241, 226, 25, 99, 69, 150, 202, 115, 50, 104, 144, 148, 189, 123, 138,
	42, 172, 192, 68, 189, 139, 158, 59, 88, 81, 139, 111, 40, 210, 193, 38, 20, 209, 119, 92, 97, 94, 164, 86, 155, 34,
	203, 213, 249, 109, 86, 137, 215, 92, 95, 23, 56, 145, 170, 229, 81, 246, 15, 131, 169, 3, 80, 173, 140, 5, 70, 66,
	233, 237, 90, 88, 91, 243, 34, 90, 108, 128, 113, 193, 37, 49, 205, 133, 186, 222, 216, 168, 68, 122, 65, 195, 200,
	135, 25, 111, 193, 187, 87, 26, 165, 38, 255, 153, 234, 224, 24, 230, 127, 87, 117, 48, 245, 39, 196, 88, 254, 26, 98,
	244, 165, 37, 220, 220, 151, 179, 165, 242, 230, 206, 132, 86, 5, 172, 42, 255, 46, 196, 248, 91, 42, 254, 98, 252,
	255, 183, 168, 248, 195, 196, 192, 255, 144, 138, 121, 3, 82, 255, 133, 143, 227, 95, 42, 142, 255, 207, 46, 51, 253,
	210, 191, 252, 79, 51, 176, 162, 145, 55, 163, 87, 222, 62, 165, 75, 138, 195, 150, 249, 118, 110, 97, 116, 50, 214,
	184, 205, 30, 2, 64, 89, 120, 36, 17, 145, 246, 90, 160, 6, 249, 53, 126, 74, 13, 187, 80, 142, 67, 240, 185, 78, 180,
	16, 136, 86, 194, 113, 188, 115, 167, 234, 251, 226, 137, 106, 151, 123, 152, 27, 65, 98, 111, 93, 186, 182, 141, 167,
	143, 249, 241, 193, 87, 182, 218, 112, 238, 0, 250, 135, 14, 222, 219, 205, 158, 220, 203, 145, 219, 50, 88, 213, 118,
	157, 249, 63, 103, 96, 253, 38, 171, 202, 192, 81, 163, 19, 96, 245, 22, 174, 67, 136, 164, 92, 139, 92, 117, 10, 222,
	58, 173, 238, 234, 175, 205, 154, 129, 239, 187, 53, 255, 69, 179, 230, 31, 51, 176, 158, 159, 12, 105, 170, 166, 144,
	16, 231, 60, 70, 59, 154, 118, 165, 105, 64, 116, 240, 11, 234, 169, 244, 113, 44, 47, 163, 228, 155, 167, 140, 56,
	186, 33, 153, 153, 187, 17, 98, 62, 52, 75, 134, 122, 198, 168, 131, 213, 36, 201, 155, 126, 52, 147, 3, 49, 170, 193,
	14, 74, 199, 139, 53, 47, 43, 22, 116, 218, 238, 143, 216, 51, 181, 112, 1, 200, 64, 199, 99, 183, 34, 101, 173, 245,
	44, 125, 124, 111, 138, 44, 20, 65, 249, 210, 155, 248, 180, 253, 102, 109, 247, 196, 8, 114, 97, 63, 42, 139, 191,
	204, 34, 248, 154, 60, 96, 85, 69, 255, 101, 255, 127, 171, 6, 251, 63, 63, 153, 216, 127, 148, 11, 41, 126, 12, 140,
	200, 250, 165, 15, 111, 192, 183, 50, 202, 4, 203, 2, 251, 24, 211, 103, 74, 146, 183, 10, 34, 172, 63, 70, 130, 87,
	135, 229, 26, 149, 145, 190, 245, 187, 143, 129, 111, 109, 227, 29, 164, 237, 207, 183, 238, 203, 235, 248, 107, 199,
	91, 106, 62, 191, 25, 254, 97, 94, 227, 183, 246, 118, 118, 228, 165, 203, 119, 191, 99, 129, 223, 253, 242, 219, 156,
	198, 207, 0, 223, 227, 235, 238, 252, 58, 167, 81, 253, 146, 73, 160, 219, 212, 161, 218, 198, 170, 193, 207, 255, 215,
	43, 251, 33, 67, 224, 199, 4, 1, 19, 114, 244, 246, 61, 147, 126, 12, 14, 122, 202, 149, 23, 249, 118, 159, 103, 151,
	16, 7, 9, 7, 44, 190, 73, 110, 130, 180, 221, 19, 26, 87, 30, 104, 52, 192, 251, 49, 79, 187, 143, 65, 190, 227, 61,
	70, 51, 69, 96, 246, 57, 49, 98, 104, 27, 138, 120, 29, 83, 252, 88, 143, 103, 226, 165, 118, 100, 190, 141, 208, 65,
	243, 91, 147, 149, 250, 219, 236, 155, 206, 2, 74, 204, 18, 89, 246, 197, 91, 93, 148, 247, 110, 103, 219, 97, 90, 210,
	207, 80, 249, 89, 127, 253, 174, 171, 249, 95, 236, 147, 223, 106, 181, 71, 22, 12, 150, 252, 126, 209, 183, 103, 105,
	114, 207, 238, 218, 17, 25, 244, 124, 24, 61, 220, 252, 121, 130, 128, 238, 14, 220, 212, 46, 200, 45, 216, 128, 165,
	104, 105, 52, 204, 209, 11, 136, 68, 104, 15, 89, 123, 6, 223, 66, 237, 113, 167, 45, 239, 238, 206, 93, 129, 193, 88,
	106, 23, 11, 219, 243, 51, 162, 68, 148, 44, 87, 252, 43, 40, 164, 53, 73, 21, 184, 134, 143, 151, 126, 225, 207, 87,
	210, 123, 166, 161, 68, 0, 59, 127, 144, 150, 126, 211, 82, 70, 121, 50, 186, 188, 108, 78, 175, 111, 235, 126, 27, 16,
	126, 184, 229, 9, 129, 90, 227, 253, 98, 189, 143, 112, 160, 174, 127, 181, 161, 164, 52, 235, 191, 242, 41, 243, 236,
	186, 108, 76, 170, 95, 199, 74, 252, 4, 3, 255, 161, 221, 254, 67, 169, 165, 193, 20, 60, 83, 80, 231, 143, 227, 212,
	59, 103, 193, 159, 143, 84, 253, 135, 9, 142, 202, 31, 37, 11, 252, 50, 119, 141, 41, 85, 217, 242, 204, 54, 110, 191,
	206, 215, 85, 173, 100, 149, 141, 111, 17, 117, 76, 14, 5, 119, 249, 218, 144, 205, 56, 217, 128, 156, 99, 207, 221, 3,
	164, 253, 146, 213, 2, 124, 215, 53, 232, 103, 194, 51, 62, 228, 134, 168, 118, 177, 169, 181, 116, 124, 37, 188, 31,
	142, 213, 191, 93, 209, 183, 5, 1, 255, 141, 21, 125, 91, 16, 240, 89, 209, 191, 176, 134, 123, 135, 238, 179, 7, 214,
	144, 48, 171, 9, 55, 143, 52, 131, 64, 217, 95, 206, 229, 17, 162, 109, 10, 148, 90, 107, 95, 141, 245, 137, 164, 249,
	10, 226, 184, 107, 92, 149, 240, 18, 187, 105, 46, 141, 180, 177, 112, 155, 35, 218, 102, 97, 192, 183, 227, 52, 70,
	95, 208, 163, 26, 21, 56, 43, 59, 226, 96, 130, 103, 238, 213, 10, 249, 92, 22, 231, 146, 149, 9, 179, 28, 32, 208,
	105, 202, 59, 137, 117, 200, 193, 72, 189, 188, 156, 111, 214, 253, 52, 30, 15, 105, 173, 184, 201, 247, 219, 156, 115,
	110, 119, 132, 26, 50, 13, 241, 164, 241, 189, 27, 121, 240, 188, 230, 43, 81, 12, 22, 212, 162, 15, 89, 43, 42, 230,
	126, 235, 210, 39, 178, 171, 74, 5, 192, 204, 230, 80, 66, 2, 199, 189, 14, 82, 109, 189, 14, 218, 181, 157, 20, 169,
	203, 166, 177, 208, 94, 78, 200, 191, 125, 114, 190, 92, 150, 7, 196, 194, 177, 251, 228, 192, 4, 133, 246, 202, 78,
	82, 70, 141, 125, 251, 124, 44, 237, 149, 163, 44, 31, 81, 53, 136, 1, 252, 16, 44, 96, 39, 35, 103, 125, 138, 159,
	241, 44, 91, 105, 149, 123, 235, 253, 168, 22, 163, 105, 116, 179, 178, 33, 144, 30, 209, 73, 79, 233, 236, 9, 249,
	138, 20, 245, 79, 218, 74, 118, 200, 236, 123, 129, 39, 196, 168, 163, 81, 209, 203, 7, 88, 10, 220, 22, 184, 134, 180,
	119, 188, 151, 113, 240, 152, 116, 147, 175, 152, 51, 50, 247, 119, 144, 99, 245, 62, 213, 76, 165, 33, 58, 152, 28,
	104, 210, 80, 55, 164, 199, 44, 252, 94, 216, 227, 118, 105, 142, 238, 132, 139, 148, 75, 68, 226, 66, 195, 99, 59, 69,
	135, 41, 168, 199, 14, 104, 153, 43, 91, 70, 173, 184, 83, 67, 94, 214, 91, 144, 7, 19, 177, 154, 15, 198, 14, 64, 217,
	94, 209, 43, 110, 94, 74, 182, 27, 243, 160, 34, 238, 154, 17, 154, 153, 117, 72, 178, 93, 67, 151, 102, 233, 43, 119,
	79, 160, 69, 213, 244, 32, 84, 82, 241, 112, 1, 47, 200, 153, 7, 132, 170, 62, 127, 135, 30, 121, 106, 21, 111, 241,
	245, 196, 79, 16, 176, 141, 72, 121, 104, 167, 26, 123, 218, 196, 82, 103, 32, 214, 164, 62, 49, 222, 113, 154, 216,
	23, 151, 46, 86, 86, 180, 147, 139, 255, 126, 191, 216, 89, 93, 103, 232, 93, 81, 5, 176, 9, 233, 116, 163, 10, 54,
	107, 61, 42, 135, 66, 189, 125, 229, 144, 88, 19, 37, 57, 23, 50, 106, 107, 141, 130, 60, 124, 181, 197, 243, 75, 66,
	19, 236, 181, 124, 183, 196, 110, 119, 239, 46, 225, 6, 26, 205, 158, 140, 200, 167, 233, 254, 17, 193, 169, 88, 157,
	184, 182, 240, 75, 66, 89, 184, 141, 51, 120, 164, 106, 4, 120, 136, 107, 114, 64, 100, 203, 188, 54, 6, 226, 244, 231,
	3, 211, 42, 193, 29, 51, 91, 135, 126, 104, 139, 240, 175, 102, 76, 252, 54, 214, 239, 24, 225, 170, 61, 86, 250, 249,
	94, 6, 113, 185, 24, 75, 210, 185, 106, 165, 107, 125, 240, 23, 165, 150, 20, 178, 52, 236, 29, 25, 154, 249, 102, 138,
	65, 24, 152, 104, 175, 168, 112, 230, 234, 183, 246, 173, 171, 82, 243, 104, 6, 24, 199, 78, 64, 21, 28, 138, 175, 223,
	247, 10, 187, 56, 176, 162, 206, 237, 42, 2, 248, 179, 194, 187, 96, 54, 90, 45, 99, 10, 141, 44, 25, 131, 177, 71,
	227, 220, 16, 19, 65, 223, 234, 204, 201, 238, 116, 222, 223, 245, 42, 33, 170, 7, 29, 170, 232, 17, 64, 151, 233, 94,
	19, 171, 122, 217, 110, 203, 58, 223, 205, 183, 74, 40, 175, 104, 194, 135, 2, 40, 202, 105, 214, 111, 58, 247, 112,
	51, 165, 45, 241, 36, 141, 107, 91, 85, 225, 130, 145, 116, 3, 66, 49, 231, 230, 192, 221, 202, 195, 16, 5, 49, 53,
	241, 116, 47, 107, 73, 94, 123, 42, 126, 174, 81, 18, 248, 174, 226, 18, 73, 159, 202, 33, 54, 95, 94, 253, 12, 60,
	143, 39, 4, 241, 45, 129, 44, 176, 113, 59, 60, 144, 200, 38, 199, 182, 69, 49, 120, 216, 167, 1, 157, 37, 104, 83, 87,
	219, 228, 92, 47, 107, 96, 92, 122, 55, 12, 79, 59, 76, 73, 7, 164, 43, 143, 161, 120, 17, 239, 110, 108, 77, 18, 45,
	234, 174, 235, 92, 32, 168, 143, 214, 13, 40, 4, 134, 13, 6, 4, 5, 204, 79, 8, 71, 66, 192, 192, 12, 76, 197, 67, 252,
	119, 101, 28, 41, 175, 36, 197, 190, 85, 173, 28, 27, 218, 197, 16, 215, 231, 124, 135, 40, 181, 132, 234, 23, 247,
	178, 36, 172, 69, 182, 7, 135, 86, 142, 15, 228, 217, 114, 41, 225, 201, 151, 120, 211, 108, 160, 225, 52, 44, 222,
	147, 159, 60, 15, 194, 187, 147, 102, 146, 188, 61, 114, 11, 158, 18, 133, 97, 239, 209, 7, 75, 213, 25, 150, 243, 181,
	225, 6, 38, 213, 108, 54, 133, 219, 227, 8, 72, 225, 221, 58, 40, 1, 142, 79, 160, 177, 239, 175, 22, 46, 56, 105, 70,
	209, 245, 182, 223, 226, 164, 57, 244, 238, 169, 68, 246, 165, 216, 245, 97, 175, 209, 173, 46, 43, 157, 140, 237, 221,
	235, 7, 191, 176, 156, 253, 245, 28, 155, 151, 128, 173, 72, 225, 215, 243, 122, 41, 5, 180, 10, 67, 83, 116, 50, 0,
	241, 189, 211, 102, 128, 140, 82, 134, 203, 64, 157, 211, 75, 152, 84, 118, 128, 7, 216, 162, 129, 100, 187, 16, 227,
	116, 85, 172, 39, 63, 250, 197, 251, 112, 50, 30, 82, 46, 237, 69, 198, 243, 176, 115, 90, 253, 162, 120, 20, 178, 59,
	15, 81, 208, 170, 106, 106, 14, 32, 68, 166, 27, 39, 125, 90, 253, 227, 207, 195, 140, 244, 58, 167, 68, 237, 42, 228,
	183, 215, 251, 102, 228, 62, 93, 93, 86, 74, 131, 33, 25, 115, 112, 138, 0, 95, 155, 207, 22, 194, 96, 206, 10, 154,
	174, 232, 221, 62, 146, 215, 118, 49, 132, 217, 85, 250, 79, 115, 201, 68, 56, 84, 226, 109, 250, 23, 186, 194, 75, 1,
	23, 255, 25, 123, 63, 150, 184, 173, 146, 159, 172, 44, 153, 159, 227, 63, 38, 240, 127, 194, 225, 225, 71, 26, 67,
	248, 31, 114, 248, 1, 133, 183, 191, 224, 112, 237, 95, 114, 248, 115, 85, 190, 53, 36, 216, 249, 223, 48, 166, 35,
	186, 85, 44, 180, 245, 167, 205, 116, 112, 53, 223, 64, 82, 253, 166, 251, 223, 15, 60, 158, 192, 234, 161, 238, 191,
	229, 241, 159, 143, 213, 191, 93, 213, 183, 20, 224, 255, 202, 170, 62, 139, 250, 141, 186, 248, 23, 92, 142, 72, 131,
	125, 27, 184, 234, 141, 115, 233, 200, 188, 167, 62, 93, 236, 29, 120, 160, 79, 34, 107, 158, 147, 106, 189, 212, 58,
	102, 134, 245, 224, 199, 151, 152, 34, 37, 19, 33, 163, 196, 51, 172, 81, 143, 174, 91, 17, 217, 187, 186, 133, 254,
	117, 127, 10, 200, 253, 197, 229, 67, 208, 7, 25, 151, 161, 231, 194, 132, 221, 164, 99, 8, 159, 89, 28, 16, 43, 50,
	67, 110, 243, 97, 68, 248, 141, 186, 211, 138, 2, 49, 251, 168, 115, 132, 117, 147, 230, 62, 179, 202, 238, 178, 70,
	122, 73, 172, 204, 253, 97, 96, 140, 1, 211, 216, 37, 153, 213, 214, 138, 211, 73, 220, 159, 23, 216, 3, 25, 246, 6,
	129, 226, 61, 242, 37, 96, 76, 22, 87, 82, 140, 77, 225, 211, 192, 91, 44, 77, 192, 94, 99, 95, 64, 234, 173, 120, 30,
	250, 9, 2, 204, 144, 44, 55, 88, 187, 46, 142, 201, 131, 129, 125, 215, 42, 134, 246, 44, 36, 138, 17, 88, 178, 4, 81,
	177, 53, 210, 134, 34, 210, 122, 115, 86, 14, 188, 118, 114, 44, 174, 247, 119, 26, 176, 17, 93, 159, 36, 159, 212, 81,
	112, 138, 227, 35, 218, 58, 53, 185, 154, 215, 26, 23, 57, 54, 46, 151, 200, 196, 9, 132, 54, 166, 233, 173, 12, 109,
	92, 104, 248, 101, 212, 104, 21, 147, 179, 2, 11, 23, 43, 200, 94, 79, 11, 232, 228, 45, 12, 159, 193, 101, 204, 133,
	245, 4, 5, 129, 189, 190, 87, 206, 153, 174, 79, 206, 156, 179, 219, 242, 172, 69, 17, 130, 63, 118, 233, 116, 172,
	124, 18, 140, 215, 150, 243, 167, 48, 85, 29, 22, 217, 90, 183, 189, 209, 62, 52, 75, 169, 67, 189, 87, 190, 7, 158,
	45, 70, 12, 237, 177, 147, 251, 125, 107, 40, 196, 70, 240, 129, 115, 188, 88, 205, 253, 128, 197, 145, 215, 83, 169,
	139, 176, 189, 6, 90, 132, 14, 229, 37, 62, 16, 162, 143, 201, 132, 121, 167, 138, 125, 160, 76, 137, 197, 70, 185,
	223, 79, 187, 215, 21, 182, 189, 4, 238, 163, 47, 242, 75, 140, 190, 234, 221, 58, 209, 22, 161, 18, 1, 46, 7, 68, 102,
	215, 9, 109, 121, 251, 137, 207, 123, 246, 176, 188, 155, 179, 199, 51, 28, 77, 216, 107, 114, 41, 155, 183, 198, 105,
	180, 67, 36, 175, 253, 100, 158, 146, 183, 128, 144, 161, 11, 190, 129, 138, 117, 94, 97, 5, 46, 228, 168, 181, 55, 86,
	215, 114, 185, 164, 35, 39, 120, 24, 219, 54, 92, 134, 5, 134, 4, 254, 117, 36, 195, 29, 113, 118, 195, 60, 207, 228,
	69, 188, 232, 50, 205, 82, 236, 101, 46, 158, 42, 236, 117, 149, 124, 138, 138, 116, 51, 219, 239, 0, 90, 171, 100, 78,
	62, 67, 243, 20, 76, 201, 244, 200, 165, 41, 222, 221, 217, 78, 125, 204, 221, 9, 15, 206, 73, 168, 96, 61, 240, 202,
	43, 47, 22, 73, 118, 157, 227, 232, 137, 198, 254, 132, 203, 129, 127, 98, 90, 125, 207, 229, 232, 85, 44, 250, 185,
	234, 141, 185, 143, 147, 144, 31, 91, 249, 49, 174, 248, 195, 228, 21, 245, 119, 241, 244, 95, 185, 156, 203, 241, 171,
	241, 90, 185, 144, 67, 71, 7, 78, 201, 203, 105, 97, 194, 70, 88, 52, 149, 232, 74, 251, 43, 148, 251, 192, 123, 227,
	18, 149, 184, 193, 16, 118, 155, 4, 27, 53, 48, 35, 207, 84, 226, 243, 150, 242, 100, 154, 39, 85, 25, 185, 250, 247,
	184, 181, 140, 52, 71, 163, 30, 229, 148, 117, 190, 250, 228, 218, 27, 222, 85, 114, 49, 26, 149, 163, 26, 58, 110,
	187, 16, 97, 165, 123, 25, 93, 209, 101, 77, 118, 206, 157, 59, 85, 95, 8, 10, 232, 138, 218, 53, 210, 48, 97, 43, 126,
	136, 159, 116, 201, 150, 62, 181, 168, 32, 111, 153, 178, 117, 220, 81, 252, 208, 140, 69, 167, 252, 76, 203, 161, 60,
	38, 42, 42, 146, 11, 210, 142, 88, 197, 16, 124, 43, 185, 30, 112, 69, 54, 74, 107, 131, 193, 99, 215, 102, 64, 152,
	185, 151, 76, 247, 97, 25, 171, 62, 113, 45, 151, 151, 91, 155, 18, 249, 16, 185, 11, 188, 203, 62, 153, 78, 190, 182,
	66, 226, 77, 104, 215, 142, 83, 2, 186, 20, 243, 33, 3, 175, 250, 244, 212, 79, 227, 143, 222, 54, 62, 137, 51, 213,
	191, 89, 87, 157, 159, 129, 14, 7, 123, 92, 38, 225, 140, 219, 71, 179, 94, 162, 99, 188, 241, 2, 15, 107, 188, 189,
	122, 93, 217, 26, 180, 252, 218, 187, 142, 108, 43, 88, 206, 31, 124, 193, 41, 140, 79, 133, 29, 183, 229, 231, 14, 78,
	227, 38, 122, 73, 162, 151, 148, 217, 177, 25, 234, 6, 104, 38, 143, 102, 202, 189, 192, 109, 70, 205, 81, 54, 247,
	180, 219, 109, 169, 50, 15, 125, 82, 80, 156, 233, 1, 132, 24, 253, 120, 90, 244, 138, 152, 38, 91, 229, 150, 114, 94,
	241, 172, 224, 227, 27, 43, 189, 135, 176, 224, 177, 71, 113, 15, 183, 192, 219, 158, 10, 10, 168, 101, 143, 93, 226,
	22, 187, 210, 160, 134, 159, 155, 151, 157, 161, 24, 129, 252, 38, 91, 18, 6, 29, 220, 20, 20, 250, 213, 57, 173, 162,
	214, 119, 49, 6, 198, 92, 172, 46, 146, 86, 105, 67, 21, 35, 164, 196, 55, 177, 28, 22, 228, 249, 52, 87, 22, 150, 149,
	128, 168, 174, 217, 120, 32, 74, 109, 139, 95, 180, 39, 171, 222, 38, 139, 68, 148, 65, 19, 92, 122, 27, 212, 31, 249,
	38, 63, 25, 155, 223, 110, 194, 21, 181, 155, 156, 128, 159, 254, 178, 185, 37, 37, 68, 70, 58, 128, 237, 221, 56, 242,
	36, 226, 135, 199, 113, 121, 51, 64, 40, 218, 217, 76, 251, 33, 201, 155, 142, 80, 221, 146, 211, 24, 223, 92, 153,
	209, 17, 139, 73, 157, 125, 6, 95, 40, 88, 225, 53, 115, 115, 216, 252, 125, 115, 50, 56, 247, 215, 137, 214, 183, 103,
	31, 155, 178, 73, 179, 80, 210, 76, 73, 168, 231, 55, 172, 91, 12, 224, 234, 181, 100, 148, 67, 148, 251, 242, 174,
	227, 61, 154, 231, 219, 243, 66, 101, 151, 228, 175, 184, 156, 235, 231, 175, 209, 244, 47, 220, 253, 199, 142, 237,
	159, 254, 207, 223, 52, 81, 248, 119, 220, 206, 61, 62, 220, 190, 255, 18, 87, 231, 172, 86, 87, 21, 246, 143, 167, 95,
	188, 127, 24, 15, 241, 241, 246, 242, 53, 229, 124, 241, 60, 126, 218, 30, 177, 142, 187, 164, 95, 153, 113, 146, 184,
	118, 9, 118, 116, 59, 79, 214, 125, 43, 69, 17, 97, 173, 13, 173, 159, 147, 248, 61, 12, 250, 234, 177, 197, 150, 208,
	55, 222, 177, 224, 158, 219, 117, 157, 83, 193, 221, 129, 216, 87, 63, 174, 172, 235, 183, 127, 84, 153, 178, 86, 172,
	79, 59, 119, 10, 147, 184, 223, 125, 73, 113, 183, 232, 46, 190, 74, 197, 169, 140, 161, 72, 32, 247, 200, 31, 218,
	144, 161, 225, 4, 113, 138, 147, 142, 177, 41, 251, 248, 204, 88, 234, 219, 244, 201, 193, 252, 229, 219, 127, 17, 17,
	191, 206, 104, 246, 205, 33, 70, 208, 194, 248, 229, 100, 38, 38, 49, 208, 215, 46, 8, 95, 231, 105, 52, 171, 118, 80,
	215, 83, 81, 236, 154, 237, 252, 60, 78, 227, 51, 74, 227, 203, 49, 248, 203, 177, 250, 175, 239, 215, 151, 185, 153,
	255, 173, 251, 245, 185, 93, 192, 127, 235, 126, 125, 110, 23, 240, 223, 186, 95, 159, 166, 17, 192, 63, 108, 107, 143,
	151, 247, 112, 71, 48, 84, 141, 46, 74, 136, 219, 20, 61, 92, 227, 151, 58, 86, 174, 97, 142, 50, 210, 241, 186, 39,
	222, 31, 0, 248, 142, 152, 44, 38, 143, 192, 8, 148, 193, 58, 13, 106, 24, 180, 77, 7, 77, 146, 57, 212, 213, 183, 188,
	87, 5, 120, 45, 182, 222, 136, 158, 12, 69, 113, 78, 54, 169, 121, 223, 141, 55, 235, 180, 166, 147, 39, 82, 188, 153,
	103, 70, 70, 221, 164, 251, 157, 127, 0, 162, 152, 187, 176, 228, 105, 9, 35, 64, 211, 113, 239, 43, 252, 238, 126,
	234, 136, 167, 184, 182, 204, 27, 209, 236, 78, 207, 233, 120, 158, 93, 96, 147, 116, 9, 98, 197, 5, 226, 252, 114, 9,
	103, 96, 191, 114, 228, 194, 83, 75, 45, 185, 95, 75, 111, 77, 20, 7, 152, 64, 57, 194, 152, 44, 234, 119, 219, 223,
	150, 195, 232, 118, 143, 65, 111, 7, 179, 113, 62, 95, 203, 41, 78, 119, 211, 139, 11, 47, 3, 211, 97, 146, 142, 128,
	49, 76, 115, 161, 241, 206, 30, 52, 1, 194, 14, 124, 73, 30, 111, 195, 191, 235, 225, 48, 114, 232, 14, 216, 130, 124,
	197, 199, 252, 137, 197, 19, 244, 166, 187, 251, 56, 108, 38, 70, 164, 151, 217, 213, 55, 117, 191, 183, 113, 66, 174,
	15, 122, 196, 209, 97, 238, 231, 231, 3, 170, 35, 239, 29, 52, 155, 134, 242, 213, 20, 126, 188, 185, 96, 133, 212,
	161, 89, 203, 138, 185, 1, 191, 237, 26, 241, 135, 93, 140, 254, 164, 131, 253, 247, 225, 7, 243, 149, 84, 33, 14, 64,
	52, 241, 206, 179, 132, 136, 92, 209, 137, 37, 36, 111, 104, 185, 123, 29, 127, 222, 53, 34, 11, 111, 105, 59, 69, 72,
	102, 223, 170, 58, 200, 237, 114, 85, 185, 64, 24, 198, 174, 194, 66, 160, 242, 85, 115, 228, 30, 38, 105, 62, 192,
	218, 110, 198, 245, 161, 144, 246, 149, 81, 95, 22, 248, 226, 111, 198, 221, 149, 9, 71, 192, 162, 64, 61, 246, 231,
	232, 41, 21, 37, 70, 163, 231, 181, 11, 93, 194, 151, 237, 222, 114, 117, 88, 189, 185, 217, 44, 145, 245, 25, 2, 102,
	147, 31, 56, 152, 214, 235, 105, 186, 27, 138, 111, 205, 160, 5, 119, 117, 4, 190, 130, 18, 169, 40, 211, 165, 153, 37,
	41, 175, 183, 72, 59, 182, 203, 61, 114, 34, 68, 179, 100, 127, 122, 145, 35, 11, 79, 136, 128, 188, 225, 92, 67, 78,
	121, 75, 84, 108, 81, 1, 189, 183, 219, 221, 100, 144, 111, 84, 138, 67, 251, 210, 177, 48, 242, 2, 117, 111, 231, 147,
	23, 60, 38, 209, 237, 145, 50, 28, 174, 63, 133, 100, 164, 53, 221, 150, 209, 247, 129, 154, 61, 181, 52, 125, 248, 44,
	111, 32, 19, 51, 7, 141, 34, 55, 49, 41, 161, 199, 5, 120, 11, 122, 180, 79, 62, 35, 170, 189, 88, 231, 55, 130, 107,
	11, 9, 27, 3, 146, 16, 159, 147, 253, 94, 216, 118, 66, 213, 135, 208, 137, 174, 168, 55, 201, 77, 177, 65, 152, 51,
	70, 218, 117, 168, 180, 190, 209, 177, 32, 63, 253, 83, 126, 97, 131, 12, 147, 155, 14, 100, 232, 32, 197, 232, 204,
	147, 127, 51, 160, 227, 31, 210, 9, 199, 192, 255, 156, 79, 254, 62, 142, 114, 249, 12, 244, 123, 254, 146, 22, 174,
	81, 74, 116, 207, 172, 230, 139, 141, 232, 104, 140, 121, 177, 127, 31, 46, 125, 31, 191, 7, 74, 224, 123, 164, 252,
	79, 129, 18, 248, 30, 41, 255, 24, 40, 185, 253, 159, 2, 37, 240, 61, 82, 158, 64, 249, 153, 15, 242, 13, 40, 95, 255,
	22, 40, 129, 47, 72, 233, 168, 219, 175, 145, 157, 79, 23, 94, 14, 86, 107, 231, 208, 218, 47, 145, 157, 235, 183, 99,
	39, 177, 124, 142, 173, 69, 124, 251, 131, 146, 208, 96, 5, 248, 111, 241, 211, 21, 254, 204, 102, 250, 98, 190, 222,
	191, 214, 132, 46, 170, 85, 172, 114, 241, 173, 46, 141, 180, 67, 207, 41, 210, 243, 142, 221, 187, 95, 46, 123, 137,
	59, 23, 250, 58, 13, 158, 159, 128, 187, 111, 182, 73, 7, 31, 170, 125, 210, 221, 183, 130, 182, 131, 122, 6, 123, 243,
	117, 180, 73, 69, 255, 238, 75, 62, 87, 243, 73, 86, 151, 78, 177, 153, 10, 167, 98, 239, 90, 60, 244, 140, 2, 72, 63,
	19, 162, 4, 114, 137, 197, 230, 19, 184, 218, 190, 5, 111, 149, 230, 151, 111, 255, 37, 22, 245, 41, 66, 141, 188, 207,
	36, 41, 30, 250, 204, 163, 151, 184, 95, 78, 6, 101, 22, 53, 3, 231, 147, 98, 85, 155, 70, 62, 22, 59, 189, 159, 196,
	162, 162, 228, 39, 57, 134, 182, 22, 250, 4, 186, 138, 66, 36, 138, 150, 12, 123, 79, 25, 60, 118, 120, 2, 237, 14, 3,
	135, 221, 60, 44, 164, 72, 126, 152, 113, 229, 181, 34, 74, 212, 76, 158, 139, 59, 64, 77, 94, 254, 124, 132, 49, 28,
	76, 130, 16, 132, 15, 103, 163, 103, 122, 55, 250, 103, 196, 162, 176, 147, 132, 129, 179, 145, 251, 160, 246, 120,
	111, 168, 4, 114, 241, 152, 28, 171, 9, 145, 78, 181, 23, 220, 167, 56, 33, 247, 254, 230, 154, 236, 171, 10, 96, 46,
	7, 200, 76, 171, 96, 165, 21, 233, 131, 80, 37, 69, 99, 212, 19, 95, 255, 77, 242, 176, 104, 124, 249, 91, 157, 166, 3,
	14, 224, 239, 105, 141, 109, 99, 90, 103, 141, 52, 180, 30, 59, 232, 244, 203, 225, 248, 150, 115, 100, 89, 165, 158,
	2, 195, 124, 189, 244, 243, 62, 178, 20, 146, 80, 170, 96, 48, 170, 192, 99, 136, 238, 50, 38, 121, 75, 198, 86, 15,
	121, 34, 124, 139, 226, 181, 4, 222, 155, 224, 64, 134, 46, 165, 153, 165, 85, 145, 165, 164, 167, 116, 143, 61, 241,
	77, 189, 125, 98, 78, 65, 21, 108, 8, 16, 124, 245, 221, 176, 74, 171, 135, 245, 126, 105, 39, 194, 236, 79, 18, 152,
	77, 125, 5, 189, 156, 75, 38, 226, 3, 138, 118, 140, 94, 222, 128, 166, 43, 231, 132, 44, 223, 242, 107, 45, 169, 177,
	10, 231, 61, 164, 189, 221, 45, 198, 153, 150, 132, 5, 21, 254, 178, 58, 133, 103, 168, 159, 56, 247, 39, 83, 215, 109,
	224, 95, 249, 161, 234, 15, 180, 92, 127, 201, 198, 224, 4, 110, 84, 225, 63, 246, 59, 121, 63, 120, 120, 88, 187, 230,
	86, 149, 65, 127, 25, 149, 218, 27, 72, 57, 196, 29, 87, 152, 221, 185, 211, 61, 236, 228, 79, 126, 250, 187, 205, 250,
	93, 217, 53, 203, 82, 27, 107, 54, 159, 136, 13, 231, 122, 18, 47, 63, 108, 248, 91, 97, 169, 244, 41, 44, 69, 85, 86,
	253, 168, 196, 237, 139, 58, 172, 155, 207, 160, 181, 237, 151, 99, 245, 31, 175, 16, 248, 182, 196, 255, 198, 10, 129,
	111, 75, 252, 126, 133, 255, 220, 31, 197, 250, 190, 247, 214, 56, 246, 150, 211, 110, 127, 234, 123, 7, 186, 78, 6,
	49, 117, 204, 162, 243, 230, 21, 111, 160, 201, 47, 42, 126, 227, 248, 187, 239, 120, 230, 202, 79, 178, 27, 57, 136,
	206, 123, 72, 254, 94, 215, 120, 93, 152, 58, 36, 3, 117, 84, 111, 213, 248, 34, 175, 46, 51, 220, 109, 105, 176, 157,
	126, 100, 1, 162, 34, 178, 233, 202, 181, 107, 214, 166, 143, 236, 20, 126, 248, 227, 170, 212, 135, 44, 109, 240, 235,
	181, 157, 215, 13, 138, 7, 161, 156, 59, 65, 189, 185, 199, 85, 122, 139, 158, 238, 227, 114, 143, 129, 161, 222, 184,
	18, 173, 58, 179, 105, 189, 118, 76, 190, 98, 172, 6, 44, 252, 229, 242, 32, 241, 114, 111, 160, 2, 102, 252, 103, 201,
	180, 246, 76, 8, 146, 8, 130, 56, 50, 48, 57, 243, 106, 102, 195, 190, 108, 55, 179, 56, 77, 197, 48, 188, 179, 166,
	44, 188, 10, 1, 198, 43, 9, 42, 180, 61, 171, 239, 21, 222, 149, 90, 92, 237, 30, 16, 250, 111, 197, 203, 199, 29, 157,
	175, 139, 202, 28, 196, 193, 69, 211, 38, 60, 198, 248, 122, 67, 148, 195, 60, 184, 193, 4, 175, 183, 181, 235, 223,
	252, 238, 187, 116, 235, 5, 228, 48, 161, 105, 166, 118, 32, 43, 72, 47, 184, 13, 46, 107, 86, 231, 153, 215, 56, 4,
	176, 29, 113, 73, 32, 185, 169, 167, 186, 239, 93, 181, 74, 112, 138, 185, 220, 86, 225, 114, 181, 130, 147, 97, 142,
	27, 229, 91, 2, 33, 20, 79, 34, 137, 19, 77, 151, 162, 184, 141, 224, 186, 134, 130, 121, 109, 171, 107, 5, 94, 244,
	242, 178, 240, 135, 220, 58, 100, 14, 12, 167, 54, 150, 132, 247, 35, 34, 175, 48, 155, 91, 204, 169, 110, 246, 176,
	66, 13, 229, 17, 249, 94, 191, 120, 252, 243, 70, 11, 22, 60, 197, 253, 13, 243, 168, 176, 41, 86, 129, 45, 110, 154,
	214, 204, 208, 190, 61, 179, 70, 187, 52, 222, 241, 122, 206, 145, 114, 83, 128, 194, 115, 240, 68, 21, 226, 209, 129,
	103, 87, 125, 190, 238, 206, 194, 11, 132, 78, 97, 61, 205, 179, 222, 156, 105, 57, 13, 234, 68, 149, 96, 148, 185, 86,
	166, 212, 54, 228, 83, 233, 44, 185, 136, 58, 173, 176, 251, 64, 232, 56, 156, 44, 112, 40, 245, 164, 103, 11, 148,
	233, 93, 12, 77, 116, 174, 167, 56, 159, 167, 184, 204, 209, 39, 39, 153, 206, 144, 62, 168, 75, 47, 51, 41, 203, 16,
	91, 85, 99, 209, 235, 36, 32, 113, 202, 221, 135, 242, 152, 219, 155, 154, 105, 143, 39, 122, 49, 10, 29, 189, 209,
	169, 130, 62, 76, 183, 27, 101, 96, 126, 149, 142, 179, 159, 86, 64, 151, 144, 69, 79, 66, 208, 227, 93, 206, 133, 91,
	44, 62, 27, 215, 197, 27, 227, 224, 147, 8, 188, 243, 149, 45, 25, 108, 117, 56, 153, 184, 74, 121, 120, 240, 40, 136,
	5, 124, 253, 173, 141, 39, 162, 174, 39, 43, 230, 95, 163, 247, 150, 202, 9, 44, 229, 21, 180, 93, 131, 213, 149, 84,
	52, 234, 62, 199, 47, 228, 57, 89, 32, 253, 122, 158, 210, 252, 65, 220, 143, 191, 111, 66, 2, 252, 89, 207, 79, 20,
	68, 207, 103, 81, 27, 12, 225, 225, 243, 235, 206, 189, 215, 232, 69, 7, 187, 125, 217, 111, 235, 159, 249, 174, 0,
	138, 241, 133, 165, 123, 143, 229, 237, 157, 21, 117, 231, 61, 114, 154, 27, 144, 133, 75, 214, 71, 214, 91, 243, 99,
	169, 104, 240, 45, 86, 251, 129, 101, 171, 128, 29, 7, 124, 109, 22, 210, 169, 16, 232, 61, 249, 149, 30, 219, 89, 13,
	206, 206, 246, 48, 208, 138, 124, 1, 89, 50, 81, 210, 94, 119, 98, 125, 210, 108, 208, 113, 107, 31, 62, 52, 54, 154,
	195, 219, 67, 55, 140, 72, 218, 242, 124, 65, 232, 23, 10, 23, 51, 232, 60, 46, 246, 235, 124, 98, 181, 126, 204, 78,
	199, 236, 3, 21, 191, 236, 229, 13, 69, 91, 79, 226, 160, 19, 1, 40, 227, 188, 186, 249, 16, 13, 59, 190, 238, 162,
	193, 151, 108, 231, 234, 105, 112, 215, 113, 163, 191, 20, 39, 234, 208, 4, 74, 159, 84, 203, 89, 197, 147, 2, 193,
	183, 131, 4, 212, 224, 60, 33, 190, 11, 111, 160, 209, 53, 227, 128, 245, 66, 71, 210, 12, 50, 9, 0, 135, 125, 18, 1,
	57, 126, 102, 46, 90, 229, 5, 135, 226, 135, 78, 87, 138, 168, 12, 190, 246, 7, 38, 22, 71, 1, 197, 183, 131, 138, 198,
	248, 86, 249, 230, 219, 126, 239, 14, 111, 103, 130, 37, 244, 151, 176, 63, 54, 174, 185, 141, 142, 193, 181, 83, 33,
	229, 62, 64, 179, 35, 171, 182, 18, 204, 182, 49, 58, 164, 167, 22, 150, 38, 141, 51, 73, 123, 223, 240, 253, 228, 185,
	103, 10, 143, 5, 172, 190, 37, 26, 39, 96, 189, 194, 117, 141, 200, 13, 202, 153, 89, 197, 207, 84, 61, 204, 30, 69,
	59, 162, 78, 230, 201, 79, 186, 238, 129, 72, 36, 83, 166, 34, 136, 39, 148, 232, 143, 40, 168, 179, 41, 160, 55, 20,
	148, 252, 145, 156, 11, 62, 186, 84, 149, 133, 171, 151, 87, 142, 218, 146, 217, 191, 69, 203, 70, 89, 68, 128, 152,
	183, 46, 163, 166, 35, 182, 7, 87, 222, 53, 172, 219, 211, 187, 84, 238, 192, 131, 101, 104, 122, 224, 42, 188, 237,
	102, 164, 108, 22, 105, 82, 180, 83, 63, 138, 168, 16, 221, 146, 93, 203, 37, 207, 172, 11, 174, 134, 159, 236, 26, 60,
	66, 91, 178, 56, 46, 53, 238, 67, 6, 190, 49, 79, 143, 68, 233, 128, 241, 76, 240, 76, 129, 211, 158, 62, 208, 196, 9,
	95, 40, 251, 189, 11, 101, 18, 195, 239, 1, 189, 78, 136, 124, 73, 165, 204, 99, 148, 149, 76, 108, 255, 81, 238, 134,
	70, 42, 251, 237, 18, 82, 212, 147, 250, 204, 112, 68, 218, 144, 167, 208, 66, 233, 145, 220, 128, 253, 110, 123, 73,
	48, 21, 27, 87, 6, 200, 26, 22, 191, 193, 100, 99, 98, 247, 187, 67, 116, 132, 151, 96, 15, 48, 165, 92, 103, 21, 131,
	235, 229, 29, 98, 125, 252, 134, 24, 157, 208, 241, 22, 155, 72, 135, 81, 18, 68, 126, 98, 193, 195, 170, 253, 222,
	110, 238, 84, 154, 64, 226, 113, 9, 38, 252, 58, 45, 127, 197, 234, 186, 100, 217, 220, 79, 158, 100, 101, 74, 182,
	255, 182, 195, 11, 253, 19, 67, 1, 255, 161, 89, 193, 206, 31, 238, 31, 126, 109, 85, 151, 126, 70, 232, 246, 246, 90,
	6, 169, 48, 129, 69, 45, 188, 99, 102, 253, 67, 191, 21, 61, 255, 24, 131, 98, 45, 246, 215, 18, 75, 166, 84, 69, 23,
	106, 237, 208, 153, 219, 83, 204, 87, 42, 67, 125, 203, 152, 10, 237, 243, 184, 203, 57, 39, 3, 147, 112, 220, 153,
	223, 42, 38, 249, 243, 243, 251, 147, 186, 8, 132, 44, 247, 84, 153, 224, 155, 250, 207, 191, 253, 195, 47, 39, 180,
	126, 223, 252, 197, 168, 104, 214, 248, 121, 220, 160, 246, 153, 44, 200, 114, 155, 102, 127, 154, 189, 124, 237, 239,
	125, 232, 246, 183, 131, 167, 100, 57, 248, 72, 21, 160, 31, 250, 123, 107, 146, 106, 254, 172, 43, 191, 136, 253, 212,
	183, 92, 173, 181, 16, 23, 83, 45, 105, 149, 168, 175, 109, 104, 78, 149, 223, 62, 206, 95, 56, 166, 69, 11, 241, 213,
	93, 66, 225, 155, 158, 254, 124, 38, 247, 4, 113, 155, 239, 172, 130, 243, 43, 201, 111, 127, 255, 203, 9, 63, 205, 96,
	128, 223, 118, 131, 73, 153, 79, 112, 235, 251, 78, 90, 127, 215, 72, 11, 161, 179, 171, 200, 61, 27, 101, 142, 124,
	96, 74, 198, 74, 124, 207, 164, 174, 95, 2, 50, 150, 176, 142, 67, 251, 133, 230, 211, 140, 148, 218, 86, 170, 24, 222,
	10, 95, 194, 33, 16, 47, 126, 42, 37, 235, 29, 176, 16, 158, 123, 111, 97, 243, 22, 19, 131, 107, 169, 86, 46, 188,
	125, 82, 34, 239, 139, 243, 3, 24, 227, 29, 44, 161, 231, 221, 194, 210, 232, 245, 8, 37, 66, 132, 9, 54, 129, 74, 122,
	190, 100, 124, 14, 211, 85, 83, 93, 165, 135, 85, 102, 229, 236, 195, 60, 108, 128, 196, 208, 35, 140, 30, 138, 183, 2,
	68, 73, 2, 140, 225, 249, 58, 121, 243, 178, 168, 109, 3, 144, 23, 81, 49, 156, 64, 87, 124, 209, 88, 172, 199, 109,
	15, 248, 220, 126, 167, 239, 43, 113, 225, 70, 95, 107, 22, 34, 101, 234, 174, 71, 96, 49, 72, 243, 1, 233, 23, 62, 83,
	28, 47, 221, 97, 210, 122, 46, 178, 235, 24, 162, 202, 146, 203, 8, 225, 32, 250, 4, 140, 62, 1, 123, 75, 141, 167,
	211, 204, 47, 104, 67, 180, 25, 236, 65, 146, 142, 194, 23, 8, 25, 54, 234, 53, 175, 52, 54, 59, 73, 161, 124, 187,
	170, 146, 190, 244, 238, 5, 105, 131, 97, 137, 21, 141, 243, 232, 165, 181, 225, 240, 45, 85, 171, 86, 103, 250, 187,
	0, 4, 103, 88, 150, 157, 28, 85, 196, 12, 26, 28, 30, 222, 232, 45, 38, 208, 83, 46, 125, 11, 192, 192, 220, 106, 31,
	212, 253, 231, 0, 204, 215, 216, 75, 240, 199, 177, 23, 224, 199, 224, 139, 102, 128, 146, 214, 105, 25, 250, 122, 76,
	23, 123, 238, 248, 4, 51, 157, 69, 55, 187, 26, 250, 100, 244, 201, 63, 143, 33, 100, 180, 205, 161, 191, 6, 117, 168,
	63, 75, 176, 56, 191, 152, 163, 213, 11, 154, 237, 93, 32, 24, 249, 112, 229, 167, 59, 213, 29, 65, 73, 40, 135, 162,
	197, 99, 81, 38, 110, 229, 231, 17, 122, 229, 149, 219, 5, 3, 179, 8, 237, 175, 72, 18, 86, 33, 173, 12, 44, 144, 138,
	85, 141, 66, 109, 249, 232, 117, 213, 14, 237, 226, 226, 139, 220, 92, 6, 186, 115, 45, 114, 248, 165, 136, 247, 85,
	194, 10, 235, 228, 132, 205, 11, 36, 155, 189, 40, 50, 69, 213, 154, 88, 238, 224, 144, 237, 143, 43, 202, 113, 1, 241,
	236, 75, 166, 49, 83, 232, 220, 1, 99, 230, 8, 169, 22, 206, 66, 15, 130, 215, 112, 189, 123, 207, 39, 58, 234, 225,
	219, 121, 24, 55, 164, 87, 224, 148, 8, 160, 240, 245, 170, 48, 11, 121, 216, 51, 234, 33, 179, 18, 210, 168, 117, 31,
	75, 9, 127, 213, 85, 182, 195, 47, 44, 166, 102, 110, 169, 0, 49, 204, 178, 236, 45, 47, 134, 40, 230, 209, 131, 111,
	237, 4, 59, 69, 203, 105, 68, 71, 93, 123, 187, 11, 62, 45, 82, 174, 89, 232, 1, 172, 41, 160, 123, 183, 10, 79, 132,
	173, 152, 28, 60, 185, 187, 59, 136, 182, 200, 170, 119, 75, 110, 204, 157, 129, 16, 41, 1, 180, 4, 86, 35, 211, 117,
	132, 129, 9, 174, 203, 148, 249, 183, 225, 186, 221, 22, 253, 225, 104, 67, 47, 15, 1, 196, 24, 196, 117, 155, 169,
	182, 71, 225, 49, 16, 69, 187, 23, 240, 138, 86, 255, 210, 217, 99, 133, 20, 47, 153, 95, 140, 170, 19, 110, 127, 23,
	33, 248, 91, 124, 77, 62, 113, 128, 246, 245, 203, 72, 132, 199, 115, 72, 233, 203, 230, 66, 245, 221, 157, 47, 58,
	226, 175, 226, 120, 79, 143, 6, 94, 140, 63, 28, 137, 224, 216, 63, 140, 68, 112, 184, 245, 59, 23, 205, 83, 21, 161,
	121, 15, 188, 225, 157, 34, 92, 97, 249, 67, 21, 88, 39, 158, 92, 135, 41, 242, 52, 60, 244, 176, 33, 190, 166, 165,
	196, 171, 139, 97, 161, 219, 71, 174, 253, 28, 84, 80, 85, 22, 214, 34, 195, 9, 101, 167, 162, 45, 27, 34, 157, 47,
	224, 243, 115, 227, 193, 47, 16, 249, 113, 79, 28, 198, 241, 109, 90, 235, 143, 199, 84, 254, 107, 255, 44, 224, 87,
	111, 9, 173, 126, 7, 123, 10, 75, 147, 247, 164, 227, 95, 95, 86, 192, 181, 248, 41, 160, 62, 96, 141, 127, 226, 250,
	89, 231, 46, 39, 100, 94, 207, 213, 218, 247, 134, 91, 84, 179, 88, 249, 111, 109, 190, 88, 138, 180, 189, 134, 23, 44,
	87, 42, 156, 134, 124, 184, 159, 60, 90, 91, 250, 55, 163, 92, 175, 111, 22, 51, 128, 23, 247, 214, 140, 187, 175, 7,
	89, 230, 237, 163, 85, 34, 197, 90, 77, 143, 23, 156, 93, 3, 42, 69, 215, 251, 113, 69, 158, 229, 180, 118, 78, 102,
	20, 143, 192, 81, 225, 182, 174, 49, 208, 120, 9, 242, 53, 130, 34, 180, 35, 150, 217, 190, 62, 44, 3, 46, 53, 5, 96,
	101, 234, 182, 130, 118, 4, 61, 81, 173, 169, 199, 100, 138, 69, 240, 148, 66, 236, 82, 193, 121, 113, 111, 152, 183,
	243, 74, 133, 245, 2, 173, 183, 59, 29, 174, 143, 244, 74, 47, 201, 35, 214, 215, 107, 65, 101, 47, 214, 20, 23, 108,
	28, 193, 98, 114, 222, 118, 196, 1, 72, 1, 21, 111, 112, 136, 119, 188, 241, 36, 5, 194, 2, 29, 125, 167, 113, 220,
	183, 216, 129, 61, 222, 240, 197, 246, 72, 237, 126, 185, 72, 172, 55, 226, 215, 156, 35, 227, 138, 105, 159, 180, 2,
	217, 62, 131, 29, 115, 186, 235, 104, 103, 15, 40, 195, 137, 76, 42, 3, 73, 211, 193, 224, 177, 184, 253, 36, 170, 59,
	37, 78, 56, 133, 43, 204, 16, 247, 19, 30, 137, 88, 26, 99, 180, 53, 105, 45, 68, 175, 143, 251, 107, 74, 221, 87, 2,
	59, 72, 74, 21, 163, 101, 97, 115, 103, 65, 129, 200, 35, 222, 220, 35, 187, 68, 105, 107, 5, 84, 25, 91, 134, 218, 41,
	205, 88, 30, 11, 236, 157, 216, 27, 81, 243, 133, 39, 181, 179, 43, 90, 183, 213, 251, 223, 116, 74, 6, 254, 124, 40,
	181, 177, 240, 175, 86, 17, 238, 254, 253, 120, 184, 39, 114, 168, 181, 15, 150, 41, 134, 31, 235, 206, 254, 177, 207,
	27, 248, 48, 222, 236, 63, 80, 138, 220, 66, 111, 131, 17, 60, 82, 95, 25, 70, 61, 167, 230, 74, 169, 208, 229, 213,
	141, 226, 9, 175, 70, 15, 226, 157, 247, 25, 26, 133, 10, 240, 205, 86, 36, 116, 160, 194, 245, 246, 48, 105, 46, 91,
	65, 19, 133, 192, 228, 153, 99, 128, 14, 34, 77, 188, 207, 54, 165, 179, 160, 30, 183, 47, 122, 37, 70, 209, 60, 144,
	103, 175, 24, 59, 42, 145, 92, 160, 220, 161, 113, 201, 149, 215, 173, 196, 58, 93, 232, 253, 38, 36, 192, 140, 96, 89,
	207, 88, 209, 113, 182, 87, 16, 62, 232, 123, 56, 176, 56, 1, 60, 31, 107, 209, 186, 228, 67, 174, 110, 166, 132, 106,
	122, 106, 36, 143, 55, 246, 54, 103, 250, 58, 112, 212, 105, 176, 116, 204, 227, 217, 236, 232, 152, 128, 101, 67, 129,
	218, 88, 140, 162, 239, 47, 87, 71, 187, 59, 65, 62, 186, 124, 250, 246, 123, 52, 53, 93, 125, 105, 1, 244, 242, 150,
	203, 136, 106, 37, 54, 39, 234, 9, 85, 53, 201, 46, 31, 146, 176, 167, 16, 198, 14, 65, 153, 151, 93, 86, 62, 178, 8,
	242, 5, 1, 121, 204, 239, 203, 188, 215, 252, 179, 200, 150, 57, 25, 149, 218, 122, 90, 4, 150, 207, 107, 205, 52, 187,
	53, 224, 192, 5, 212, 52, 105, 91, 66, 245, 176, 138, 251, 219, 27, 152, 3, 116, 252, 76, 124, 148, 50, 88, 9, 137,
	156, 87, 115, 80, 136, 139, 118, 204, 127, 211, 41, 249, 227, 230, 94, 186, 95, 122, 157, 105, 217, 188, 62, 199, 230,
	203, 104, 183, 255, 164, 58, 128, 135, 62, 240, 72, 252, 2, 143, 134, 148, 198, 198, 73, 68, 45, 123, 107, 118, 13,
	220, 95, 126, 169, 104, 248, 239, 202, 143, 161, 47, 97, 211, 226, 199, 186, 220, 15, 52, 158, 210, 169, 248, 230, 221,
	22, 220, 19, 100, 252, 161, 77, 133, 91, 225, 10, 110, 29, 9, 216, 251, 84, 141, 125, 228, 185, 199, 55, 72, 148, 143,
	19, 182, 190, 121, 187, 155, 47, 78, 32, 24, 136, 173, 191, 113, 150, 218, 191, 86, 0, 156, 242, 52, 254, 82, 21, 35,
	186, 179, 196, 127, 245, 218, 126, 60, 179, 118, 231, 66, 41, 66, 238, 64, 180, 127, 169, 2, 216, 207, 127, 8, 216, 67,
	90, 191, 148, 24, 176, 20, 162, 178, 197, 41, 73, 29, 196, 43, 139, 243, 237, 167, 32, 237, 227, 73, 99, 131, 85, 103,
	85, 76, 59, 9, 80, 61, 207, 255, 131, 47, 203, 0, 108, 246, 59, 37, 93, 170, 161, 123, 34, 252, 137, 165, 80, 188, 211,
	78, 232, 105, 207, 184, 35, 167, 24, 73, 135, 208, 87, 139, 211, 218, 167, 239, 53, 215, 159, 55, 230, 155, 242, 206,
	126, 89, 41, 119, 170, 236, 191, 116, 120, 253, 182, 253, 242, 151, 219, 145, 122, 208, 175, 179, 184, 25, 90, 15, 125,
	243, 26, 95, 229, 241, 231, 4, 107, 233, 223, 36, 101, 145, 23, 191, 70, 177, 217, 163, 88, 193, 74, 203, 114, 241, 66,
	33, 1, 165, 250, 153, 165, 6, 79, 2, 4, 56, 39, 33, 122, 200, 7, 191, 141, 175, 80, 236, 22, 231, 222, 74, 220, 18, 35,
	195, 76, 44, 97, 155, 34, 225, 66, 89, 100, 198, 25, 204, 212, 67, 151, 10, 87, 239, 211, 133, 49, 95, 189, 245, 113,
	51, 65, 84, 179, 14, 185, 56, 92, 240, 88, 206, 46, 79, 128, 41, 24, 191, 116, 95, 175, 62, 93, 135, 61, 147, 96, 250,
	50, 175, 182, 51, 122, 107, 172, 121, 139, 194, 211, 186, 252, 54, 47, 7, 15, 214, 23, 58, 71, 99, 14, 100, 81, 212,
	179, 60, 214, 167, 159, 80, 112, 137, 158, 29, 167, 76, 47, 136, 100, 205, 16, 133, 98, 192, 28, 49, 81, 213, 156, 37,
	153, 69, 62, 32, 199, 62, 184, 182, 92, 222, 204, 181, 44, 117, 194, 189, 54, 64, 197, 217, 172, 106, 127, 245, 171,
	174, 152, 138, 212, 97, 43, 255, 198, 196, 180, 239, 101, 252, 10, 118, 133, 226, 175, 73, 104, 52, 195, 196, 220, 239,
	200, 0, 44, 182, 25, 50, 227, 133, 179, 222, 96, 14, 142, 122, 142, 147, 93, 134, 202, 69, 77, 40, 225, 152, 110, 193,
	11, 185, 237, 179, 190, 237, 77, 73, 110, 66, 2, 163, 97, 208, 149, 188, 123, 177, 140, 162, 81, 8, 99, 142, 215, 32,
	99, 233, 231, 1, 119, 79, 248, 10, 1, 130, 142, 75, 123, 0, 249, 166, 213, 133, 106, 239, 48, 106, 134, 14, 242, 84,
	142, 212, 18, 193, 65, 227, 130, 218, 230, 70, 18, 82, 201, 48, 75, 100, 118, 149, 173, 55, 142, 82, 223, 28, 228, 239,
	16, 82, 77, 27, 97, 208, 237, 152, 146, 195, 227, 225, 94, 189, 16, 32, 243, 151, 32, 116, 41, 58, 17, 23, 15, 172,
	237, 228, 157, 165, 150, 187, 120, 7, 230, 187, 4, 12, 9, 38, 157, 110, 105, 148, 233, 46, 235, 232, 24, 40, 233, 158,
	30, 186, 68, 44, 209, 145, 189, 105, 251, 54, 167, 164, 226, 15, 220, 210, 42, 167, 101, 226, 210, 128, 89, 52, 5, 88,
	41, 197, 220, 78, 107, 29, 239, 50, 171, 249, 126, 242, 168, 68, 231, 125, 141, 8, 124, 51, 239, 69, 118, 216, 111,
	194, 96, 210, 97, 37, 176, 26, 63, 173, 168, 25, 33, 92, 223, 34, 143, 246, 206, 56, 238, 46, 163, 75, 198, 17, 40,
	114, 62, 62, 160, 172, 14, 197, 5, 213, 8, 75, 42, 171, 218, 94, 76, 219, 143, 236, 155, 167, 172, 40, 45, 116, 175,
	137, 238, 250, 50, 117, 151, 234, 33, 207, 35, 67, 191, 27, 137, 26, 30, 245, 121, 5, 212, 178, 145, 178, 64, 46, 158,
	158, 230, 215, 253, 184, 247, 70, 9, 191, 213, 19, 53, 232, 98, 65, 85, 120, 134, 177, 254, 218, 228, 83, 231, 212,
	219, 160, 112, 46, 248, 66, 212, 224, 137, 98, 174, 115, 195, 248, 177, 219, 2, 236, 10, 206, 255, 104, 238, 220, 111,
	135, 155, 35, 79, 215, 192, 168, 73, 47, 30, 40, 174, 188, 31, 163, 115, 161, 247, 14, 178, 159, 58, 104, 255, 73, 189,
	204, 15, 250, 95, 251, 37, 41, 75, 20, 90, 118, 34, 26, 60, 190, 157, 170, 195, 147, 189, 201, 96, 130, 124, 86, 55,
	211, 240, 239, 193, 252, 112, 144, 201, 224, 193, 173, 45, 213, 196, 176, 66, 54, 67, 110, 73, 215, 160, 69, 119, 110,
	66, 15, 160, 90, 20, 123, 62, 178, 199, 11, 139, 224, 193, 212, 146, 194, 52, 103, 246, 41, 156, 136, 188, 40, 246, 20,
	62, 134, 20, 174, 196, 198, 206, 25, 183, 135, 188, 107, 114, 215, 46, 221, 93, 82, 99, 148, 105, 208, 197, 163, 143,
	81, 37, 217, 71, 217, 177, 50, 242, 94, 40, 224, 142, 97, 106, 32, 153, 232, 195, 226, 27, 248, 61, 211, 226, 86, 60,
	176, 91, 11, 39, 167, 21, 235, 107, 40, 84, 30, 24, 61, 81, 4, 178, 164, 1, 200, 152, 186, 199, 51, 96, 214, 149, 112,
	180, 184, 177, 174, 217, 175, 213, 191, 210, 154, 191, 168, 195, 205, 82, 159, 64, 210, 118, 200, 235, 166, 168, 97,
	21, 36, 233, 190, 118, 105, 237, 221, 21, 37, 29, 158, 143, 134, 32, 173, 71, 90, 154, 52, 180, 135, 20, 235, 14, 98,
	63, 18, 131, 8, 211, 138, 207, 89, 247, 250, 217, 116, 78, 172, 103, 231, 230, 91, 240, 123, 100, 71, 42, 58, 171, 192,
	208, 216, 160, 87, 31, 130, 232, 217, 193, 124, 162, 249, 80, 111, 248, 139, 79, 238, 200, 5, 46, 133, 233, 189, 29,
	189, 118, 13, 112, 75, 140, 161, 205, 212, 181, 184, 241, 111, 89, 62, 63, 185, 23, 38, 185, 82, 230, 150, 153, 14,
	214, 49, 245, 148, 251, 213, 238, 99, 96, 189, 154, 247, 135, 29, 100, 23, 171, 179, 43, 161, 140, 95, 156, 17, 74, 57,
	211, 227, 39, 218, 221, 245, 202, 214, 70, 227, 58, 77, 175, 85, 216, 67, 188, 171, 156, 188, 27, 94, 84, 223, 76, 175,
	7, 184, 212, 221, 27, 59, 212, 94, 100, 250, 41, 220, 209, 96, 120, 2, 50, 40, 54, 44, 97, 115, 182, 226, 150, 13, 88,
	249, 28, 149, 188, 84, 198, 27, 150, 164, 220, 22, 157, 124, 30, 12, 124, 33, 51, 250, 194, 162, 202, 51, 38, 34, 60,
	150, 52, 54, 189, 33, 74, 115, 26, 216, 125, 59, 163, 124, 13, 243, 104, 173, 237, 215, 140, 239, 128, 125, 232, 237,
	61, 113, 58, 208, 128, 159, 52, 23, 45, 243, 220, 197, 245, 29, 13, 223, 163, 40, 220, 202, 190, 246, 169, 187, 114,
	215, 202, 183, 85, 228, 225, 110, 251, 145, 33, 250, 251, 166, 36, 97, 140, 97, 12, 39, 151, 48, 54, 120, 247, 224,
	126, 204, 231, 198, 243, 129, 106, 34, 220, 142, 223, 188, 182, 120, 240, 68, 159, 8, 90, 14, 62, 48, 29, 5, 57, 68,
	92, 16, 242, 57, 151, 57, 171, 141, 3, 178, 11, 84, 203, 175, 152, 82, 38, 101, 126, 51, 137, 168, 96, 246, 99, 219,
	52, 140, 141, 168, 242, 229, 31, 239, 53, 237, 30, 4, 112, 80, 193, 52, 76, 113, 197, 142, 30, 246, 174, 172, 199, 95,
	41, 10, 49, 107, 219, 172, 175, 146, 159, 168, 36, 74, 179, 238, 252, 16, 245, 233, 79, 102, 54, 101, 209, 152, 148,
	63, 73, 253, 52, 87, 243, 242, 137, 170, 127, 29, 77, 247, 145, 26, 16, 140, 253, 139, 144, 250, 191, 82, 34, 2, 243,
	41, 73, 6, 245, 111, 74, 132, 166, 254, 36, 89, 107, 248, 33, 249, 200, 132, 165, 141, 253, 146, 166, 241, 181, 252,
	22, 160, 155, 83, 48, 8, 238, 146, 28, 60, 167, 114, 210, 55, 170, 38, 44, 193, 157, 98, 225, 99, 246, 168, 39, 56,
	104, 101, 40, 184, 243, 231, 115, 224, 97, 159, 150, 164, 109, 130, 184, 101, 210, 105, 207, 79, 136, 252, 100, 216,
	225, 164, 105, 8, 248, 40, 143, 100, 255, 170, 70, 238, 191, 45, 181, 221, 78, 16, 186, 124, 11, 247, 106, 80, 217,
	198, 194, 214, 198, 39, 157, 159, 74, 165, 14, 62, 121, 214, 222, 249, 89, 224, 151, 147, 170, 79, 94, 60, 249, 62,
	240, 229, 58, 250, 4, 148, 123, 13, 58, 57, 30, 254, 226, 118, 235, 127, 174, 85, 252, 58, 63, 246, 84, 39, 206, 207,
	209, 54, 231, 231, 92, 172, 175, 3, 108, 63, 209, 54, 237, 83, 210, 90, 171, 235, 231, 24, 240, 229, 96, 253, 247, 247,
	227, 159, 220, 14, 224, 159, 222, 143, 127, 114, 59, 128, 127, 122, 63, 254, 201, 237, 0, 62, 247, 225, 95, 196, 246,
	152, 139, 210, 128, 2, 218, 223, 30, 236, 202, 249, 54, 98, 104, 227, 137, 129, 125, 115, 11, 219, 241, 13, 196, 118,
	67, 91, 230, 11, 154, 111, 36, 104, 91, 154, 61, 99, 231, 57, 54, 245, 165, 40, 193, 118, 11, 57, 10, 221, 235, 105,
	172, 120, 250, 40, 193, 8, 244, 33, 203, 91, 5, 150, 37, 186, 213, 199, 250, 242, 86, 42, 108, 193, 65, 194, 99, 190,
	76, 227, 37, 43, 129, 74, 152, 182, 17, 100, 238, 16, 93, 28, 139, 54, 243, 81, 109, 67, 212, 147, 106, 206, 165, 48,
	252, 255, 37, 238, 61, 150, 30, 197, 154, 110, 225, 57, 87, 241, 206, 137, 239, 8, 97, 4, 12, 254, 1, 32, 188, 19, 222,
	204, 4, 8, 239, 17, 246, 234, 127, 84, 166, 187, 218, 119, 191, 95, 199, 57, 21, 241, 84, 116, 163, 122, 36, 54, 218,
	153, 185, 86, 238, 204, 149, 161, 251, 74, 138, 78, 107, 236, 206, 241, 46, 145, 178, 95, 117, 130, 133, 32, 186, 184,
	191, 28, 201, 124, 51, 11, 163, 4, 229, 160, 123, 126, 57, 134, 234, 123, 2, 129, 219, 131, 50, 194, 215, 21, 66, 45,
	176, 77, 101, 162, 213, 148, 169, 79, 195, 25, 62, 214, 86, 196, 18, 85, 190, 136, 121, 29, 250, 134, 140, 8, 106, 236,
	171, 87, 106, 50, 15, 231, 221, 89, 170, 205, 221, 31, 79, 241, 214, 121, 79, 156, 145, 160, 27, 211, 149, 126, 2, 112,
	15, 35, 189, 224, 18, 114, 13, 226, 101, 104, 48, 82, 98, 210, 118, 155, 166, 6, 155, 125, 48, 92, 147, 18, 102, 29,
	13, 177, 251, 48, 180, 235, 224, 213, 203, 97, 92, 194, 113, 206, 221, 68, 49, 42, 93, 146, 57, 8, 216, 167, 45, 27,
	41, 208, 197, 94, 71, 160, 192, 188, 128, 140, 30, 230, 83, 37, 50, 78, 192, 84, 159, 187, 180, 5, 232, 95, 181, 128,
	13, 53, 50, 54, 25, 37, 105, 150, 183, 38, 31, 157, 230, 83, 247, 241, 158, 165, 153, 191, 99, 34, 236, 39, 124, 9, 11,
	78, 132, 6, 83, 123, 107, 123, 209, 72, 175, 28, 192, 27, 207, 183, 132, 213, 250, 234, 211, 2, 18, 121, 105, 230, 170,
	22, 22, 241, 170, 197, 65, 155, 177, 165, 101, 169, 134, 183, 0, 11, 21, 217, 166, 245, 156, 197, 10, 222, 69, 137,
	163, 127, 25, 189, 79, 208, 55, 12, 201, 64, 113, 150, 16, 203, 11, 30, 161, 12, 3, 233, 124, 9, 9, 151, 51, 83, 11,
	106, 118, 190, 14, 131, 23, 51, 61, 199, 108, 208, 114, 150, 125, 213, 12, 169, 118, 22, 168, 144, 219, 126, 77, 226,
	132, 171, 210, 202, 132, 131, 236, 113, 177, 188, 237, 9, 234, 148, 63, 212, 119, 164, 175, 72, 3, 10, 114, 178, 153,
	129, 66, 243, 111, 185, 202, 222, 86, 190, 234, 148, 84, 212, 158, 28, 63, 160, 55, 23, 217, 6, 203, 184, 15, 44, 82,
	28, 108, 105, 18, 172, 196, 232, 239, 153, 68, 138, 232, 138, 42, 68, 206, 48, 161, 101, 54, 48, 91, 61, 55, 16, 114,
	93, 110, 104, 202, 240, 185, 199, 0, 189, 94, 134, 39, 185, 166, 74, 22, 238, 184, 248, 60, 145, 179, 241, 134, 175, 4,
	167, 128, 246, 74, 145, 106, 163, 130, 47, 106, 157, 174, 76, 103, 198, 16, 243, 111, 141, 211, 141, 77, 183, 221, 213,
	82, 90, 124, 55, 137, 223, 231, 47, 240, 67, 66, 32, 108, 229, 82, 211, 159, 244, 141, 9, 30, 30, 185, 166, 50, 228,
	116, 96, 150, 246, 30, 188, 99, 79, 171, 33, 209, 127, 187, 211, 46, 190, 200, 55, 131, 241, 68, 41, 160, 169, 222, 51,
	239, 80, 245, 220, 100, 207, 239, 180, 156, 193, 13, 7, 2, 247, 107, 30, 196, 176, 185, 111, 96, 206, 149, 239, 189,
	39, 138, 224, 178, 181, 141, 58, 185, 170, 168, 162, 252, 234, 230, 58, 136, 213, 92, 12, 75, 147, 108, 67, 115, 236,
	214, 42, 115, 115, 46, 240, 221, 187, 15, 182, 35, 185, 55, 97, 141, 68, 75, 176, 249, 19, 225, 0, 201, 69, 70, 171, 7,
	215, 109, 151, 250, 121, 89, 186, 55, 169, 92, 36, 210, 113, 162, 163, 204, 12, 185, 124, 201, 175, 167, 14, 161, 107,
	61, 229, 193, 211, 190, 160, 141, 39, 33, 5, 93, 194, 105, 105, 182, 166, 83, 190, 43, 237, 249, 146, 100, 146, 189,
	66, 212, 5, 220, 129, 4, 132, 221, 16, 75, 171, 41, 246, 198, 5, 238, 202, 155, 102, 57, 104, 101, 116, 193, 100, 42,
	232, 114, 15, 208, 162, 30, 249, 150, 6, 37, 158, 183, 95, 16, 113, 87, 11, 71, 51, 45, 99, 172, 71, 147, 127, 142,
	164, 124, 66, 166, 103, 73, 240, 19, 63, 185, 45, 64, 192, 4, 4, 45, 253, 17, 160, 199, 194, 141, 76, 215, 179, 193, 0,
	234, 147, 133, 11, 50, 132, 95, 178, 49, 237, 54, 107, 21, 103, 214, 125, 84, 203, 99, 214, 220, 65, 219, 154, 41, 105,
	115, 159, 44, 142, 146, 171, 32, 239, 105, 141, 54, 188, 227, 194, 86, 70, 64, 242, 92, 130, 29, 83, 180, 250, 158,
	231, 247, 44, 230, 5, 232, 205, 179, 15, 214, 93, 58, 152, 243, 239, 111, 89, 70, 57, 236, 142, 155, 125, 11, 213, 70,
	13, 33, 200, 189, 14, 147, 85, 114, 135, 19, 184, 223, 121, 184, 148, 72, 107, 140, 77, 108, 0, 167, 9, 231, 0, 233,
	85, 222, 40, 188, 125, 130, 102, 56, 87, 129, 125, 21, 152, 82, 188, 48, 145, 122, 221, 118, 195, 29, 146, 52, 58, 58,
	118, 81, 175, 104, 97, 204, 250, 125, 7, 203, 161, 2, 11, 126, 19, 73, 46, 203, 169, 251, 133, 227, 109, 237, 53, 188,
	214, 146, 102, 22, 247, 13, 72, 36, 202, 148, 196, 120, 127, 91, 139, 124, 123, 45, 162, 232, 170, 104, 31, 175, 56,
	44, 196, 136, 42, 75, 15, 216, 187, 152, 68, 197, 188, 13, 191, 243, 183, 36, 148, 181, 160, 65, 140, 196, 61, 17, 15,
	233, 218, 129, 38, 247, 39, 229, 93, 239, 195, 82, 61, 248, 39, 32, 137, 120, 88, 182, 130, 252, 194, 11, 30, 30, 229,
	71, 99, 163, 9, 187, 66, 22, 251, 194, 157, 225, 114, 239, 57, 63, 96, 48, 253, 158, 14, 5, 245, 242, 96, 158, 11, 89,
	166, 175, 164, 88, 27, 221, 135, 229, 229, 176, 112, 2, 28, 63, 244, 100, 104, 105, 200, 1, 232, 47, 206, 100, 204,
	208, 62, 70, 65, 222, 142, 55, 226, 223, 130, 53, 223, 117, 22, 254, 151, 208, 230, 111, 149, 15, 174, 31, 120, 83, 13,
	63, 194, 155, 95, 150, 11, 158, 161, 124, 248, 27, 161, 28, 248, 183, 160, 205, 39, 148, 3, 127, 20, 203, 205, 59, 205,
	124, 135, 54, 250, 223, 12, 229, 192, 239, 197, 114, 211, 209, 238, 95, 245, 222, 205, 175, 73, 152, 79, 5, 224, 215,
	138, 192, 171, 122, 143, 79, 136, 243, 57, 11, 140, 55, 245, 75, 69, 160, 241, 73, 192, 124, 202, 14, 63, 135, 134, 95,
	46, 174, 217, 179, 251, 213, 33, 97, 98, 169, 198, 151, 2, 132, 79, 110, 68, 96, 215, 144, 78, 248, 243, 14, 91, 245,
	135, 187, 238, 126, 113, 215, 192, 63, 69, 32, 95, 21, 235, 127, 149, 144, 113, 140, 213, 248, 105, 16, 198, 241, 22,
	67, 111, 155, 62, 9, 254, 96, 167, 233, 0, 230, 170, 208, 187, 126, 254, 59, 143, 154, 79, 197, 159, 123, 132, 30, 183,
	7, 112, 246, 209, 206, 63, 206, 55, 134, 146, 47, 89, 30, 236, 248, 20, 249, 25, 223, 38, 17, 3, 95, 230, 34, 151, 212,
	166, 253, 85, 213, 159, 36, 103, 198, 43, 87, 178, 51, 100, 160, 75, 182, 177, 97, 195, 135, 44, 42, 73, 22, 152, 24,
	22, 33, 143, 165, 251, 0, 18, 201, 219, 29, 207, 28, 75, 111, 105, 30, 8, 227, 18, 148, 203, 154, 183, 112, 215, 57,
	26, 174, 13, 233, 89, 14, 104, 215, 46, 213, 219, 238, 219, 69, 97, 243, 197, 102, 156, 254, 166, 157, 228, 131, 36,
	146, 213, 119, 144, 183, 150, 222, 94, 72, 207, 180, 124, 39, 3, 110, 221, 19, 79, 99, 62, 119, 108, 85, 69, 2, 78,
	155, 195, 183, 170, 191, 223, 111, 123, 250, 93, 54, 253, 189, 234, 15, 248, 148, 253, 113, 138, 81, 48, 168, 28, 74,
	20, 171, 183, 202, 82, 221, 23, 248, 2, 98, 113, 86, 97, 213, 240, 171, 170, 63, 230, 231, 170, 191, 84, 231, 26, 17,
	237, 134, 173, 48, 159, 175, 190, 182, 108, 10, 224, 139, 87, 172, 150, 203, 137, 133, 189, 219, 240, 74, 81, 154, 213,
	236, 252, 133, 89, 98, 114, 75, 72, 203, 187, 63, 122, 44, 176, 246, 139, 31, 110, 170, 46, 26, 226, 74, 191, 184, 43,
	149, 96, 29, 110, 117, 233, 137, 38, 37, 134, 66, 38, 235, 118, 173, 184, 189, 108, 129, 36, 198, 184, 208, 23, 115,
	142, 152, 10, 195, 184, 169, 44, 150, 161, 77, 109, 190, 27, 98, 44, 82, 189, 99, 60, 70, 54, 255, 180, 79, 213, 50,
	249, 175, 245, 0, 254, 245, 159, 85, 253, 61, 63, 30, 225, 250, 19, 225, 49, 41, 81, 52, 14, 252, 110, 25, 186, 22,
	154, 252, 35, 155, 97, 157, 41, 86, 234, 119, 79, 165, 236, 227, 119, 36, 17, 101, 155, 106, 191, 111, 255, 143, 165,
	127, 169, 11, 110, 92, 232, 107, 15, 167, 251, 181, 127, 225, 23, 222, 32, 217, 35, 196, 93, 127, 81, 91, 199, 174,
	155, 228, 92, 37, 225, 251, 144, 6, 239, 167, 14, 212, 147, 143, 148, 20, 164, 218, 236, 170, 221, 85, 244, 107, 111,
	200, 175, 174, 149, 244, 227, 247, 250, 98, 123, 149, 137, 191, 251, 170, 143, 57, 64, 167, 203, 249, 148, 48, 103, 14,
	236, 150, 137, 255, 197, 229, 252, 194, 100, 76, 68, 90, 18, 159, 218, 56, 155, 178, 191, 187, 33, 224, 206, 214, 182,
	83, 197, 223, 235, 13, 2, 245, 83, 57, 81, 136, 191, 126, 62, 244, 55, 104, 243, 160, 62, 10, 29, 89, 199, 124, 129,
	57, 50, 210, 73, 194, 3, 226, 238, 233, 209, 96, 232, 8, 184, 123, 22, 231, 56, 30, 191, 73, 2, 173, 196, 109, 126,
	232, 161, 223, 9, 37, 146, 196, 114, 113, 89, 220, 33, 90, 2, 202, 222, 203, 8, 105, 10, 62, 98, 45, 251, 61, 114, 229,
	197, 52, 172, 39, 78, 164, 208, 220, 109, 205, 206, 129, 144, 173, 18, 115, 85, 94, 1, 196, 111, 211, 9, 47, 47, 236,
	194, 230, 77, 181, 208, 69, 23, 110, 79, 167, 111, 194, 102, 127, 164, 229, 182, 46, 55, 168, 23, 179, 232, 192, 212,
	123, 147, 201, 120, 97, 161, 32, 210, 248, 55, 135, 194, 46, 182, 137, 37, 68, 227, 100, 165, 3, 102, 232, 88, 17, 50,
	16, 161, 234, 12, 57, 181, 95, 138, 52, 244, 126, 119, 11, 116, 47, 180, 215, 170, 173, 162, 249, 190, 18, 37, 69, 128,
	29, 56, 35, 73, 95, 158, 16, 192, 179, 9, 89, 103, 157, 55, 120, 172, 75, 119, 193, 93, 68, 89, 172, 253, 5, 141, 153,
	77, 139, 245, 93, 96, 52, 128, 218, 155, 12, 117, 213, 10, 167, 31, 33, 158, 55, 23, 86, 209, 228, 242, 14, 74, 39,
	216, 48, 145, 97, 23, 104, 204, 134, 2, 68, 152, 148, 89, 90, 60, 172, 160, 209, 160, 142, 53, 161, 158, 146, 153, 192,
	43, 94, 194, 176, 247, 92, 53, 5, 209, 108, 9, 101, 0, 168, 129, 191, 96, 147, 209, 185, 101, 70, 200, 91, 137, 108,
	160, 195, 208, 88, 241, 208, 178, 194, 197, 64, 17, 169, 51, 8, 78, 66, 28, 191, 183, 242, 38, 132, 51, 65, 93, 106,
	137, 78, 10, 26, 49, 60, 72, 126, 135, 244, 237, 185, 210, 73, 239, 200, 119, 178, 76, 129, 107, 4, 89, 194, 225, 44,
	50, 157, 76, 80, 95, 210, 3, 85, 87, 9, 140, 9, 26, 62, 234, 35, 87, 191, 158, 210, 245, 18, 191, 159, 210, 102, 132,
	180, 108, 99, 225, 227, 13, 53, 164, 101, 75, 236, 51, 121, 118, 208, 70, 9, 208, 51, 111, 34, 175, 213, 107, 110, 6,
	242, 114, 126, 165, 190, 220, 178, 153, 139, 122, 47, 8, 116, 252, 204, 101, 86, 253, 81, 38, 212, 66, 71, 34, 248,
	130, 186, 216, 66, 84, 142, 93, 14, 254, 54, 211, 6, 139, 108, 247, 10, 177, 142, 189, 181, 219, 50, 39, 104, 70, 163,
	214, 43, 247, 222, 180, 209, 16, 128, 121, 58, 67, 18, 183, 137, 111, 84, 196, 27, 57, 36, 3, 113, 40, 186, 189, 97,
	14, 101, 32, 179, 213, 136, 186, 78, 189, 27, 79, 193, 163, 83, 54, 90, 199, 104, 29, 132, 157, 215, 161, 103, 103, 49,
	131, 136, 8, 207, 103, 50, 18, 233, 115, 112, 72, 62, 184, 140, 128, 254, 208, 42, 100, 202, 198, 187, 209, 117, 151,
	75, 26, 161, 185, 203, 92, 25, 197, 144, 174, 72, 126, 186, 174, 0, 67, 24, 113, 116, 240, 6, 14, 166, 219, 246, 134,
	90, 199, 195, 47, 11, 111, 95, 85, 72, 123, 252, 186, 187, 5, 248, 47, 219, 91, 176, 55, 215, 54, 47, 60, 170, 49, 138,
	59, 178, 211, 100, 118, 186, 15, 0, 114, 110, 162, 232, 143, 134, 162, 102, 44, 229, 154, 100, 48, 68, 251, 62, 112,
	119, 227, 174, 8, 1, 223, 84, 153, 180, 87, 226, 200, 115, 87, 95, 236, 103, 80, 84, 234, 167, 117, 113, 201, 58, 84,
	128, 57, 202, 15, 150, 107, 109, 49, 76, 64, 12, 218, 54, 16, 87, 172, 64, 134, 176, 129, 90, 6, 110, 231, 188, 60,
	229, 140, 123, 221, 142, 199, 76, 135, 183, 104, 148, 184, 23, 200, 183, 1, 200, 102, 143, 168, 186, 133, 188, 129,
	208, 175, 19, 219, 189, 57, 130, 127, 186, 0, 212, 110, 203, 58, 119, 56, 190, 93, 30, 59, 249, 156, 165, 11, 223, 79,
	106, 49, 95, 252, 43, 216, 44, 93, 65, 235, 203, 5, 246, 47, 67, 101, 77, 197, 100, 198, 122, 121, 145, 101, 141, 123,
	7, 240, 99, 165, 119, 215, 194, 230, 19, 1, 23, 93, 118, 20, 206, 250, 6, 242, 251, 206, 32, 224, 205, 115, 87, 239,
	166, 40, 11, 178, 41, 169, 96, 151, 51, 179, 148, 130, 40, 182, 218, 81, 189, 5, 38, 147, 13, 76, 55, 169, 67, 68, 37,
	245, 33, 129, 252, 84, 123, 129, 16, 161, 125, 222, 173, 69, 131, 225, 197, 243, 120, 251, 122, 39, 173, 128, 125, 66,
	241, 13, 109, 21, 38, 75, 180, 72, 207, 147, 114, 106, 151, 99, 88, 132, 25, 119, 70, 187, 242, 61, 235, 77, 53, 135,
	238, 238, 123, 150, 15, 125, 232, 151, 220, 83, 64, 122, 29, 145, 20, 14, 172, 193, 11, 56, 201, 148, 56, 47, 239, 4,
	159, 65, 109, 3, 94, 24, 229, 65, 107, 242, 50, 107, 141, 208, 214, 132, 41, 181, 7, 91, 247, 135, 219, 68, 206, 128,
	74, 206, 51, 99, 139, 217, 190, 87, 194, 49, 109, 66, 207, 201, 174, 140, 15, 40, 120, 67, 44, 245, 170, 145, 152, 121,
	213, 162, 196, 203, 167, 56, 97, 34, 48, 164, 0, 233, 112, 227, 110, 47, 16, 26, 69, 218, 210, 214, 13, 108, 215, 83,
	240, 202, 196, 47, 111, 227, 175, 145, 225, 78, 88, 56, 167, 231, 83, 172, 79, 12, 224, 20, 208, 229, 90, 47, 57, 184,
	150, 76, 254, 64, 171, 65, 214, 37, 120, 216, 6, 212, 204, 134, 233, 153, 223, 129, 192, 93, 108, 129, 92, 241, 210,
	143, 118, 229, 85, 104, 73, 66, 248, 42, 188, 146, 206, 229, 141, 239, 16, 151, 94, 200, 189, 128, 120, 22, 69, 195,
	39, 58, 114, 176, 162, 145, 201, 245, 106, 63, 168, 198, 228, 231, 214, 17, 232, 184, 245, 216, 37, 147, 104, 163, 38,
	91, 64, 98, 11, 7, 10, 207, 7, 149, 197, 151, 115, 155, 60, 50, 223, 52, 81, 127, 64, 240, 16, 42, 209, 17, 207, 174,
	86, 198, 178, 199, 186, 81, 24, 126, 226, 245, 253, 177, 101, 113, 176, 181, 151, 151, 137, 162, 23, 89, 66, 89, 122,
	2, 107, 247, 110, 34, 203, 107, 151, 128, 6, 172, 124, 131, 36, 35, 248, 122, 1, 203, 28, 243, 187, 233, 74, 181, 62,
	86, 136, 239, 241, 197, 51, 241, 159, 30, 161, 82, 39, 216, 167, 196, 240, 63, 220, 25, 203, 254, 199, 100, 84, 224,
	31, 31, 150, 102, 159, 136, 13, 207, 223, 35, 246, 195, 15, 117, 77, 229, 99, 120, 167, 62, 197, 122, 137, 147, 243,
	149, 240, 235, 60, 21, 179, 58, 148, 122, 159, 126, 129, 97, 1, 170, 250, 244, 181, 176, 95, 177, 212, 167, 82, 131,
	202, 121, 187, 186, 58, 138, 43, 221, 109, 155, 13, 85, 250, 91, 188, 92, 87, 195, 112, 212, 204, 169, 56, 201, 43,
	232, 31, 254, 205, 151, 50, 145, 85, 255, 130, 148, 203, 234, 132, 143, 206, 151, 51, 203, 79, 157, 136, 250, 25, 254,
	116, 103, 191, 74, 168, 125, 230, 172, 253, 234, 211, 255, 236, 195, 129, 191, 247, 233, 127, 47, 240, 126, 27, 66,
	211, 111, 153, 208, 171, 121, 131, 93, 118, 90, 123, 175, 106, 72, 10, 20, 227, 151, 251, 170, 138, 248, 100, 52, 21,
	211, 243, 227, 75, 40, 30, 69, 228, 54, 35, 142, 181, 179, 94, 96, 178, 222, 239, 110, 226, 153, 66, 164, 21, 55, 196,
	49, 227, 20, 24, 140, 44, 165, 233, 184, 242, 228, 14, 177, 242, 50, 197, 236, 214, 113, 47, 136, 191, 90, 187, 73,
	133, 194, 185, 5, 140, 251, 202, 149, 68, 2, 165, 83, 121, 96, 144, 129, 15, 147, 38, 94, 53, 93, 8, 219, 114, 188,
	139, 209, 65, 29, 158, 192, 197, 239, 135, 59, 2, 209, 219, 160, 29, 37, 179, 211, 102, 147, 59, 168, 53, 69, 186, 157,
	23, 149, 234, 121, 222, 107, 145, 5, 95, 16, 99, 48, 196, 87, 252, 12, 49, 233, 147, 178, 79, 237, 131, 33, 30, 249,
	198, 189, 233, 187, 255, 100, 79, 212, 203, 222, 111, 24, 18, 251, 175, 57, 80, 128, 18, 118, 163, 135, 214, 60, 157,
	247, 124, 93, 66, 140, 63, 14, 100, 172, 12, 135, 89, 165, 231, 158, 156, 223, 13, 43, 5, 120, 181, 12, 113, 186, 130,
	33, 130, 163, 165, 230, 56, 47, 170, 62, 192, 247, 179, 136, 26, 203, 127, 250, 139, 90, 172, 71, 123, 197, 152, 110,
	6, 32, 34, 72, 55, 126, 31, 54, 115, 27, 40, 195, 149, 21, 82, 225, 214, 103, 6, 73, 245, 181, 233, 19, 145, 17, 211,
	42, 120, 175, 209, 213, 238, 235, 101, 144, 223, 170, 243, 42, 31, 14, 93, 114, 9, 145, 97, 140, 181, 73, 85, 41, 135,
	131, 50, 249, 28, 210, 172, 128, 55, 249, 77, 71, 152, 97, 232, 196, 215, 236, 122, 235, 111, 119, 71, 105, 162, 165,
	58, 172, 59, 223, 64, 29, 175, 71, 110, 119, 97, 228, 27, 94, 123, 170, 12, 225, 3, 129, 11, 229, 69, 121, 134, 205,
	219, 101, 192, 150, 59, 1, 63, 40, 8, 77, 191, 165, 105, 107, 3, 111, 189, 169, 227, 128, 195, 215, 10, 19, 234, 193,
	135, 147, 206, 43, 101, 241, 210, 103, 252, 141, 118, 110, 238, 219, 199, 115, 17, 140, 21, 76, 27, 130, 217, 74, 65,
	180, 158, 100, 149, 198, 245, 168, 56, 191, 148, 219, 54, 197, 72, 113, 93, 209, 254, 101, 169, 50, 47, 1, 40, 190,
	185, 3, 147, 122, 22, 8, 27, 99, 176, 220, 130, 221, 13, 149, 103, 118, 69, 226, 193, 87, 241, 163, 62, 226, 87, 2,
	189, 142, 197, 207, 48, 185, 162, 130, 38, 184, 193, 24, 108, 59, 111, 26, 239, 225, 208, 218, 39, 23, 37, 73, 146,
	122, 57, 87, 148, 101, 128, 186, 134, 75, 26, 106, 221, 79, 151, 59, 104, 46, 237, 233, 111, 174, 195, 72, 99, 198,
	244, 238, 98, 163, 236, 3, 5, 194, 158, 49, 14, 141, 132, 230, 25, 234, 235, 237, 12, 162, 132, 241, 32, 111, 162, 93,
	122, 219, 179, 214, 15, 212, 108, 92, 109, 41, 226, 158, 79, 160, 128, 162, 235, 247, 200, 155, 5, 234, 154, 5, 255,
	29, 231, 249, 218, 233, 244, 72, 200, 45, 69, 216, 155, 212, 69, 9, 108, 181, 164, 9, 103, 135, 2, 10, 129, 212, 191,
	213, 251, 215, 156, 158, 72, 25, 136, 122, 119, 86, 117, 13, 216, 243, 23, 179, 51, 134, 143, 42, 83, 157, 124, 104,
	226, 41, 195, 225, 232, 211, 219, 112, 249, 181, 3, 18, 193, 92, 245, 130, 88, 190, 54, 183, 125, 157, 185, 22, 54,
	216, 59, 97, 176, 58, 222, 201, 42, 230, 181, 67, 57, 254, 56, 162, 211, 24, 45, 35, 23, 181, 180, 151, 251, 29, 104,
	57, 174, 110, 176, 181, 232, 78, 56, 147, 167, 218, 33, 123, 111, 237, 146, 9, 197, 96, 108, 37, 21, 17, 108, 120, 243,
	146, 134, 187, 144, 148, 249, 184, 225, 82, 95, 220, 130, 8, 124, 55, 138, 21, 85, 187, 3, 18, 244, 213, 244, 183, 250,
	254, 40, 118, 141, 0, 39, 224, 78, 128, 90, 116, 169, 66, 18, 189, 76, 194, 34, 173, 237, 114, 151, 103, 29, 68, 46,
	72, 128, 36, 245, 2, 71, 93, 121, 140, 176, 184, 139, 189, 170, 233, 205, 160, 115, 124, 160, 42, 174, 6, 185, 176,
	243, 186, 70, 74, 34, 162, 44, 222, 123, 65, 41, 193, 177, 4, 148, 32, 135, 12, 213, 67, 11, 93, 86, 196, 93, 46, 184,
	204, 193, 71, 173, 69, 200, 101, 195, 37, 252, 39, 222, 235, 183, 74, 39, 204, 20, 199, 197, 163, 206, 217, 224, 77,
	212, 103, 48, 43, 243, 238, 102, 199, 96, 94, 98, 16, 190, 218, 205, 81, 223, 52, 101, 180, 1, 35, 93, 110, 106, 215,
	13, 239, 125, 230, 25, 184, 185, 235, 10, 174, 21, 5, 170, 196, 50, 172, 73, 189, 50, 11, 139, 67, 203, 235, 24, 94,
	251, 87, 20, 205, 76, 199, 155, 235, 77, 12, 38, 85, 168, 152, 55, 5, 166, 73, 216, 226, 215, 217, 162, 52, 10, 44, 60,
	0, 12, 36, 238, 122, 111, 179, 142, 162, 147, 43, 86, 54, 105, 136, 181, 49, 161, 63, 229, 229, 53, 22, 55, 246, 198,
	233, 4, 180, 112, 162, 94, 132, 197, 147, 102, 25, 86, 240, 49, 238, 25, 106, 254, 49, 47, 58, 200, 209, 132, 189, 109,
	51, 205, 234, 17, 152, 4, 56, 32, 110, 101, 127, 235, 112, 211, 118, 158, 26, 97, 47, 213, 115, 26, 110, 224, 174, 35,
	205, 101, 8, 41, 171, 126, 122, 92, 247, 70, 47, 173, 19, 25, 104, 51, 198, 220, 172, 41, 235, 14, 82, 43, 7, 54, 94,
	9, 31, 19, 146, 237, 74, 127, 125, 111, 187, 122, 185, 38, 0, 81, 48, 100, 82, 174, 37, 92, 148, 200, 105, 1, 163, 231,
	217, 46, 194, 145, 123, 90, 220, 137, 35, 104, 174, 21, 159, 104, 65, 219, 93, 236, 1, 74, 78, 87, 3, 190, 22, 163,
	227, 222, 36, 77, 86, 197, 185, 150, 248, 225, 248, 205, 196, 202, 139, 131, 83, 90, 3, 96, 205, 176, 206, 37, 111, 25,
	21, 61, 44, 229, 104, 199, 51, 55, 104, 87, 143, 24, 105, 216, 125, 195, 117, 78, 84, 186, 153, 232, 167, 79, 90, 187,
	202, 28, 88, 113, 36, 163, 167, 105, 54, 222, 149, 83, 19, 15, 53, 49, 66, 189, 35, 38, 8, 42, 37, 225, 240, 192, 216,
	95, 213, 160, 71, 46, 102, 102, 163, 16, 209, 192, 44, 227, 82, 73, 138, 122, 195, 84, 203, 129, 24, 44, 243, 76, 172,
	9, 104, 58, 232, 88, 176, 141, 91, 80, 67, 174, 43, 142, 221, 63, 172, 199, 83, 121, 143, 127, 94, 27, 74, 53, 207,
	163, 107, 255, 68, 18, 234, 47, 171, 67, 141, 47, 161, 172, 249, 30, 209, 63, 211, 191, 210, 3, 107, 46, 37, 213, 97,
	232, 66, 163, 69, 245, 104, 234, 50, 140, 246, 223, 237, 198, 163, 176, 239, 108, 23, 248, 65, 56, 241, 241, 129, 0,
	223, 216, 46, 111, 120, 215, 252, 213, 144, 243, 15, 195, 19, 239, 236, 70, 211, 145, 199, 221, 62, 37, 63, 63, 200,
	148, 126, 239, 148, 189, 2, 167, 55, 216, 181, 242, 183, 34, 168, 218, 207, 194, 168, 171, 110, 255, 182, 181, 248,
	231, 92, 97, 247, 201, 21, 190, 3, 191, 95, 128, 168, 252, 57, 162, 159, 159, 97, 124, 191, 163, 239, 4, 255, 75, 6,
	234, 243, 24, 172, 63, 138, 232, 236, 215, 136, 110, 124, 137, 232, 167, 159, 83, 36, 52, 19, 4, 249, 165, 249, 101,
	252, 36, 133, 140, 163, 161, 212, 195, 131, 43, 154, 195, 164, 84, 119, 228, 53, 203, 131, 71, 13, 229, 20, 187, 140,
	148, 248, 206, 223, 122, 102, 156, 48, 120, 26, 108, 67, 27, 59, 122, 233, 144, 200, 82, 51, 1, 224, 142, 80, 37, 245,
	155, 40, 18, 49, 120, 59, 210, 235, 219, 108, 81, 203, 43, 86, 228, 253, 194, 146, 50, 75, 130, 240, 86, 93, 58, 17,
	238, 95, 174, 236, 206, 38, 135, 166, 45, 249, 166, 163, 91, 162, 13, 113, 115, 56, 152, 114, 25, 86, 145, 163, 248,
	72, 24, 13, 32, 83, 228, 6, 124, 94, 38, 115, 107, 30, 206, 61, 19, 16, 89, 22, 116, 183, 68, 231, 183, 215, 131, 78,
	222, 170, 82, 52, 215, 66, 254, 138, 208, 166, 116, 98, 106, 205, 155, 103, 110, 122, 207, 155, 171, 207, 229, 138, 9,
	152, 165, 29, 23, 232, 149, 173, 138, 15, 189, 79, 79, 75, 93, 175, 104, 86, 145, 24, 206, 122, 222, 13, 143, 209, 216,
	39, 74, 137, 151, 149, 252, 14, 142, 113, 50, 76, 3, 68, 244, 68, 117, 47, 174, 10, 137, 112, 177, 223, 180, 151, 91,
	239, 48, 251, 81, 200, 99, 77, 161, 17, 185, 224, 138, 39, 70, 91, 28, 191, 0, 87, 231, 16, 148, 79, 197, 59, 182, 11,
	34, 25, 92, 12, 134, 190, 156, 91, 143, 205, 216, 21, 212, 119, 163, 41, 51, 107, 142, 164, 81, 28, 50, 136, 57, 3, 11,
	69, 61, 255, 56, 209, 6, 252, 110, 212, 9, 126, 25, 117, 56, 209, 8, 14, 209, 129, 112, 101, 85, 107, 201, 152, 25,
	174, 137, 55, 92, 52, 236, 172, 19, 127, 132, 167, 192, 119, 124, 250, 169, 223, 165, 12, 38, 32, 202, 228, 105, 132,
	76, 206, 79, 167, 99, 182, 178, 76, 43, 84, 125, 156, 131, 110, 190, 141, 104, 45, 99, 98, 127, 167, 47, 252, 101, 173,
	74, 103, 134, 118, 153, 247, 201, 49, 218, 94, 237, 93, 116, 176, 135, 10, 48, 76, 89, 54, 140, 255, 16, 111, 54, 134,
	20, 130, 157, 138, 142, 52, 58, 183, 103, 98, 143, 12, 3, 15, 210, 75, 8, 89, 115, 203, 235, 72, 188, 210, 101, 249,
	190, 52, 211, 2, 189, 159, 137, 113, 93, 157, 73, 3, 179, 187, 117, 67, 250, 224, 73, 49, 209, 226, 239, 0, 161, 122,
	59, 238, 206, 8, 242, 24, 28, 95, 120, 189, 216, 155, 123, 113, 6, 216, 37, 150, 194, 214, 201, 155, 226, 115, 139,
	236, 213, 82, 20, 200, 132, 67, 66, 203, 210, 93, 230, 212, 144, 220, 183, 234, 218, 132, 241, 126, 8, 102, 78, 148,
	99, 82, 61, 44, 129, 121, 2, 176, 239, 162, 113, 194, 237, 198, 97, 94, 163, 58, 9, 215, 76, 138, 165, 134, 234, 143,
	93, 13, 185, 238, 38, 26, 55, 223, 193, 212, 73, 4, 119, 213, 52, 192, 252, 46, 251, 82, 209, 61, 235, 196, 207, 74,
	167, 146, 111, 40, 172, 162, 39, 147, 164, 93, 162, 139, 96, 96, 147, 180, 123, 2, 135, 249, 170, 180, 157, 145, 188,
	252, 23, 79, 221, 163, 170, 223, 199, 193, 55, 211, 168, 51, 218, 46, 156, 120, 116, 192, 60, 251, 129, 222, 8, 203,
	88, 22, 30, 251, 7, 62, 12, 254, 231, 172, 228, 139, 15, 219, 127, 233, 195, 160, 62, 184, 230, 61, 33, 223, 65, 143,
	127, 61, 242, 115, 123, 205, 178, 118, 252, 222, 20, 153, 127, 215, 135, 237, 127, 226, 195, 62, 201, 253, 95, 92, 251,
	151, 125, 88, 249, 79, 88, 137, 12, 123, 237, 14, 199, 86, 181, 201, 153, 95, 155, 205, 107, 151, 119, 248, 157, 57,
	166, 78, 216, 30, 196, 95, 20, 74, 44, 19, 40, 100, 249, 81, 144, 178, 245, 10, 171, 244, 34, 138, 39, 230, 86, 248,
	40, 55, 30, 119, 143, 124, 203, 55, 181, 68, 129, 74, 136, 66, 15, 186, 156, 148, 59, 227, 181, 10, 81, 207, 208, 73,
	222, 37, 106, 172, 222, 198, 201, 37, 152, 73, 131, 76, 44, 15, 120, 102, 116, 59, 4, 165, 16, 181, 125, 134, 170, 211,
	70, 131, 129, 193, 8, 173, 113, 6, 89, 251, 217, 53, 145, 27, 235, 92, 39, 160, 129, 173, 156, 14, 88, 92, 59, 87, 177,
	41, 193, 115, 121, 253, 187, 144, 252, 80, 83, 114, 139, 175, 116, 99, 82, 200, 137, 142, 26, 248, 165, 164, 3, 164,
	27, 183, 7, 45, 217, 193, 66, 202, 68, 59, 131, 154, 225, 245, 108, 105, 151, 4, 108, 66, 65, 177, 146, 0, 197, 214,
	79, 249, 129, 238, 230, 9, 114, 16, 207, 105, 169, 150, 197, 225, 106, 68, 4, 114, 212, 200, 157, 115, 43, 150, 120,
	224, 242, 141, 65, 67, 114, 132, 29, 223, 158, 47, 116, 154, 131, 16, 161, 220, 27, 30, 46, 47, 47, 92, 144, 220, 27,
	210, 156, 102, 180, 36, 64, 170, 48, 55, 65, 197, 9, 164, 34, 174, 201, 68, 60, 64, 33, 75, 159, 101, 104, 154, 69,
	146, 123, 96, 243, 58, 46, 76, 225, 250, 87, 66, 10, 250, 69, 193, 109, 238, 64, 141, 89, 190, 64, 154, 99, 158, 244,
	253, 74, 68, 11, 253, 6, 183, 39, 138, 55, 20, 187, 1, 213, 66, 40, 238, 197, 122, 78, 99, 237, 223, 158, 203, 114,
	247, 35, 147, 208, 113, 232, 232, 158, 45, 202, 227, 253, 155, 111, 114, 4, 110, 97, 149, 8, 123, 165, 143, 237, 118,
	240, 132, 137, 139, 141, 147, 174, 73, 14, 174, 227, 233, 229, 105, 65, 225, 97, 240, 15, 203, 58, 153, 220, 112, 183,
	111, 97, 217, 56, 123, 13, 94, 241, 69, 244, 204, 155, 200, 145, 83, 40, 58, 238, 126, 164, 125, 112, 186, 116, 57,
	143, 98, 202, 66, 119, 184, 196, 20, 50, 68, 111, 100, 158, 80, 181, 14, 190, 42, 163, 224, 193, 17, 43, 7, 174, 59,
	112, 245, 13, 1, 6, 230, 99, 17, 95, 91, 218, 20, 247, 209, 101, 115, 169, 235, 154, 130, 24, 72, 154, 224, 210, 90,
	206, 203, 101, 160, 155, 36, 102, 181, 132, 62, 220, 92, 88, 206, 93, 210, 245, 123, 212, 209, 225, 229, 26, 223, 64,
	223, 217, 59, 8, 75, 113, 29, 234, 130, 119, 173, 1, 241, 69, 81, 51, 51, 201, 240, 24, 25, 17, 109, 110, 79, 210, 2,
	82, 35, 178, 187, 84, 238, 92, 34, 227, 205, 88, 171, 239, 178, 67, 0, 185, 118, 238, 120, 177, 8, 205, 215, 57, 109,
	136, 11, 84, 192, 180, 103, 213, 205, 142, 81, 88, 109, 178, 175, 132, 73, 65, 0, 121, 205, 255, 168, 242, 255, 231,
	194, 127, 254, 87, 133, 255, 214, 10, 220, 31, 180, 170, 62, 12, 206, 163, 36, 241, 98, 63, 106, 103, 32, 149, 92, 215,
	26, 167, 252, 29, 15, 241, 141, 60, 12, 67, 65, 157, 129, 18, 237, 64, 166, 184, 170, 72, 67, 134, 249, 77, 7, 59, 10,
	160, 112, 198, 191, 247, 58, 225, 13, 37, 172, 136, 219, 158, 223, 154, 237, 34, 144, 199, 197, 211, 182, 151, 236, 9,
	94, 76, 172, 168, 1, 25, 83, 174, 61, 163, 64, 185, 62, 231, 39, 213, 222, 40, 142, 129, 203, 202, 132, 23, 225, 249,
	6, 225, 139, 31, 239, 241, 236, 4, 0, 152, 181, 80, 39, 169, 147, 159, 200, 106, 18, 184, 112, 24, 158, 43, 69, 26, 68,
	181, 180, 114, 244, 139, 59, 19, 132, 93, 174, 142, 23, 48, 38, 154, 166, 151, 48, 140, 184, 42, 219, 43, 201, 79, 138,
	170, 16, 183, 202, 170, 48, 109, 236, 193, 108, 57, 193, 1, 11, 4, 220, 73, 171, 41, 201, 228, 185, 153, 43, 61, 41,
	12, 240, 231, 251, 173, 221, 158, 224, 30, 33, 20, 147, 82, 190, 235, 32, 137, 212, 74, 142, 112, 41, 61, 11, 99, 209,
	125, 173, 241, 121, 83, 213, 246, 5, 181, 219, 216, 91, 87, 40, 219, 146, 145, 20, 196, 216, 3, 182, 234, 209, 93, 149,
	169, 105, 42, 119, 245, 135, 74, 209, 174, 143, 194, 108, 167, 246, 242, 162, 121, 162, 107, 144, 131, 149, 225, 125,
	207, 154, 232, 221, 212, 187, 61, 138, 134, 169, 101, 228, 149, 81, 185, 231, 109, 143, 204, 206, 229, 235, 4, 197,
	122, 113, 128, 61, 239, 4, 43, 37, 57, 81, 3, 56, 179, 101, 215, 214, 101, 192, 94, 55, 184, 200, 120, 189, 111, 46,
	66, 61, 143, 38, 193, 41, 180, 190, 71, 108, 154, 112, 4, 74, 214, 194, 208, 92, 186, 169, 203, 5, 103, 176, 160, 150,
	175, 188, 109, 196, 37, 61, 54, 16, 202, 99, 35, 15, 120, 26, 145, 226, 16, 243, 113, 105, 222, 244, 225, 112, 96, 234,
	172, 143, 84, 144, 176, 87, 221, 106, 126, 213, 233, 163, 52, 247, 141, 160, 97, 169, 98, 67, 135, 210, 160, 244, 186,
	239, 103, 52, 68, 55, 24, 20, 187, 144, 105, 73, 121, 196, 22, 56, 190, 145, 116, 231, 2, 65, 126, 67, 90, 28, 37, 39,
	171, 89, 194, 27, 107, 17, 117, 102, 240, 174, 122, 87, 233, 25, 229, 187, 22, 110, 21, 216, 167, 208, 91, 201, 164,
	106, 82, 236, 194, 118, 146, 198, 74, 208, 248, 52, 52, 68, 254, 86, 31, 30, 139, 235, 44, 126, 147, 107, 95, 220, 16,
	64, 126, 38, 221, 202, 207, 179, 161, 201, 221, 91, 31, 53, 66, 188, 42, 186, 180, 134, 77, 62, 117, 174, 82, 72, 149,
	126, 145, 147, 128, 5, 79, 202, 88, 73, 106, 28, 140, 16, 126, 49, 49, 84, 32, 75, 183, 238, 53, 85, 118, 151, 203,
	149, 131, 205, 9, 191, 101, 5, 32, 57, 141, 253, 126, 19, 20, 71, 246, 65, 90, 35, 243, 102, 206, 43, 148, 112, 169,
	104, 222, 5, 48, 213, 111, 167, 111, 111, 105, 194, 223, 174, 83, 106, 163, 143, 73, 10, 248, 245, 159, 144, 7, 228,
	31, 7, 94, 250, 253, 137, 56, 238, 252, 139, 192, 123, 245, 45, 95, 107, 130, 139, 190, 206, 79, 248, 85, 188, 146,
	236, 177, 91, 191, 30, 164, 82, 254, 28, 116, 127, 60, 38, 251, 111, 131, 238, 241, 243, 129, 186, 179, 3, 255, 86,
	208, 253, 196, 92, 224, 47, 131, 238, 65, 135, 159, 153, 241, 63, 30, 91, 127, 63, 199, 61, 241, 170, 64, 65, 34, 69,
	51, 141, 223, 19, 33, 13, 164, 196, 201, 46, 193, 140, 230, 175, 17, 79, 212, 114, 61, 23, 240, 206, 206, 165, 165,
	188, 211, 219, 30, 251, 193, 208, 64, 105, 140, 158, 59, 8, 203, 71, 221, 95, 143, 62, 118, 245, 147, 213, 83, 28, 156,
	23, 166, 155, 144, 38, 151, 37, 211, 145, 214, 225, 90, 142, 64, 248, 190, 253, 111, 29, 225, 248, 126, 47, 62, 221,
	163, 8, 48, 222, 25, 158, 198, 184, 117, 195, 14, 150, 143, 56, 116, 253, 117, 113, 70, 166, 73, 212, 157, 230, 169,
	130, 61, 177, 178, 103, 117, 219, 11, 41, 211, 106, 164, 7, 207, 62, 255, 10, 158, 60, 183, 131, 51, 159, 67, 143, 41,
	6, 94, 60, 211, 24, 88, 203, 205, 170, 193, 136, 6, 19, 83, 243, 101, 171, 165, 253, 168, 151, 118, 220, 138, 17, 125,
	23, 7, 168, 247, 148, 195, 189, 95, 106, 176, 155, 162, 160, 17, 107, 154, 184, 157, 254, 23, 45, 64, 191, 218, 176,
	232, 63, 223, 176, 196, 103, 195, 250, 197, 47, 55, 44, 193, 227, 44, 187, 246, 6, 232, 158, 139, 154, 166, 157, 30,
	233, 251, 111, 38, 255, 252, 187, 27, 22, 250, 127, 183, 97, 181, 251, 95, 212, 89, 104, 242, 88, 148, 201, 233, 235,
	85, 13, 184, 76, 188, 252, 130, 230, 238, 5, 133, 74, 128, 211, 5, 89, 64, 17, 188, 230, 155, 152, 136, 212, 141, 215,
	201, 166, 72, 113, 226, 94, 207, 254, 171, 35, 251, 184, 161, 135, 65, 139, 68, 41, 231, 124, 51, 138, 46, 175, 204,
	136, 94, 122, 140, 234, 58, 233, 163, 102, 1, 16, 8, 93, 169, 183, 187, 34, 49, 228, 58, 119, 69, 46, 15, 244, 21, 20,
	249, 57, 200, 34, 246, 220, 215, 88, 84, 52, 171, 176, 116, 179, 47, 255, 117, 157, 5, 240, 167, 244, 79, 123, 76, 219,
	209, 215, 209, 116, 228, 112, 251, 124, 186, 203, 28, 19, 104, 248, 118, 65, 143, 254, 173, 186, 82, 70, 1, 42, 239,
	48, 234, 125, 80, 196, 148, 39, 211, 156, 127, 67, 58, 25, 212, 197, 197, 187, 97, 87, 176, 18, 161, 241, 128, 67, 119,
	221, 143, 82, 150, 235, 149, 169, 98, 157, 184, 39, 33, 187, 16, 239, 38, 52, 58, 187, 232, 31, 154, 3, 29, 94, 246,
	25, 9, 210, 95, 79, 216, 137, 226, 219, 125, 112, 216, 94, 144, 60, 246, 153, 136, 166, 182, 247, 104, 17, 23, 179,
	169, 90, 239, 217, 187, 202, 187, 242, 132, 223, 18, 91, 171, 199, 152, 164, 213, 73, 232, 136, 183, 209, 195, 87, 217,
	35, 88, 234, 207, 45, 192, 118, 104, 209, 166, 228, 255, 200, 207, 102, 254, 143, 165, 254, 199, 178, 148, 255, 200,
	93, 245, 31, 235, 171, 6, 92, 245, 156, 138, 255, 252, 207, 127, 172, 121, 156, 155, 255, 92, 129, 127, 181, 126, 139,
	13, 62, 103, 63, 208, 252, 115, 253, 150, 253, 251, 229, 233, 208, 175, 181, 49, 57, 241, 167, 182, 223, 47, 229, 233,
	119, 40, 169, 131, 182, 175, 63, 138, 98, 22, 76, 150, 129, 231, 78, 79, 155, 251, 124, 231, 223, 109, 9, 115, 5, 119,
	127, 194, 53, 22, 90, 52, 243, 244, 182, 62, 242, 181, 58, 98, 104, 248, 252, 127, 39, 244, 222, 115, 4, 111, 203, 179,
	169, 199, 79, 97, 211, 30, 248, 159, 226, 37, 233, 29, 88, 180, 146, 248, 210, 53, 242, 157, 143, 188, 155, 227, 58,
	146, 228, 178, 156, 162, 90, 208, 42, 127, 151, 57, 59, 233, 64, 224, 93, 175, 159, 146, 144, 111, 221, 103, 227, 249,
	251, 216, 199, 64, 1, 219, 251, 124, 170, 123, 123, 126, 70, 230, 176, 239, 252, 243, 70, 14, 4, 109, 159, 18, 143,
	239, 85, 24, 138, 107, 186, 70, 85, 59, 134, 51, 157, 119, 207, 189, 19, 139, 182, 237, 243, 199, 129, 214, 207, 106,
	198, 239, 111, 12, 124, 123, 231, 254, 179, 76, 7, 113, 247, 79, 239, 154, 250, 77, 29, 66, 61, 216, 77, 45, 157, 85,
	191, 139, 87, 205, 118, 63, 167, 86, 144, 250, 41, 4, 251, 225, 154, 42, 10, 214, 175, 153, 169, 227, 148, 108, 160,
	210, 193, 247, 17, 226, 15, 19, 118, 139, 87, 243, 101, 185, 74, 4, 107, 121, 120, 62, 43, 213, 17, 87, 227, 187, 92,
	220, 81, 59, 231, 35, 25, 159, 126, 93, 139, 172, 212, 159, 216, 254, 13, 196, 176, 59, 137, 66, 88, 139, 156, 89, 63,
	225, 47, 29, 137, 195, 211, 155, 50, 195, 151, 242, 79, 113, 92, 220, 92, 243, 115, 249, 215, 184, 117, 207, 229, 125,
	166, 7, 253, 180, 228, 77, 177, 169, 241, 123, 183, 162, 116, 62, 34, 224, 203, 51, 250, 105, 38, 215, 251, 124, 131,
	47, 74, 26, 90, 120, 126, 106, 232, 247, 253, 215, 111, 249, 219, 115, 250, 136, 181, 223, 141, 239, 254, 233, 237,
	114, 46, 99, 185, 38, 109, 237, 244, 151, 47, 5, 56, 31, 158, 118, 254, 216, 54, 243, 89, 206, 244, 203, 55, 134, 171,
	207, 50, 237, 47, 223, 240, 39, 89, 248, 23, 50, 21, 192, 143, 58, 21, 35, 226, 172, 234, 109, 192, 159, 164, 30, 42,
	180, 136, 228, 31, 89, 4, 236, 69, 65, 48, 222, 94, 176, 183, 81, 219, 55, 163, 118, 67, 230, 186, 213, 132, 212, 89,
	90, 181, 116, 180, 96, 119, 15, 180, 49, 208, 55, 186, 19, 192, 77, 44, 177, 98, 183, 70, 101, 120, 92, 53, 208, 164,
	202, 60, 171, 95, 129, 118, 21, 142, 229, 18, 201, 37, 183, 213, 17, 250, 214, 97, 217, 148, 245, 49, 98, 15, 66, 72,
	238, 49, 14, 23, 228, 1, 90, 195, 177, 208, 46, 121, 19, 161, 171, 168, 141, 26, 178, 198, 192, 186, 220, 174, 20, 184,
	249, 199, 184, 67, 239, 216, 127, 83, 20, 105, 159, 78, 66, 35, 89, 66, 205, 46, 51, 127, 16, 11, 88, 178, 39, 75, 187,
	52, 109, 177, 115, 126, 43, 140, 41, 5, 191, 36, 69, 130, 253, 224, 25, 27, 51, 231, 25, 233, 138, 190, 165, 35, 135,
	0, 4, 76, 73, 184, 66, 45, 20, 130, 92, 49, 83, 68, 84, 191, 19, 247, 27, 44, 95, 137, 218, 113, 212, 21, 191, 19, 221,
	233, 155, 108, 195, 113, 163, 123, 89, 135, 151, 194, 18, 15, 5, 124, 114, 204, 8, 215, 3, 61, 193, 200, 251, 17, 43,
	60, 132, 111, 155, 78, 2, 158, 165, 78, 216, 236, 85, 36, 153, 41, 248, 107, 48, 12, 214, 234, 234, 104, 182, 175, 9,
	67, 105, 74, 200, 191, 40, 52, 165, 36, 141, 71, 95, 120, 15, 190, 182, 7, 247, 7, 115, 183, 63, 229, 216, 64, 104, 95,
	132, 162, 139, 248, 135, 6, 17, 46, 183, 94, 193, 251, 248, 118, 178, 77, 112, 137, 236, 31, 73, 231, 125, 18, 26, 192,
	111, 181, 150, 78, 223, 207, 116, 23, 52, 101, 247, 114, 192, 243, 134, 219, 20, 127, 34, 71, 161, 233, 36, 168, 144,
	123, 118, 74, 94, 46, 114, 61, 220, 198, 162, 114, 97, 176, 49, 170, 193, 88, 21, 78, 229, 34, 205, 1, 74, 120, 129,
	150, 154, 93, 7, 145, 79, 49, 37, 155, 118, 159, 208, 39, 77, 58, 57, 13, 50, 204, 137, 163, 248, 165, 69, 146, 130,
	218, 175, 32, 212, 112, 225, 6, 50, 156, 46, 123, 34, 98, 88, 123, 153, 174, 209, 35, 21, 31, 15, 12, 5, 213, 27, 66,
	236, 49, 80, 107, 185, 110, 19, 218, 200, 225, 41, 18, 207, 197, 59, 44, 245, 171, 228, 234, 35, 250, 200, 213, 33, 68,
	72, 34, 131, 111, 227, 216, 134, 195, 20, 142, 96, 168, 227, 227, 48, 163, 245, 177, 222, 249, 177, 191, 111, 253, 19,
	51, 125, 17, 157, 110, 175, 188, 46, 97, 19, 120, 33, 56, 37, 186, 154, 154, 131, 200, 206, 92, 45, 215, 9, 31, 174,
	56, 56, 90, 177, 240, 246, 189, 196, 156, 251, 120, 15, 118, 7, 143, 137, 146, 221, 221, 185, 175, 192, 215, 112, 109,
	205, 176, 49, 90, 229, 72, 73, 125, 83, 157, 7, 209, 139, 168, 79, 120, 80, 9, 12, 152, 217, 128, 50, 130, 223, 215,
	124, 150, 138, 235, 133, 91, 99, 105, 58, 153, 190, 163, 50, 105, 221, 33, 143, 247, 2, 81, 173, 219, 57, 205, 72, 48,
	230, 195, 167, 215, 158, 40, 252, 65, 124, 116, 175, 63, 63, 118, 224, 239, 39, 252, 250, 210, 137, 77, 57, 182, 240,
	31, 19, 251, 173, 228, 223, 63, 72, 223, 21, 159, 188, 20, 242, 147, 174, 168, 152, 26, 141, 127, 89, 104, 225, 214,
	118, 191, 91, 250, 23, 252, 42, 192, 24, 16, 250, 17, 104, 94, 129, 239, 130, 20, 178, 147, 184, 134, 131, 9, 34, 107,
	62, 236, 42, 62, 97, 143, 107, 185, 108, 205, 91, 142, 70, 127, 52, 124, 12, 215, 117, 44, 150, 180, 78, 215, 19, 138,
	172, 246, 80, 138, 77, 117, 89, 227, 4, 110, 223, 100, 26, 191, 72, 236, 209, 161, 96, 126, 122, 112, 190, 117, 84,
	127, 249, 37, 134, 182, 52, 235, 171, 88, 197, 55, 4, 247, 41, 253, 251, 128, 181, 171, 106, 171, 155, 230, 126, 3,
	112, 182, 120, 156, 215, 79, 55, 94, 93, 117, 183, 91, 129, 63, 186, 229, 255, 230, 142, 129, 63, 186, 229, 191, 188,
	99, 81, 100, 126, 237, 48, 129, 159, 60, 102, 246, 69, 216, 135, 249, 226, 48, 51, 150, 130, 159, 170, 71, 168, 57,
	148, 8, 175, 8, 63, 84, 77, 95, 67, 208, 77, 247, 107, 32, 146, 112, 158, 75, 76, 234, 134, 205, 163, 43, 24, 220, 151,
	202, 123, 127, 83, 16, 219, 152, 0, 170, 230, 204, 117, 107, 73, 207, 181, 216, 61, 229, 198, 9, 218, 215, 115, 99,
	243, 190, 93, 242, 221, 16, 207, 172, 251, 186, 101, 185, 87, 180, 34, 249, 158, 164, 90, 102, 22, 101, 44, 124, 186,
	180, 219, 246, 12, 55, 51, 217, 213, 240, 70, 84, 44, 35, 223, 224, 30, 208, 135, 199, 244, 50, 198, 233, 244, 146,
	229, 229, 5, 82, 15, 25, 130, 154, 109, 24, 11, 38, 196, 221, 65, 102, 242, 252, 50, 106, 65, 115, 79, 175, 224, 44,
	59, 40, 249, 110, 240, 105, 156, 132, 85, 194, 230, 25, 189, 216, 39, 103, 198, 46, 36, 26, 144, 113, 59, 142, 64, 159,
	190, 67, 123, 72, 199, 58, 88, 11, 221, 111, 115, 197, 40, 30, 135, 178, 155, 51, 43, 32, 156, 202, 150, 67, 172, 191,
	155, 202, 101, 39, 92, 241, 21, 21, 57, 81, 175, 100, 176, 50, 22, 239, 168, 172, 115, 91, 6, 167, 97, 218, 20, 210,
	176, 218, 182, 33, 1, 36, 179, 99, 94, 19, 12, 19, 253, 138, 218, 28, 131, 91, 167, 111, 84, 71, 72, 31, 151, 133, 163,
	103, 34, 122, 183, 232, 211, 44, 35, 36, 228, 85, 28, 61, 170, 64, 4, 147, 54, 49, 109, 55, 113, 95, 150, 134, 195,
	224, 51, 159, 26, 231, 33, 194, 82, 246, 52, 128, 205, 167, 232, 144, 191, 194, 225, 204, 155, 48, 140, 10, 43, 207,
	83, 202, 40, 206, 10, 186, 173, 61, 201, 226, 15, 69, 55, 49, 254, 6, 111, 247, 247, 74, 52, 187, 85, 175, 173, 102,
	34, 80, 176, 62, 116, 188, 205, 46, 94, 113, 67, 133, 119, 221, 61, 142, 108, 82, 1, 243, 150, 214, 143, 177, 32, 211,
	248, 21, 105, 79, 58, 175, 143, 158, 78, 204, 84, 149, 177, 16, 145, 123, 49, 23, 222, 141, 155, 20, 116, 251, 84, 9,
	109, 73, 46, 158, 176, 214, 67, 51, 43, 106, 140, 240, 149, 130, 64, 86, 166, 36, 182, 202, 134, 47, 235, 106, 133,
	192, 29, 78, 165, 62, 46, 119, 81, 229, 25, 92, 130, 76, 132, 16, 25, 112, 235, 112, 232, 5, 101, 205, 76, 214, 161,
	36, 26, 119, 107, 44, 144, 246, 190, 241, 252, 139, 41, 121, 225, 53, 43, 135, 169, 96, 7, 126, 39, 169, 17, 55, 223,
	240, 252, 50, 48, 55, 45, 81, 160, 51, 97, 116, 232, 40, 202, 22, 149, 118, 106, 9, 105, 86, 214, 181, 99, 8, 141, 116,
	229, 87, 185, 188, 172, 105, 237, 40, 193, 160, 157, 122, 141, 178, 201, 72, 195, 109, 37, 227, 208, 135, 136, 200,
	173, 125, 76, 135, 235, 242, 85, 83, 14, 70, 184, 214, 141, 222, 0, 50, 239, 114, 148, 236, 87, 186, 224, 2, 78, 124,
	113, 9, 210, 12, 89, 91, 253, 226, 240, 232, 23, 132, 64, 87, 36, 67, 34, 181, 99, 46, 158, 157, 127, 60, 238, 37, 89,
	111, 86, 35, 62, 243, 218, 4, 254, 17, 127, 254, 157, 218, 166, 79, 15, 222, 249, 178, 105, 185, 105, 6, 244, 196, 214,
	121, 74, 71, 223, 247, 41, 60, 2, 120, 13, 28, 111, 98, 95, 215, 210, 225, 91, 84, 64, 64, 144, 235, 46, 100, 251, 154,
	148, 161, 148, 132, 228, 45, 181, 146, 14, 147, 233, 93, 221, 235, 125, 20, 232, 32, 108, 238, 102, 66, 114, 180, 19,
	93, 245, 133, 4, 4, 108, 132, 253, 62, 233, 223, 91, 87, 247, 212, 112, 84, 54, 153, 106, 195, 174, 224, 220, 171, 123,
	204, 47, 186, 200, 115, 95, 15, 92, 232, 252, 238, 132, 155, 59, 217, 62, 122, 193, 24, 189, 177, 18, 17, 185, 154,
	164, 60, 234, 100, 132, 191, 248, 80, 215, 90, 4, 3, 110, 161, 210, 211, 26, 78, 90, 222, 131, 136, 210, 201, 137, 67,
	173, 85, 160, 68, 126, 159, 0, 72, 40, 250, 35, 102, 131, 117, 185, 142, 187, 130, 52, 53, 26, 64, 103, 164, 108, 246,
	224, 120, 169, 26, 236, 113, 49, 223, 199, 222, 90, 239, 243, 243, 90, 62, 20, 33, 1, 192, 199, 186, 47, 199, 139, 199,
	148, 89, 111, 152, 4, 156, 115, 194, 67, 125, 202, 36, 178, 71, 42, 121, 226, 46, 237, 65, 160, 118, 86, 122, 89, 169,
	27, 139, 15, 79, 59, 53, 31, 51, 109, 174, 226, 40, 200, 50, 118, 215, 229, 152, 91, 73, 6, 76, 210, 139, 108, 0, 194,
	59, 124, 34, 120, 194, 95, 244, 39, 15, 78, 75, 118, 66, 211, 219, 60, 68, 10, 233, 31, 175, 96, 240, 182, 2, 196, 95,
	89, 243, 148, 237, 178, 91, 133, 3, 164, 246, 27, 212, 206, 217, 246, 186, 146, 204, 230, 78, 61, 18, 71, 242, 53, 121,
	114, 198, 224, 208, 119, 128, 35, 196, 14, 142, 73, 171, 184, 46, 98, 64, 154, 204, 99, 160, 142, 87, 21, 204, 228,
	218, 101, 102, 109, 130, 207, 138, 216, 136, 128, 3, 141, 214, 64, 67, 95, 109, 241, 41, 36, 102, 17, 247, 123, 123,
	244, 27, 153, 143, 75, 154, 118, 33, 242, 173, 224, 44, 99, 0, 196, 116, 157, 93, 82, 42, 238, 237, 230, 87, 56, 223,
	70, 49, 156, 100, 248, 52, 96, 160, 7, 235, 8, 23, 140, 41, 98, 154, 209, 246, 172, 94, 152, 205, 121, 23, 219, 52,
	234, 107, 52, 14, 134, 111, 162, 236, 113, 164, 169, 48, 228, 205, 20, 28, 141, 200, 143, 11, 112, 97, 115, 61, 145,
	114, 102, 220, 235, 69, 105, 70, 1, 68, 16, 51, 44, 217, 226, 16, 3, 42, 109, 158, 247, 59, 171, 64, 139, 109, 89, 235,
	54, 14, 54, 209, 131, 113, 5, 41, 177, 184, 55, 150, 50, 55, 157, 105, 127, 90, 200, 217, 198, 180, 230, 33, 155, 109,
	224, 249, 164, 122, 201, 25, 234, 125, 95, 146, 162, 9, 4, 174, 205, 92, 23, 97, 35, 252, 225, 10, 249, 67, 127, 169,
	118, 114, 187, 250, 68, 53, 190, 44, 226, 146, 34, 106, 212, 61, 186, 187, 92, 32, 134, 183, 10, 72, 4, 17, 121, 31,
	47, 208, 95, 168, 140, 159, 228, 242, 255, 196, 93, 243, 231, 42, 227, 166, 69, 1, 255, 22, 197, 228, 144, 207, 65, 30,
	241, 147, 12, 176, 248, 218, 247, 8, 218, 158, 148, 218, 87, 191, 139, 4, 210, 251, 239, 36, 70, 74, 74, 253, 134, 4,
	50, 149, 118, 205, 250, 197, 115, 199, 15, 162, 122, 194, 137, 82, 79, 235, 117, 143, 132, 39, 127, 18, 125, 250, 90,
	5, 72, 126, 33, 113, 6, 76, 238, 49, 79, 238, 223, 52, 73, 62, 125, 198, 212, 242, 141, 253, 169, 242, 23, 114, 130,
	149, 17, 12, 253, 77, 81, 107, 218, 114, 160, 239, 13, 4, 193, 167, 86, 241, 35, 4, 30, 31, 186, 173, 98, 95, 59, 154,
	63, 172, 239, 135, 107, 37, 77, 252, 206, 44, 74, 93, 165, 214, 175, 228, 152, 90, 57, 151, 119, 209, 224, 51, 24, 130,
	253, 54, 153, 231, 164, 213, 42, 13, 229, 203, 39, 234, 127, 110, 249, 103, 186, 221, 125, 68, 182, 62, 116, 234, 30,
	33, 210, 122, 254, 124, 85, 58, 44, 79, 250, 201, 16, 95, 121, 216, 233, 135, 157, 171, 166, 2, 74, 163, 45, 145, 245,
	55, 135, 64, 112, 146, 109, 252, 73, 17, 36, 240, 155, 246, 131, 71, 245, 64, 158, 234, 152, 198, 139, 33, 47, 167,
	209, 161, 94, 131, 237, 104, 52, 183, 105, 142, 94, 188, 165, 215, 143, 155, 85, 195, 230, 198, 37, 194, 115, 203, 145,
	39, 18, 237, 151, 240, 252, 37, 227, 194, 0, 92, 143, 42, 225, 164, 121, 181, 132, 250, 25, 234, 235, 238, 124, 217,
	185, 19, 186, 6, 139, 83, 48, 174, 221, 133, 102, 162, 27, 81, 155, 217, 208, 211, 31, 242, 69, 156, 121, 172, 240,
	155, 102, 243, 201, 105, 160, 90, 156, 136, 212, 241, 48, 146, 242, 13, 233, 37, 1, 60, 96, 78, 196, 35, 234, 206, 209,
	144, 113, 175, 206, 27, 81, 222, 58, 46, 134, 245, 229, 136, 14, 191, 137, 25, 6, 131, 121, 215, 19, 200, 215, 231,
	136, 126, 22, 67, 74, 73, 150, 206, 165, 139, 196, 55, 136, 238, 49, 138, 82, 40, 67, 81, 219, 21, 219, 37, 123, 1,
	221, 75, 223, 145, 144, 221, 134, 125, 74, 232, 7, 88, 91, 153, 129, 220, 2, 175, 82, 247, 133, 68, 223, 161, 171, 9,
	107, 216, 179, 125, 183, 225, 114, 7, 225, 233, 249, 152, 116, 241, 70, 240, 254, 34, 30, 152, 144, 84, 69, 206, 152,
	208, 182, 26, 228, 115, 168, 122, 160, 34, 142, 113, 230, 150, 252, 82, 19, 245, 80, 154, 193, 126, 226, 18, 87, 130,
	162, 134, 22, 238, 186, 180, 129, 143, 32, 156, 122, 131, 164, 242, 118, 101, 72, 110, 101, 236, 189, 84, 198, 150, 79,
	239, 199, 40, 170, 23, 212, 148, 108, 127, 184, 40, 35, 23, 220, 145, 16, 72, 233, 210, 157, 134, 246, 100, 203, 217,
	61, 46, 20, 89, 159, 212, 20, 223, 143, 90, 25, 218, 219, 201, 41, 97, 199, 137, 200, 113, 125, 120, 183, 134, 238,
	110, 157, 227, 105, 205, 204, 221, 76, 156, 154, 72, 132, 149, 180, 157, 146, 59, 142, 142, 66, 3, 220, 245, 187, 4,
	100, 231, 54, 105, 235, 219, 37, 37, 28, 177, 145, 197, 64, 97, 37, 106, 186, 212, 139, 206, 36, 138, 221, 221, 161,
	71, 192, 9, 168, 152, 19, 183, 252, 208, 223, 190, 27, 59, 22, 26, 203, 8, 241, 140, 139, 178, 165, 20, 223, 76, 212,
	200, 199, 36, 240, 77, 159, 145, 28, 112, 14, 231, 122, 185, 167, 213, 122, 9, 19, 110, 68, 243, 152, 188, 89, 204, 82,
	100, 1, 60, 16, 117, 47, 13, 143, 207, 184, 51, 215, 139, 144, 229, 100, 61, 86, 192, 94, 24, 231, 217, 23, 110, 191,
	19, 210, 123, 111, 143, 194, 115, 65, 127, 212, 151, 69, 153, 10, 2, 184, 110, 239, 240, 193, 44, 42, 145, 183, 98, 5,
	79, 109, 176, 181, 143, 139, 94, 53, 160, 218, 111, 13, 2, 218, 151, 210, 108, 115, 246, 22, 222, 46, 251, 241, 162,
	170, 35, 86, 250, 166, 111, 163, 55, 143, 60, 70, 254, 164, 85, 27, 35, 218, 162, 100, 122, 76, 133, 78, 64, 196, 222,
	182, 75, 12, 198, 76, 52, 20, 42, 8, 11, 223, 143, 27, 131, 227, 116, 46, 191, 200, 156, 219, 9, 77, 85, 66, 183, 184,
	183, 212, 149, 108, 182, 151, 93, 188, 44, 40, 201, 128, 27, 207, 254, 218, 145, 0, 252, 182, 37, 225, 43, 204, 56,
	121, 114, 160, 210, 79, 138, 211, 160, 51, 196, 188, 10, 210, 239, 73, 167, 86, 173, 170, 247, 103, 93, 164, 234, 251,
	51, 12, 127, 221, 236, 12, 124, 28, 98, 254, 39, 173, 10, 34, 125, 6, 55, 166, 197, 165, 30, 138, 133, 28, 91, 131,
	148, 119, 227, 94, 219, 36, 249, 218, 85, 215, 66, 87, 7, 34, 154, 16, 234, 126, 62, 203, 17, 72, 68, 207, 120, 248,
	249, 64, 42, 141, 210, 135, 49, 254, 54, 11, 115, 222, 110, 45, 232, 208, 81, 149, 214, 110, 243, 36, 94, 108, 66, 199,
	194, 51, 105, 80, 156, 119, 232, 117, 221, 245, 103, 52, 240, 56, 141, 193, 52, 28, 199, 172, 93, 22, 111, 132, 5, 67,
	39, 5, 138, 50, 191, 63, 86, 158, 235, 157, 87, 251, 112, 158, 251, 162, 59, 197, 243, 145, 224, 173, 150, 77, 143,
	172, 203, 119, 6, 58, 70, 229, 194, 101, 97, 181, 37, 42, 119, 141, 99, 15, 156, 82, 170, 52, 83, 43, 121, 94, 214, 48,
	192, 224, 114, 161, 236, 19, 244, 78, 53, 48, 95, 117, 233, 142, 235, 148, 163, 97, 28, 94, 153, 151, 147, 191, 162,
	161, 84, 218, 100, 81, 38, 57, 153, 175, 161, 111, 227, 247, 177, 178, 111, 183, 248, 17, 60, 171, 189, 158, 142, 215,
	12, 94, 75, 155, 46, 240, 193, 185, 35, 29, 103, 206, 162, 152, 111, 137, 89, 14, 192, 107, 52, 160, 120, 166, 74, 9,
	73, 226, 119, 127, 31, 242, 194, 165, 6, 144, 56, 238, 196, 156, 102, 227, 173, 16, 31, 11, 252, 182, 160, 39, 54, 201,
	220, 228, 27, 15, 144, 200, 107, 106, 56, 227, 153, 147, 38, 103, 232, 163, 23, 178, 28, 159, 183, 13, 68, 230, 173, 4,
	212, 205, 67, 196, 181, 120, 108, 25, 168, 25, 238, 152, 148, 147, 135, 149, 160, 203, 61, 144, 50, 154, 223, 98, 100,
	40, 2, 24, 59, 208, 5, 21, 249, 98, 174, 111, 16, 78, 251, 89, 117, 250, 81, 1, 193, 115, 55, 172, 20, 49, 185, 217,
	109, 54, 226, 216, 160, 73, 192, 114, 6, 130, 203, 156, 32, 211, 64, 95, 107, 220, 121, 103, 65, 230, 135, 214, 29,
	129, 123, 138, 106, 137, 218, 58, 238, 138, 172, 249, 199, 245, 116, 126, 129, 76, 166, 87, 169, 57, 36, 186, 180, 60,
	110, 238, 87, 207, 236, 246, 151, 95, 41, 239, 46, 191, 220, 175, 146, 8, 60, 34, 114, 130, 101, 137, 85, 222, 156,
	254, 70, 164, 0, 66, 43, 187, 78, 49, 118, 184, 148, 126, 177, 189, 231, 86, 89, 167, 142, 91, 220, 103, 198, 44, 254,
	145, 230, 215, 180, 51, 24, 172, 136, 243, 57, 110, 74, 2, 95, 113, 254, 38, 187, 235, 76, 161, 208, 109, 7, 86, 153,
	46, 131, 144, 185, 185, 94, 134, 36, 252, 0, 87, 239, 57, 237, 130, 160, 120, 55, 78, 123, 159, 119, 184, 133, 164, 12,
	227, 83, 230, 157, 244, 52, 67, 216, 118, 1, 179, 209, 242, 232, 210, 202, 90, 124, 147, 74, 94, 115, 209, 76, 112,
	236, 247, 248, 85, 19, 1, 111, 158, 41, 194, 202, 3, 49, 134, 87, 186, 246, 113, 233, 32, 237, 74, 96, 122, 154, 198,
	124, 9, 175, 254, 247, 216, 131, 101, 152, 127, 13, 123, 48, 95, 70, 16, 228, 63, 77, 137, 23, 147, 87, 148, 238, 4,
	215, 121, 183, 236, 87, 35, 192, 197, 63, 196, 29, 223, 196, 63, 254, 29, 220, 241, 129, 29, 192, 255, 2, 119, 124,
	134, 192, 255, 132, 59, 62, 16, 3, 248, 204, 187, 214, 238, 212, 241, 75, 220, 241, 237, 218, 63, 192, 29, 31, 216, 1,
	252, 91, 184, 227, 3, 59, 128, 191, 141, 59, 62, 157, 195, 199, 159, 31, 96, 1, 52, 235, 206, 131, 123, 103, 251, 66,
	133, 219, 154, 232, 78, 95, 163, 212, 133, 84, 61, 200, 237, 86, 230, 136, 202, 124, 6, 249, 90, 214, 173, 172, 26,
	140, 166, 223, 66, 93, 23, 163, 18, 250, 34, 30, 162, 162, 22, 103, 237, 13, 61, 217, 252, 181, 28, 131, 110, 4, 1,
	130, 155, 30, 207, 131, 179, 2, 136, 197, 139, 24, 153, 112, 229, 169, 241, 137, 10, 209, 228, 142, 111, 89, 120, 89,
	43, 207, 197, 213, 247, 101, 96, 30, 25, 243, 106, 104, 112, 209, 4, 232, 166, 149, 234, 249, 4, 127, 89, 146, 168,
	152, 64, 238, 171, 43, 118, 56, 44, 132, 162, 76, 181, 44, 117, 175, 9, 172, 248, 42, 181, 63, 156, 25, 242, 245, 4,
	236, 228, 36, 231, 118, 233, 40, 39, 123, 243, 92, 124, 220, 91, 205, 176, 109, 160, 204, 100, 11, 4, 189, 10, 138,
	141, 252, 166, 66, 127, 192, 87, 255, 168, 171, 248, 210, 222, 174, 149, 217, 243, 247, 71, 16, 49, 30, 240, 2, 33, 14,
	180, 8, 187, 74, 142, 55, 150, 110, 198, 115, 227, 120, 115, 84, 99, 209, 160, 139, 25, 199, 239, 24, 88, 106, 52, 214,
	98, 119, 227, 157, 196, 37, 206, 14, 153, 184, 10, 248, 126, 99, 64, 113, 149, 30, 111, 34, 10, 104, 151, 233, 43, 48,
	163, 160, 3, 192, 188, 103, 57, 221, 116, 188, 79, 60, 165, 92, 171, 169, 175, 175, 32, 186, 80, 2, 195, 231, 111, 168,
	221, 250, 168, 190, 164, 152, 215, 215, 127, 199, 1, 124, 198, 137, 252, 5, 255, 248, 143, 9, 3, 255, 174, 86, 1, 119,
	251, 156, 117, 145, 63, 117, 38, 139, 238, 24, 244, 135, 109, 17, 175, 71, 240, 187, 68, 228, 244, 15, 191, 29, 219,
	99, 160, 43, 112, 255, 122, 14, 35, 222, 41, 215, 9, 253, 60, 143, 143, 159, 245, 201, 207, 184, 42, 88, 60, 249, 17,
	51, 252, 88, 198, 79, 231, 58, 76, 182, 62, 62, 150, 113, 26, 195, 18, 183, 244, 105, 207, 95, 237, 251, 180, 223, 120,
	213, 190, 39, 251, 24, 236, 227, 53, 230, 0, 38, 223, 223, 166, 128, 124, 61, 226, 253, 233, 196, 68, 251, 46, 106,
	254, 163, 174, 65, 230, 212, 159, 4, 161, 120, 58, 131, 175, 249, 203, 79, 227, 197, 39, 87, 137, 170, 182, 113, 104,
	215, 47, 249, 203, 253, 203, 181, 251, 79, 215, 254, 112, 121, 223, 87, 7, 252, 27, 203, 251, 190, 58, 224, 223, 88,
	222, 247, 92, 39, 240, 187, 167, 67, 191, 202, 117, 150, 71, 88, 27, 186, 224, 217, 241, 221, 127, 235, 53, 15, 55,
	203, 160, 66, 169, 102, 63, 106, 50, 141, 110, 164, 98, 35, 43, 140, 148, 57, 144, 15, 126, 56, 103, 181, 255, 212,
	175, 254, 99, 184, 27, 12, 203, 223, 177, 61, 167, 37, 250, 82, 198, 185, 111, 80, 230, 136, 251, 45, 85, 78, 211, 156,
	234, 175, 199, 99, 115, 112, 190, 106, 160, 102, 107, 103, 124, 34, 187, 182, 53, 6, 254, 22, 176, 8, 157, 226, 43, 16,
	251, 194, 180, 110, 71, 31, 220, 68, 159, 147, 144, 133, 135, 83, 59, 119, 29, 134, 122, 135, 210, 30, 111, 79, 52, 58,
	153, 250, 33, 167, 123, 98, 224, 5, 203, 119, 173, 130, 40, 3, 249, 126, 191, 214, 42, 237, 170, 109, 175, 180, 110,
	100, 30, 199, 227, 193, 217, 58, 16, 174, 96, 119, 92, 97, 143, 55, 22, 22, 69, 148, 113, 76, 56, 82, 176, 210, 165,
	154, 39, 99, 185, 46, 163, 126, 187, 60, 50, 13, 161, 161, 62, 96, 61, 164, 7, 123, 185, 34, 116, 225, 89, 5, 221, 45,
	211, 93, 124, 72, 8, 50, 161, 184, 230, 17, 22, 43, 8, 208, 55, 185, 164, 173, 192, 124, 134, 233, 144, 71, 241, 163,
	206, 222, 202, 206, 222, 115, 71, 233, 230, 98, 90, 144, 59, 214, 21, 24, 2, 62, 181, 237, 161, 17, 21, 100, 63, 119,
	193, 92, 213, 181, 32, 6, 142, 39, 79, 167, 210, 170, 125, 174, 25, 49, 21, 145, 97, 14, 48, 180, 48, 204, 99, 9, 223,
	34, 45, 195, 28, 24, 195, 37, 194, 9, 167, 218, 247, 180, 69, 203, 225, 22, 45, 186, 192, 162, 160, 215, 37, 204, 53,
	120, 20, 18, 82, 99, 44, 46, 35, 16, 127, 232, 119, 131, 239, 137, 92, 17, 78, 38, 5, 91, 40, 172, 23, 13, 64, 10, 197,
	225, 198, 51, 11, 149, 10, 251, 146, 111, 101, 9, 11, 201, 145, 229, 246, 248, 218, 197, 11, 237, 87, 77, 134, 52, 167,
	131, 65, 142, 106, 127, 204, 180, 225, 62, 60, 57, 206, 203, 140, 167, 248, 192, 194, 184, 26, 246, 234, 7, 69, 245,
	69, 193, 50, 239, 14, 48, 133, 89, 127, 197, 232, 97, 181, 207, 193, 67, 89, 143, 199, 61, 25, 214, 40, 234, 117, 197,
	138, 55, 213, 122, 121, 163, 234, 125, 230, 185, 86, 212, 117, 5, 90, 216, 83, 105, 196, 176, 108, 186, 209, 24, 199,
	144, 118, 11, 221, 243, 10, 201, 40, 25, 104, 213, 13, 32, 205, 107, 230, 8, 105, 100, 101, 243, 99, 153, 29, 38, 16,
	104, 218, 127, 91, 179, 115, 175, 10, 142, 137, 148, 169, 124, 31, 9, 231, 10, 52, 210, 208, 250, 51, 91, 89, 200, 174,
	105, 113, 152, 235, 92, 173, 141, 12, 196, 28, 194, 138, 46, 42, 82, 9, 26, 74, 0, 224, 176, 120, 116, 213, 165, 225,
	237, 121, 154, 205, 145, 40, 167, 165, 240, 146, 235, 135, 83, 116, 241, 197, 183, 71, 250, 241, 247, 92, 231, 151, 64,
	243, 7, 149, 18, 233, 87, 34, 242, 243, 148, 20, 44, 80, 22, 7, 37, 29, 136, 28, 203, 43, 221, 81, 117, 143, 60, 34,
	179, 105, 186, 246, 87, 74, 74, 160, 199, 224, 87, 253, 225, 106, 143, 39, 74, 26, 79, 74, 122, 38, 7, 12, 133, 61, 48,
	72, 232, 63, 76, 140, 210, 222, 132, 226, 10, 211, 95, 165, 114, 4, 171, 77, 226, 241, 48, 143, 57, 39, 204, 175, 0, 8,
	186, 39, 110, 30, 94, 132, 105, 223, 6, 82, 151, 31, 11, 104, 202, 1, 89, 126, 202, 76, 6, 215, 56, 177, 195, 205, 206,
	139, 11, 102, 53, 136, 224, 47, 174, 15, 198, 253, 249, 0, 101, 208, 92, 9, 120, 75, 200, 225, 77, 190, 175, 107, 21,
	215, 41, 222, 110, 64, 112, 201, 59, 197, 61, 99, 107, 42, 107, 147, 108, 63, 150, 251, 246, 18, 144, 178, 237, 159,
	84, 22, 43, 20, 187, 69, 41, 18, 15, 233, 75, 204, 96, 82, 221, 93, 190, 228, 45, 75, 154, 85, 80, 105, 116, 15, 238,
	103, 245, 145, 102, 1, 147, 196, 247, 67, 128, 121, 32, 155, 239, 50, 77, 37, 166, 163, 165, 151, 234, 237, 168, 56,
	57, 240, 45, 214, 250, 55, 252, 181, 60, 117, 17, 147, 122, 235, 246, 84, 94, 151, 140, 124, 12, 175, 38, 38, 131, 230,
	53, 75, 47, 119, 191, 233, 74, 133, 203, 168, 69, 86, 211, 248, 144, 46, 253, 196, 222, 15, 64, 231, 172, 227, 18, 37,
	221, 174, 141, 124, 121, 101, 137, 105, 153, 77, 132, 62, 218, 6, 67, 242, 247, 122, 221, 75, 80, 174, 54, 185, 70,
	193, 215, 228, 140, 106, 120, 167, 99, 169, 214, 173, 44, 160, 38, 157, 153, 122, 136, 91, 26, 255, 93, 215, 100, 157,
	220, 15, 28, 96, 108, 103, 126, 97, 171, 125, 49, 167, 135, 31, 39, 239, 204, 238, 189, 59, 177, 226, 232, 147, 96,
	148, 93, 158, 204, 169, 231, 31, 50, 21, 219, 90, 200, 190, 57, 116, 246, 105, 183, 97, 94, 108, 35, 167, 39, 147, 107,
	248, 219, 228, 63, 46, 39, 159, 139, 49, 111, 27, 128, 250, 78, 56, 123, 69, 121, 117, 96, 31, 222, 179, 153, 124, 104,
	203, 43, 24, 49, 117, 98, 47, 106, 99, 45, 250, 38, 105, 77, 230, 134, 193, 137, 44, 27, 145, 214, 48, 215, 17, 79, 45,
	189, 38, 242, 97, 189, 144, 183, 40, 195, 140, 25, 178, 47, 105, 53, 190, 76, 96, 92, 29, 60, 140, 95, 89, 164, 8, 90,
	144, 43, 247, 138, 94, 74, 41, 70, 161, 133, 39, 145, 100, 100, 141, 245, 18, 115, 252, 116, 247, 70, 196, 44, 44, 58,
	65, 170, 166, 49, 2, 243, 120, 213, 1, 13, 185, 34, 17, 8, 234, 227, 160, 72, 230, 210, 179, 218, 21, 200, 107, 53,
	120, 101, 221, 204, 152, 43, 220, 98, 2, 153, 157, 38, 104, 145, 172, 238, 48, 126, 178, 175, 170, 202, 17, 205, 157,
	162, 114, 93, 115, 96, 185, 0, 145, 149, 234, 205, 70, 97, 205, 203, 142, 57, 109, 157, 191, 222, 140, 205, 76, 239,
	150, 245, 163, 110, 242, 129, 147, 57, 74, 87, 6, 194, 27, 217, 221, 160, 171, 97, 195, 222, 253, 32, 157, 119, 99, 95,
	198, 13, 47, 40, 171, 140, 172, 201, 197, 57, 46, 184, 241, 83, 50, 180, 12, 184, 254, 189, 196, 232, 95, 97, 147, 127,
	194, 79, 254, 14, 69, 169, 63, 9, 181, 252, 39, 5, 37, 81, 97, 154, 216, 219, 162, 55, 29, 58, 191, 165, 40, 199, 255,
	5, 138, 114, 18, 135, 253, 103, 138, 114, 253, 153, 162, 152, 110, 240, 95, 209, 20, 224, 39, 74, 98, 139, 191, 165,
	41, 159, 107, 37, 125, 249, 191, 145, 30, 133, 212, 187, 248, 157, 166, 140, 63, 166, 71, 57, 183, 248, 223, 83, 21,
	224, 167, 98, 59, 185, 179, 76, 140, 9, 248, 203, 178, 172, 16, 37, 100, 59, 173, 19, 39, 17, 237, 178, 200, 36, 122,
	153, 15, 82, 5, 22, 189, 82, 166, 84, 91, 184, 85, 42, 229, 138, 81, 124, 49, 47, 41, 165, 228, 116, 80, 31, 113, 76,
	7, 59, 128, 228, 96, 120, 85, 15, 142, 38, 50, 81, 128, 89, 143, 190, 178, 100, 234, 174, 130, 3, 170, 87, 93, 60, 210,
	35, 188, 132, 74, 118, 149, 223, 121, 53, 123, 45, 253, 164, 103, 24, 36, 100, 126, 221, 223, 148, 36, 63, 127, 73, 85,
	190, 234, 20, 113, 139, 236, 207, 254, 11, 234, 248, 225, 120, 102, 239, 144, 227, 97, 216, 151, 163, 26, 12, 31, 127,
	151, 170, 120, 68, 255, 2, 176, 4, 183, 178, 231, 168, 13, 204, 181, 114, 162, 40, 140, 251, 217, 199, 42, 226, 111,
	82, 149, 140, 250, 82, 151, 103, 48, 50, 86, 49, 18, 160, 129, 75, 127, 53, 31, 225, 254, 54, 71, 233, 161, 175, 143,
	32, 225, 61, 122, 156, 166, 132, 92, 192, 235, 243, 22, 243, 139, 160, 171, 71, 55, 5, 219, 227, 126, 73, 183, 16, 9,
	244, 236, 211, 33, 29, 16, 140, 122, 71, 96, 113, 207, 26, 91, 13, 179, 28, 83, 27, 160, 193, 197, 171, 48, 142, 30,
	121, 28, 166, 160, 226, 55, 201, 222, 27, 190, 59, 129, 230, 69, 181, 238, 240, 49, 135, 193, 40, 229, 183, 18, 163,
	65, 186, 104, 186, 45, 182, 254, 226, 172, 228, 235, 88, 36, 171, 200, 126, 46, 79, 253, 159, 255, 152, 55, 224, 191,
	37, 32, 191, 18, 90, 208, 205, 215, 19, 167, 80, 245, 88, 81, 183, 182, 244, 232, 98, 186, 236, 175, 137, 136, 250, 69,
	22, 233, 206, 158, 166, 141, 126, 87, 91, 247, 1, 19, 222, 150, 160, 225, 38, 7, 174, 219, 232, 231, 173, 75, 127, 169,
	74, 43, 131, 141, 61, 40, 243, 123, 29, 41, 83, 37, 211, 151, 129, 64, 156, 214, 135, 167, 157, 252, 252, 154, 250,
	229, 53, 224, 135, 23, 191, 153, 172, 177, 169, 229, 119, 161, 5, 106, 253, 42, 137, 244, 171, 107, 229, 103, 38, 7,
	181, 10, 63, 13, 40, 77, 190, 12, 78, 2, 2, 111, 179, 159, 94, 242, 139, 226, 84, 197, 162, 45, 173, 100, 109, 149,
	102, 191, 151, 2, 202, 191, 88, 193, 15, 175, 81, 219, 207, 175, 1, 95, 95, 252, 7, 114, 72, 146, 35, 220, 132, 135,
	28, 46, 237, 196, 169, 61, 254, 120, 196, 26, 243, 224, 33, 211, 152, 38, 32, 27, 77, 113, 155, 223, 209, 67, 190, 221,
	103, 246, 220, 145, 155, 85, 69, 200, 165, 151, 167, 131, 159, 196, 124, 220, 162, 167, 4, 197, 207, 253, 178, 217,
	186, 99, 26, 57, 206, 142, 9, 127, 29, 249, 107, 151, 206, 182, 221, 185, 244, 124, 173, 194, 108, 182, 50, 181, 103,
	1, 164, 213, 29, 123, 209, 219, 194, 39, 31, 47, 94, 21, 119, 90, 50, 34, 71, 106, 20, 8, 198, 94, 86, 174, 57, 249,
	32, 243, 29, 131, 240, 1, 171, 167, 147, 37, 47, 188, 169, 138, 230, 118, 127, 106, 49, 249, 16, 71, 110, 106, 34, 183,
	146, 6, 68, 53, 34, 14, 88, 102, 233, 173, 102, 207, 70, 88, 26, 236, 118, 27, 202, 89, 1, 193, 172, 209, 140, 211,
	148, 130, 34, 185, 84, 119, 164, 189, 222, 6, 49, 149, 223, 210, 170, 180, 75, 187, 72, 58, 30, 185, 143, 194, 18, 118,
	149, 165, 98, 244, 2, 63, 247, 4, 230, 64, 84, 31, 84, 224, 33, 15, 80, 255, 136, 142, 218, 233, 44, 26, 70, 200, 82,
	145, 165, 131, 60, 3, 137, 159, 138, 158, 96, 173, 87, 70, 189, 145, 87, 232, 182, 15, 74, 212, 26, 237, 203, 119, 140,
	119, 245, 224, 233, 195, 125, 89, 96, 123, 35, 28, 202, 44, 53, 141, 28, 171, 173, 0, 129, 231, 241, 220, 245, 151, 53,
	73, 247, 39, 66, 232, 32, 44, 208, 154, 95, 225, 209, 107, 90, 202, 34, 143, 146, 163, 27, 179, 235, 80, 249, 59, 42,
	65, 112, 231, 145, 78, 177, 112, 187, 219, 160, 115, 161, 186, 166, 81, 25, 110, 173, 223, 202, 205, 46, 188, 6, 194,
	116, 192, 203, 222, 2, 177, 6, 176, 229, 199, 235, 34, 176, 8, 246, 140, 38, 209, 200, 175, 23, 61, 204, 185, 146, 68,
	174, 73, 99, 214, 168, 33, 71, 154, 193, 216, 190, 77, 113, 58, 66, 234, 233, 124, 39, 106, 212, 233, 12, 107, 101,
	192, 22, 196, 187, 75, 30, 101, 243, 14, 48, 138, 150, 135, 89, 61, 76, 70, 112, 11, 207, 63, 235, 131, 186, 94, 226,
	246, 41, 139, 208, 147, 13, 146, 51, 170, 13, 93, 211, 58, 73, 91, 14, 60, 109, 48, 47, 24, 189, 123, 82, 218, 198,
	116, 136, 182, 158, 179, 193, 186, 187, 12, 224, 211, 203, 97, 81, 125, 0, 80, 122, 73, 85, 90, 192, 242, 152, 56, 172,
	199, 233, 19, 61, 195, 81, 132, 62, 176, 73, 77, 97, 216, 150, 171, 61, 227, 25, 172, 24, 246, 72, 189, 163, 84, 251,
	96, 12, 55, 198, 244, 235, 249, 222, 197, 161, 207, 89, 91, 24, 61, 47, 165, 180, 196, 44, 88, 105, 64, 132, 103, 51,
	194, 39, 243, 30, 76, 230, 59, 48, 156, 34, 163, 194, 88, 212, 176, 42, 124, 153, 39, 60, 111, 151, 35, 126, 169, 89,
	26, 112, 188, 74, 200, 236, 190, 252, 226, 60, 226, 247, 142, 8, 254, 158, 28, 146, 53, 71, 148, 87, 86, 219, 163, 232,
	230, 180, 184, 110, 135, 183, 93, 232, 203, 206, 39, 118, 119, 255, 13, 103, 248, 211, 127, 252, 135, 189, 82, 217,
	238, 191, 111, 154, 64, 214, 174, 162, 1, 237, 68, 177, 157, 196, 245, 88, 125, 24, 185, 134, 199, 227, 83, 122, 220,
	216, 4, 189, 54, 94, 48, 184, 115, 247, 16, 19, 130, 234, 70, 243, 228, 85, 94, 12, 134, 233, 202, 89, 193, 213, 183,
	192, 53, 70, 10, 54, 228, 223, 226, 150, 145, 200, 139, 219, 77, 233, 9, 1, 181, 139, 83, 47, 244, 22, 190, 232, 240,
	206, 94, 67, 127, 186, 201, 135, 142, 187, 8, 194, 210, 251, 40, 63, 198, 230, 112, 192, 201, 200, 242, 238, 149, 178,
	198, 145, 96, 234, 120, 187, 98, 216, 58, 217, 202, 118, 151, 195, 70, 87, 53, 125, 18, 95, 247, 82, 72, 199, 0, 160,
	15, 13, 118, 207, 80, 44, 143, 181, 38, 50, 216, 250, 212, 198, 218, 185, 236, 119, 95, 211, 19, 98, 33, 217, 59, 107,
	54, 196, 91, 41, 23, 39, 160, 248, 6, 98, 230, 194, 77, 202, 39, 187, 57, 201, 213, 49, 243, 77, 131, 177, 198, 195,
	183, 46, 166, 185, 189, 1, 184, 23, 137, 162, 66, 11, 250, 201, 4, 14, 213, 230, 94, 194, 206, 29, 188, 75, 222, 47,
	75, 26, 223, 239, 253, 10, 98, 140, 57, 35, 76, 181, 122, 18, 216, 94, 203, 215, 113, 49, 226, 128, 35, 40, 189, 8,
	198, 12, 67, 53, 85, 173, 193, 27, 33, 183, 59, 61, 2, 136, 61, 217, 229, 38, 171, 104, 197, 62, 45, 161, 63, 58, 33,
	233, 183, 19, 94, 167, 168, 34, 10, 11, 22, 240, 123, 54, 14, 252, 254, 246, 27, 132, 162, 19, 9, 127, 131, 51, 117,
	41, 28, 228, 146, 201, 209, 83, 222, 24, 63, 126, 204, 100, 124, 196, 4, 71, 95, 1, 168, 12, 251, 86, 15, 113, 90, 35,
	103, 186, 105, 96, 36, 235, 36, 139, 107, 132, 27, 50, 57, 129, 208, 87, 67, 83, 223, 113, 76, 16, 108, 125, 13, 16,
	239, 88, 156, 29, 86, 155, 23, 247, 34, 90, 17, 60, 174, 182, 184, 120, 233, 212, 83, 164, 106, 166, 23, 27, 152, 109,
	170, 164, 161, 253, 193, 42, 32, 95, 191, 155, 208, 27, 173, 208, 221, 246, 234, 80, 38, 183, 112, 245, 155, 66, 57,
	15, 76, 181, 94, 124, 196, 6, 154, 230, 170, 109, 52, 190, 201, 13, 92, 36, 201, 57, 41, 123, 118, 159, 193, 27, 141,
	37, 125, 154, 138, 111, 25, 232, 66, 26, 146, 158, 175, 227, 81, 45, 162, 194, 61, 201, 141, 40, 23, 93, 151, 226, 106,
	161, 49, 18, 219, 217, 185, 53, 78, 195, 96, 179, 180, 197, 77, 162, 34, 4, 207, 5, 21, 197, 209, 172, 27, 20, 168,
	181, 46, 92, 195, 42, 193, 18, 210, 117, 188, 13, 124, 3, 210, 61, 85, 76, 183, 215, 59, 214, 20, 119, 173, 88, 155,
	216, 113, 115, 170, 133, 175, 85, 45, 173, 188, 135, 98, 121, 191, 69, 3, 211, 17, 129, 210, 153, 54, 54, 93, 51, 197,
	103, 154, 215, 157, 118, 71, 169, 167, 169, 255, 239, 191, 28, 130, 200, 252, 11, 67, 16, 153, 231, 231, 244, 225, 5,
	254, 60, 133, 198, 58, 105, 157, 140, 63, 239, 242, 155, 50, 35, 98, 236, 10, 232, 118, 251, 77, 83, 202, 47, 7, 32,
	126, 230, 31, 2, 255, 214, 0, 196, 207, 252, 67, 224, 31, 15, 64, 220, 127, 24, 128, 120, 80, 87, 245, 94, 173, 186,
	109, 156, 184, 197, 124, 2, 95, 106, 220, 203, 239, 23, 157, 243, 162, 246, 95, 13, 64, 252, 128, 8, 224, 223, 26, 128,
	248, 65, 52, 192, 15, 3, 16, 239, 95, 102, 144, 9, 193, 103, 60, 158, 240, 141, 79, 125, 68, 109, 56, 25, 101, 89, 138,
	17, 239, 65, 70, 177, 182, 126, 146, 99, 53, 120, 196, 121, 65, 192, 143, 147, 83, 163, 109, 241, 114, 134, 146, 27,
	146, 17, 112, 25, 59, 114, 210, 203, 64, 82, 85, 181, 174, 83, 209, 18, 239, 65, 66, 101, 250, 158, 40, 212, 120, 8,
	85, 34, 74, 243, 94, 248, 97, 41, 120, 9, 145, 44, 70, 51, 72, 138, 232, 163, 94, 15, 235, 6, 84, 182, 206, 20, 36,
	168, 191, 21, 222, 253, 74, 69, 128, 102, 199, 143, 231, 20, 197, 176, 169, 105, 189, 120, 51, 52, 240, 73, 122, 7,
	111, 118, 87, 99, 117, 202, 63, 24, 224, 241, 251, 201, 160, 4, 248, 49, 193, 99, 137, 177, 51, 234, 143, 123, 219,
	211, 153, 254, 78, 229, 226, 133, 219, 99, 176, 67, 14, 31, 252, 225, 100, 192, 31, 41, 38, 240, 1, 119, 79, 138, 90,
	67, 67, 92, 165, 41, 233, 79, 36, 237, 98, 184, 210, 238, 212, 174, 150, 234, 35, 121, 5, 107, 20, 144, 190, 228, 244,
	166, 110, 159, 239, 23, 111, 183, 61, 59, 119, 181, 20, 211, 170, 215, 92, 37, 217, 163, 81, 22, 148, 64, 75, 127, 87,
	0, 85, 178, 20, 124, 24, 153, 154, 149, 151, 166, 170, 152, 119, 87, 190, 56, 153, 76, 34, 169, 222, 74, 179, 187, 20,
	100, 154, 117, 229, 147, 23, 168, 23, 163, 183, 161, 125, 137, 229, 2, 127, 145, 248, 36, 210, 15, 143, 34, 21, 231,
	104, 200, 63, 179, 94, 231, 132, 227, 223, 108, 150, 135, 191, 152, 45, 240, 95, 96, 114, 243, 131, 47, 247, 219, 79,
	54, 234, 39, 224, 6, 215, 67, 137, 187, 48, 232, 53, 78, 22, 26, 186, 129, 31, 191, 43, 147, 66, 254, 102, 80, 169, 93,
	178, 230, 55, 46, 245, 201, 136, 139, 159, 49, 74, 95, 39, 27, 25, 27, 127, 80, 225, 119, 86, 205, 214, 39, 141, 252,
	193, 212, 204, 67, 252, 106, 110, 247, 175, 102, 246, 105, 30, 251, 228, 239, 127, 18, 59, 251, 98, 102, 159, 225, 163,
	199, 143, 2, 104, 191, 49, 51, 253, 87, 2, 104, 110, 212, 212, 14, 16, 183, 39, 249, 191, 179, 145, 74, 87, 223, 217,
	175, 229, 58, 159, 57, 227, 223, 152, 193, 105, 228, 234, 55, 22, 241, 123, 229, 196, 63, 102, 216, 129, 31, 83, 236,
	219, 43, 24, 35, 228, 88, 164, 204, 105, 59, 148, 173, 224, 230, 162, 80, 105, 19, 54, 67, 181, 175, 133, 44, 4, 14,
	111, 234, 196, 114, 127, 210, 19, 191, 57, 123, 47, 19, 92, 203, 237, 98, 34, 131, 8, 38, 7, 141, 13, 116, 109, 65, 86,
	205, 156, 117, 43, 92, 164, 211, 96, 79, 183, 200, 44, 239, 190, 155, 164, 149, 79, 78, 36, 183, 189, 220, 27, 46, 188,
	236, 78, 36, 202, 49, 67, 159, 20, 2, 130, 87, 237, 254, 86, 218, 121, 52, 11, 45, 186, 236, 71, 227, 10, 131, 179, 50,
	157, 11, 16, 106, 163, 77, 66, 135, 75, 186, 224, 63, 117, 113, 59, 209, 243, 97, 142, 161, 195, 62, 159, 181, 178, 75,
	142, 92, 103, 39, 115, 80, 54, 48, 119, 205, 16, 62, 40, 240, 253, 130, 121, 228, 36, 93, 93, 182, 240, 229, 160, 233,
	248, 204, 176, 47, 90, 56, 23, 111, 1, 249, 109, 193, 243, 22, 125, 72, 252, 155, 106, 109, 179, 93, 68, 68, 80, 130,
	112, 121, 217, 55, 125, 176, 87, 223, 66, 192, 181, 121, 233, 107, 236, 221, 99, 230, 226, 86, 43, 129, 221, 23, 254,
	250, 255, 83, 247, 29, 203, 142, 106, 203, 182, 125, 190, 226, 246, 137, 23, 66, 24, 129, 154, 120, 15, 194, 155, 30,
	78, 120, 39, 64, 152, 175, 127, 172, 218, 229, 119, 213, 54, 231, 158, 120, 17, 175, 81, 177, 42, 88, 4, 107, 78, 137,
	204, 28, 153, 51, 115, 140, 109, 73, 149, 76, 186, 46, 242, 77, 171, 248, 215, 194, 133, 207, 132, 232, 1, 197, 246,
	208, 198, 13, 34, 34, 150, 2, 11, 79, 44, 141, 40, 136, 9, 188, 42, 185, 206, 107, 96, 37, 86, 115, 11, 34, 150, 228,
	136, 147, 99, 234, 69, 176, 222, 200, 198, 200, 149, 59, 120, 113, 33, 2, 215, 7, 178, 184, 18, 108, 171, 185, 70, 142,
	171, 201, 5, 48, 193, 227, 237, 189, 238, 74, 54, 241, 179, 190, 165, 134, 207, 43, 1, 3, 205, 50, 66, 191, 111, 241,
	107, 59, 234, 9, 153, 182, 43, 211, 27, 97, 236, 143, 62, 54, 195, 122, 157, 86, 232, 120, 93, 220, 210, 90, 234, 209,
	146, 215, 205, 187, 4, 204, 139, 126, 80, 25, 32, 123, 104, 44, 144, 251, 187, 194, 116, 233, 149, 46, 247, 30, 67,
	139, 189, 175, 67, 92, 3, 175, 235, 246, 122, 113, 239, 19, 194, 212, 135, 23, 207, 36, 200, 109, 187, 193, 193, 83,
	187, 188, 231, 155, 130, 19, 166, 112, 58, 25, 197, 87, 153, 234, 198, 52, 90, 68, 69, 0, 90, 111, 87, 193, 23, 10,
	221, 46, 236, 140, 101, 212, 28, 123, 248, 244, 112, 75, 61, 20, 148, 49, 221, 207, 45, 221, 20, 167, 250, 169, 217,
	229, 112, 149, 187, 247, 46, 190, 99, 233, 157, 159, 160, 191, 73, 111, 165, 88, 78, 120, 71, 79, 96, 186, 14, 232,
	186, 38, 128, 190, 73, 186, 169, 69, 157, 253, 34, 219, 253, 241, 8, 249, 33, 51, 35, 253, 245, 174, 156, 128, 135,
	154, 144, 243, 164, 158, 96, 72, 144, 89, 72, 167, 89, 143, 238, 161, 223, 12, 168, 140, 83, 140, 45, 239, 194, 150,
	101, 67, 3, 119, 196, 208, 165, 221, 156, 222, 113, 128, 240, 135, 134, 203, 204, 194, 109, 157, 31, 185, 104, 254,
	197, 188, 202, 143, 197, 20, 81, 96, 43, 245, 184, 98, 12, 115, 25, 140, 245, 116, 245, 171, 27, 238, 28, 68, 166, 103,
	38, 241, 219, 170, 57, 105, 135, 150, 114, 173, 202, 101, 62, 221, 167, 114, 193, 155, 30, 192, 38, 157, 180, 24, 136,
	205, 46, 125, 165, 32, 175, 89, 155, 199, 243, 157, 70, 96, 108, 192, 27, 255, 90, 62, 246, 35, 217, 251, 164, 104,
	230, 17, 69, 31, 182, 19, 63, 94, 43, 62, 231, 182, 241, 126, 52, 210, 61, 124, 35, 69, 226, 192, 243, 180, 16, 224,
	249, 105, 3, 215, 204, 124, 82, 56, 228, 186, 82, 10, 237, 211, 107, 182, 241, 241, 22, 10, 209, 51, 143, 75, 214, 116,
	26, 181, 242, 192, 242, 180, 39, 21, 74, 116, 7, 174, 109, 26, 91, 148, 145, 215, 203, 82, 216, 19, 110, 153, 159, 205,
	117, 236, 52, 36, 187, 195, 173, 8, 145, 0, 51, 65, 49, 152, 235, 72, 213, 83, 1, 83, 38, 23, 231, 189, 56, 253, 52,
	100, 97, 210, 121, 133, 54, 98, 154, 47, 28, 210, 68, 61, 82, 48, 162, 164, 187, 132, 232, 88, 239, 196, 72, 7, 221,
	103, 166, 128, 176, 19, 204, 113, 169, 249, 182, 18, 142, 73, 132, 59, 176, 83, 226, 138, 183, 160, 198, 90, 147, 216,
	165, 182, 243, 70, 41, 142, 147, 70, 209, 212, 250, 245, 246, 178, 58, 20, 196, 223, 30, 170, 184, 143, 57, 154, 51,
	73, 137, 125, 230, 56, 96, 25, 185, 45, 252, 124, 217, 152, 160, 159, 115, 209, 45, 27, 99, 234, 20, 210, 7, 18, 20,
	55, 180, 155, 234, 60, 164, 242, 196, 249, 235, 64, 185, 75, 102, 57, 237, 230, 19, 207, 106, 39, 136, 46, 12, 208, 43,
	135, 167, 254, 206, 48, 161, 225, 46, 24, 167, 196, 253, 154, 131, 142, 26, 101, 78, 171, 110, 227, 13, 247, 11, 233,
	226, 24, 35, 41, 244, 64, 85, 72, 229, 77, 172, 212, 217, 191, 243, 13, 65, 199, 44, 31, 160, 124, 21, 242, 254, 46,
	245, 143, 244, 34, 109, 133, 218, 141, 87, 149, 127, 201, 34, 81, 228, 97, 19, 227, 28, 56, 89, 13, 219, 142, 250, 205,
	242, 234, 62, 10, 46, 62, 230, 130, 51, 37, 134, 53, 16, 111, 99, 206, 168, 142, 24, 76, 55, 178, 191, 51, 7, 206, 87,
	217, 187, 122, 8, 220, 117, 190, 228, 170, 169, 218, 10, 223, 22, 226, 139, 209, 241, 92, 58, 78, 212, 178, 20, 85,
	229, 114, 9, 124, 153, 167, 247, 147, 205, 10, 189, 122, 136, 160, 155, 227, 38, 11, 110, 192, 158, 203, 18, 37, 5,
	125, 164, 186, 202, 66, 71, 210, 114, 15, 14, 229, 202, 184, 151, 97, 148, 150, 34, 223, 235, 198, 230, 61, 144, 78,
	65, 23, 111, 24, 75, 142, 239, 243, 171, 220, 105, 126, 15, 74, 254, 116, 221, 244, 174, 180, 182, 237, 19, 85, 245,
	44, 184, 14, 48, 77, 130, 187, 44, 122, 137, 227, 122, 63, 93, 180, 123, 117, 174, 71, 216, 197, 231, 9, 150, 161, 133,
	100, 161, 180, 34, 73, 204, 210, 208, 225, 99, 206, 146, 2, 101, 112, 141, 175, 107, 209, 173, 208, 223, 204, 174, 126,
	4, 97, 118, 155, 179, 46, 205, 210, 255, 113, 163, 166, 76, 255, 168, 151, 255, 38, 28, 255, 139, 192, 236, 125, 4,
	102, 72, 254, 26, 152, 237, 187, 248, 170, 78, 79, 187, 51, 122, 102, 31, 102, 16, 150, 218, 25, 232, 126, 169, 32, 46,
	252, 171, 192, 44, 125, 228, 62, 159, 3, 179, 192, 125, 10, 204, 92, 38, 152, 205, 9, 154, 63, 228, 8, 189, 192, 219,
	134, 47, 72, 20, 248, 92, 215, 250, 202, 29, 126, 6, 228, 227, 199, 66, 89, 190, 157, 80, 105, 251, 174, 80, 38, 252,
	12, 231, 191, 44, 6, 248, 223, 174, 230, 203, 98, 62, 132, 132, 128, 127, 40, 144, 56, 208, 70, 210, 179, 171, 124, 70,
	47, 234, 252, 224, 48, 134, 235, 134, 99, 10, 249, 60, 181, 111, 61, 184, 168, 40, 41, 188, 38, 160, 244, 250, 156, 65,
	223, 220, 36, 77, 39, 226, 31, 249, 173, 41, 249, 107, 194, 115, 11, 116, 225, 59, 150, 210, 246, 23, 190, 68, 31, 52,
	185, 1, 187, 182, 221, 110, 81, 217, 196, 201, 216, 32, 66, 74, 1, 63, 134, 88, 20, 149, 183, 53, 61, 248, 7, 44, 111,
	28, 96, 190, 193, 49, 132, 105, 40, 69, 176, 81, 56, 214, 232, 4, 11, 236, 195, 72, 136, 194, 128, 89, 136, 186, 195,
	244, 59, 29, 57, 237, 190, 163, 135, 73, 184, 16, 230, 145, 54, 134, 17, 81, 63, 232, 240, 113, 3, 197, 251, 108, 39,
	249, 21, 185, 225, 47, 132, 182, 23, 32, 115, 188, 174, 136, 3, 174, 212, 110, 226, 9, 250, 137, 6, 54, 59, 58, 109,
	47, 94, 225, 112, 197, 91, 149, 132, 101, 11, 206, 47, 192, 36, 144, 180, 158, 132, 224, 137, 81, 228, 149, 219, 222,
	59, 243, 226, 166, 129, 30, 171, 228, 178, 74, 194, 134, 238, 188, 171, 154, 0, 118, 111, 15, 133, 198, 224, 211, 13,
	86, 72, 135, 141, 37, 217, 245, 68, 158, 201, 103, 62, 170, 177, 250, 179, 76, 160, 243, 79, 174, 149, 249, 0, 5, 130,
	198, 172, 67, 202, 238, 196, 48, 63, 205, 23, 118, 185, 52, 195, 235, 90, 251, 75, 64, 35, 79, 231, 185, 228, 2, 0,
	181, 242, 181, 177, 187, 138, 184, 112, 51, 179, 98, 77, 33, 14, 149, 171, 122, 228, 188, 208, 153, 133, 92, 5, 105,
	76, 40, 154, 67, 204, 82, 194, 253, 245, 144, 88, 176, 151, 100, 186, 45, 156, 231, 81, 216, 36, 177, 215, 36, 163,
	213, 142, 91, 43, 61, 42, 155, 64, 214, 224, 19, 55, 41, 135, 188, 132, 37, 92, 190, 98, 207, 19, 13, 201, 233, 199,
	220, 152, 5, 10, 82, 249, 68, 124, 90, 224, 160, 154, 178, 63, 136, 118, 182, 56, 27, 66, 105, 47, 248, 233, 58, 49,
	79, 138, 36, 75, 205, 66, 47, 14, 3, 117, 177, 23, 230, 13, 80, 16, 47, 188, 224, 177, 241, 251, 55, 126, 92, 233, 189,
	109, 172, 247, 138, 182, 55, 143, 70, 174, 170, 84, 110, 90, 39, 98, 207, 186, 102, 47, 86, 219, 217, 66, 87, 83, 238,
	51, 110, 148, 218, 115, 208, 43, 63, 109, 176, 27, 184, 169, 247, 188, 93, 86, 174, 153, 11, 192, 227, 9, 216, 161, 88,
	5, 150, 215, 87, 99, 6, 17, 83, 16, 226, 97, 7, 80, 104, 82, 101, 56, 123, 164, 191, 25, 185, 191, 67, 106, 47, 228,
	114, 164, 5, 211, 21, 108, 222, 242, 93, 146, 169, 240, 65, 116, 237, 253, 21, 94, 64, 145, 112, 110, 77, 228, 12, 22,
	160, 173, 254, 184, 21, 145, 6, 77, 86, 8, 5, 226, 75, 199, 251, 107, 250, 76, 77, 199, 173, 142, 157, 124, 166, 152,
	98, 48, 207, 191, 152, 70, 133, 125, 227, 134, 157, 72, 156, 121, 38, 22, 128, 8, 88, 68, 133, 68, 166, 73, 47, 4, 53,
	141, 127, 78, 111, 26, 252, 185, 255, 7, 248, 170, 36, 196, 68, 90, 67, 108, 52, 231, 25, 131, 134, 77, 173, 162, 197,
	248, 171, 112, 7, 133, 159, 34, 254, 157, 62, 231, 119, 45, 216, 92, 55, 158, 113, 71, 92, 34, 92, 93, 74, 236, 134,
	168, 204, 117, 162, 17, 82, 191, 129, 207, 132, 116, 76, 32, 26, 136, 198, 94, 217, 33, 209, 31, 13, 163, 11, 163, 215,
	29, 137, 21, 191, 41, 161, 28, 169, 187, 25, 42, 201, 32, 136, 125, 197, 99, 227, 252, 34, 58, 243, 114, 248, 14, 73,
	179, 151, 77, 23, 200, 88, 158, 54, 203, 112, 169, 36, 100, 139, 215, 38, 220, 19, 21, 136, 220, 23, 156, 248, 21, 212,
	8, 176, 73, 163, 248, 84, 115, 150, 254, 230, 193, 194, 150, 223, 68, 202, 219, 247, 36, 124, 161, 134, 145, 21, 71,
	40, 212, 15, 233, 149, 183, 135, 136, 37, 183, 105, 188, 122, 157, 152, 73, 108, 171, 250, 72, 185, 29, 204, 118, 161,
	76, 20, 72, 55, 81, 103, 47, 118, 202, 13, 214, 197, 130, 83, 60, 225, 116, 110, 127, 209, 56, 113, 20, 154, 34, 145,
	216, 74, 34, 180, 239, 189, 7, 116, 241, 221, 82, 68, 60, 69, 1, 95, 60, 126, 187, 202, 98, 98, 157, 239, 242, 114, 17,
	16, 162, 186, 211, 130, 244, 58, 19, 91, 16, 111, 166, 17, 148, 179, 135, 233, 83, 250, 142, 117, 100, 83, 154, 29,
	120, 65, 141, 19, 238, 206, 112, 117, 77, 35, 228, 49, 63, 227, 11, 235, 35, 52, 65, 91, 205, 43, 125, 220, 122, 102,
	31, 192, 6, 73, 134, 136, 121, 155, 178, 5, 94, 151, 170, 193, 40, 221, 3, 56, 100, 226, 31, 149, 50, 111, 120, 74,
	191, 133, 168, 130, 121, 7, 149, 143, 252, 234, 88, 172, 206, 180, 196, 162, 81, 26, 137, 90, 115, 199, 240, 87, 217,
	176, 201, 64, 188, 246, 187, 27, 118, 18, 7, 146, 4, 242, 142, 167, 44, 130, 94, 30, 213, 150, 47, 107, 45, 1, 126,
	240, 244, 247, 16, 25, 190, 35, 249, 219, 163, 118, 200, 195, 121, 9, 244, 213, 116, 215, 178, 211, 103, 244, 130, 169,
	37, 68, 34, 15, 122, 181, 34, 114, 89, 103, 90, 184, 65, 218, 107, 15, 119, 120, 218, 193, 233, 166, 51, 30, 9, 211,
	155, 121, 231, 157, 76, 79, 0, 94, 221, 181, 22, 69, 38, 43, 155, 175, 142, 230, 169, 50, 215, 201, 41, 99, 71, 21, 57,
	21, 227, 134, 143, 60, 232, 11, 23, 211, 1, 87, 42, 27, 193, 93, 91, 164, 58, 86, 192, 119, 187, 37, 237, 60, 28, 187,
	204, 210, 176, 248, 120, 105, 117, 72, 74, 86, 9, 164, 213, 225, 40, 225, 107, 166, 36, 116, 166, 90, 209, 208, 174,
	98, 82, 248, 98, 44, 129, 190, 186, 85, 194, 164, 129, 91, 229, 133, 147, 34, 248, 177, 250, 172, 228, 168, 60, 243, 4,
	173, 145, 113, 164, 11, 159, 105, 221, 72, 47, 31, 188, 135, 22, 189, 239, 9, 251, 2, 210, 162, 128, 187, 107, 180,
	253, 157, 228, 114, 153, 119, 209, 151, 35, 173, 127, 205, 183, 194, 123, 7, 77, 83, 236, 119, 10, 31, 234, 107, 224,
	209, 110, 115, 13, 85, 235, 193, 144, 138, 19, 187, 26, 22, 246, 151, 61, 117, 94, 245, 147, 194, 135, 217, 136, 27,
	91, 145, 198, 151, 163, 91, 218, 49, 251, 200, 187, 98, 241, 7, 101, 193, 193, 38, 42, 213, 127, 97, 237, 182, 63, 5,
	213, 146, 132, 116, 134, 133, 62, 4, 3, 245, 63, 232, 192, 15, 237, 7, 138, 148, 15, 122, 239, 63, 26, 202, 186, 248,
	15, 105, 248, 63, 8, 90, 190, 177, 52, 172, 31, 60, 226, 58, 163, 238, 106, 149, 254, 193, 45, 254, 211, 53, 64, 229,
	126, 150, 231, 9, 45, 213, 20, 63, 170, 40, 159, 115, 235, 134, 141, 248, 102, 206, 188, 59, 20, 157, 95, 148, 192,
	144, 209, 103, 2, 5, 149, 253, 68, 103, 42, 230, 26, 243, 209, 132, 27, 28, 128, 122, 254, 231, 211, 210, 143, 96, 227,
	109, 210, 255, 90, 5, 248, 114, 216, 12, 99, 197, 119, 231, 101, 127, 169, 11, 8, 252, 36, 12, 168, 241, 76, 211, 240,
	77, 187, 221, 90, 195, 99, 250, 253, 131, 28, 131, 200, 239, 15, 78, 183, 226, 132, 209, 9, 207, 69, 17, 31, 150, 247,
	202, 232, 64, 122, 95, 16, 205, 187, 79, 250, 188, 35, 179, 121, 122, 105, 96, 154, 219, 99, 191, 7, 190, 211, 137, 61,
	140, 98, 122, 215, 143, 48, 125, 105, 179, 66, 26, 180, 116, 70, 75, 217, 61, 172, 233, 46, 158, 118, 72, 98, 163, 111,
	85, 117, 19, 36, 189, 119, 87, 233, 146, 154, 187, 93, 187, 205, 106, 28, 41, 186, 145, 42, 218, 126, 0, 178, 70, 218,
	68, 189, 233, 100, 221, 22, 46, 75, 103, 216, 226, 112, 61, 13, 179, 251, 3, 12, 98, 141, 121, 149, 197, 200, 210, 212,
	13, 137, 232, 199, 34, 222, 221, 245, 104, 175, 102, 100, 50, 75, 239, 191, 104, 200, 18, 183, 181, 151, 57, 232, 45,
	185, 105, 67, 17, 128, 228, 191, 164, 130, 91, 149, 151, 118, 165, 237, 242, 221, 229, 163, 88, 151, 201, 98, 76, 51,
	179, 136, 248, 208, 218, 202, 92, 14, 143, 198, 246, 90, 19, 127, 74, 213, 173, 135, 202, 140, 193, 188, 101, 216, 42,
	40, 90, 214, 133, 132, 188, 55, 33, 216, 168, 60, 93, 111, 128, 159, 242, 160, 73, 7, 187, 252, 20, 182, 187, 119, 168,
	207, 92, 44, 104, 236, 254, 30, 24, 16, 236, 220, 71, 121, 32, 240, 160, 8, 91, 192, 15, 207, 226, 97, 39, 8, 207, 7,
	61, 84, 51, 156, 19, 140, 234, 186, 35, 186, 131, 230, 181, 199, 27, 43, 55, 121, 35, 128, 106, 129, 60, 212, 204, 51,
	123, 196, 87, 74, 216, 6, 22, 181, 8, 40, 229, 59, 106, 34, 78, 44, 83, 145, 35, 151, 225, 122, 203, 159, 9, 193, 110,
	163, 55, 132, 32, 180, 153, 141, 221, 46, 177, 220, 118, 121, 73, 99, 168, 85, 20, 149, 33, 193, 33, 246, 89, 5, 172,
	131, 204, 199, 239, 102, 61, 19, 53, 161, 192, 156, 120, 19, 198, 187, 250, 124, 56, 208, 226, 133, 23, 28, 19, 113,
	193, 191, 102, 84, 144, 14, 29, 67, 61, 143, 53, 238, 67, 5, 63, 136, 156, 184, 78, 158, 77, 247, 151, 171, 107, 15,
	112, 147, 96, 97, 43, 246, 18, 208, 248, 201, 222, 246, 31, 197, 122, 227, 214, 224, 136, 163, 224, 184, 31, 75, 75,
	185, 119, 215, 89, 154, 26, 247, 154, 92, 152, 204, 21, 69, 58, 172, 5, 137, 190, 214, 146, 183, 180, 162, 215, 198,
	209, 124, 133, 108, 111, 241, 179, 154, 191, 143, 219, 19, 171, 169, 84, 4, 170, 35, 198, 148, 212, 231, 96, 240, 54,
	22, 142, 75, 129, 19, 116, 51, 99, 174, 199, 170, 80, 109, 49, 202, 199, 105, 29, 43, 214, 138, 222, 200, 110, 107,
	208, 96, 148, 89, 164, 76, 85, 38, 218, 196, 35, 70, 64, 185, 224, 174, 157, 46, 113, 13, 164, 166, 195, 5, 184, 216,
	212, 12, 167, 71, 17, 45, 2, 225, 127, 9, 231, 168, 72, 241, 31, 24, 223, 12, 254, 21, 17, 57, 240, 67, 3, 54, 85, 10,
	238, 66, 45, 41, 136, 214, 154, 189, 233, 9, 214, 63, 175, 139, 80, 102, 62, 250, 250, 211, 108, 206, 47, 238, 5, 190,
	222, 204, 26, 95, 88, 203, 239, 42, 51, 173, 186, 241, 149, 181, 252, 83, 115, 251, 15, 172, 229, 165, 214, 127, 144,
	150, 39, 71, 255, 86, 144, 15, 218, 242, 100, 9, 78, 143, 3, 124, 118, 57, 75, 216, 137, 239, 192, 119, 161, 79, 253,
	171, 188, 123, 40, 7, 53, 255, 113, 130, 71, 176, 97, 69, 213, 42, 13, 230, 74, 68, 190, 138, 178, 233, 191, 176, 159,
	7, 136, 52, 253, 193, 126, 254, 135, 67, 0, 148, 54, 220, 21, 248, 219, 133, 228, 195, 143, 241, 90, 113, 222, 180,
	199, 231, 170, 250, 143, 135, 4, 193, 43, 18, 76, 40, 97, 206, 149, 192, 231, 117, 26, 171, 191, 115, 75, 159, 26, 109,
	63, 158, 1, 252, 230, 33, 191, 29, 61, 106, 148, 50, 179, 47, 76, 213, 24, 121, 137, 17, 215, 222, 120, 38, 137, 155,
	186, 4, 169, 139, 51, 160, 247, 77, 26, 49, 249, 219, 177, 68, 197, 234, 17, 229, 22, 207, 233, 227, 53, 39, 143, 152,
	237, 47, 139, 105, 187, 230, 227, 209, 135, 100, 76, 22, 215, 103, 88, 7, 146, 186, 87, 5, 99, 89, 254, 153, 29, 25, 2,
	56, 212, 46, 22, 225, 126, 250, 234, 54, 113, 123, 0, 54, 111, 242, 130, 187, 11, 232, 181, 203, 140, 153, 143, 71,
	225, 214, 150, 41, 252, 16, 212, 122, 205, 23, 8, 239, 84, 132, 188, 153, 93, 30, 205, 57, 157, 218, 217, 235, 126, 24,
	189, 44, 9, 59, 69, 14, 15, 45, 211, 114, 41, 63, 99, 53, 197, 171, 160, 201, 141, 0, 62, 18, 247, 245, 122, 38, 88,
	87, 226, 200, 236, 157, 31, 5, 141, 171, 197, 53, 159, 59, 233, 224, 118, 29, 164, 96, 191, 201, 36, 81, 59, 225, 58,
	121, 67, 215, 19, 41, 129, 83, 209, 37, 84, 67, 194, 9, 182, 212, 88, 101, 130, 173, 19, 236, 33, 195, 52, 8, 128, 198,
	86, 12, 22, 91, 231, 194, 247, 49, 234, 111, 131, 12, 109, 126, 230, 15, 190, 120, 230, 207, 62, 172, 241, 149, 187,
	133, 122, 31, 163, 106, 157, 150, 61, 156, 104, 188, 36, 36, 224, 45, 124, 221, 157, 162, 72, 118, 45, 172, 114, 185,
	123, 179, 246, 120, 103, 219, 20, 32, 92, 51, 0, 61, 250, 13, 23, 101, 173, 236, 5, 135, 8, 99, 94, 138, 97, 74, 28,
	239, 238, 178, 215, 215, 252, 177, 213, 6, 102, 183, 232, 182, 189, 223, 35, 164, 203, 173, 30, 202, 68, 3, 22, 207,
	112, 187, 157, 65, 167, 121, 226, 89, 5, 229, 137, 55, 91, 22, 112, 163, 223, 11, 118, 8, 241, 146, 155, 103, 6, 87,
	157, 145, 247, 242, 126, 70, 73, 121, 95, 133, 192, 126, 182, 18, 68, 222, 34, 202, 109, 235, 110, 248, 224, 248, 126,
	203, 137, 130, 213, 107, 227, 85, 119, 189, 125, 175, 152, 56, 32, 98, 238, 73, 82, 77, 84, 86, 20, 0, 115, 179, 32,
	135, 122, 67, 180, 245, 121, 151, 230, 54, 40, 44, 251, 226, 89, 42, 211, 46, 112, 218, 69, 85, 237, 87, 149, 126, 189,
	138, 90, 124, 23, 47, 113, 204, 114, 17, 212, 233, 229, 192, 241, 201, 197, 134, 149, 11, 221, 39, 72, 162, 135, 209,
	94, 156, 40, 197, 2, 34, 31, 59, 95, 236, 67, 16, 170, 164, 203, 111, 158, 186, 173, 74, 205, 169, 87, 137, 140, 169,
	99, 186, 32, 124, 205, 12, 111, 168, 61, 102, 29, 60, 113, 107, 124, 43, 141, 43, 172, 144, 236, 208, 74, 142, 185, 34,
	53, 121, 230, 89, 171, 123, 191, 41, 250, 67, 75, 51, 128, 69, 119, 138, 219, 114, 255, 180, 163, 45, 221, 200, 219,
	149, 119, 176, 213, 202, 38, 119, 95, 27, 247, 1, 150, 112, 13, 202, 129, 221, 100, 175, 234, 42, 87, 10, 244, 151,
	117, 138, 172, 253, 169, 141, 135, 255, 37, 147, 214, 223, 50, 171, 127, 234, 214, 235, 246, 47, 216, 71, 86, 159, 126,
	29, 228, 219, 228, 233, 136, 7, 255, 186, 26, 209, 253, 148, 255, 75, 103, 254, 111, 3, 95, 155, 97, 54, 85, 14, 189,
	235, 231, 166, 25, 74, 177, 108, 182, 81, 105, 245, 203, 81, 95, 18, 58, 215, 107, 200, 23, 123, 240, 137, 35, 75, 235,
	227, 246, 62, 197, 112, 58, 132, 190, 154, 219, 167, 169, 71, 190, 217, 0, 33, 243, 13, 40, 125, 232, 42, 127, 123,
	224, 15, 93, 56, 194, 23, 166, 42, 157, 33, 63, 53, 223, 157, 120, 231, 219, 241, 194, 241, 199, 53, 224, 203, 197, 51,
	201, 252, 9, 3, 53, 186, 106, 170, 43, 107, 124, 238, 249, 89, 135, 38, 118, 63, 245, 13, 229, 14, 59, 75, 170, 229,
	172, 226, 231, 179, 7, 118, 219, 26, 219, 119, 107, 32, 18, 164, 226, 131, 145, 42, 128, 139, 79, 244, 94, 33, 220, 52,
	201, 78, 169, 39, 196, 251, 112, 141, 181, 106, 174, 43, 255, 245, 56, 79, 251, 246, 192, 111, 180, 122, 179, 200, 38,
	159, 120, 161, 128, 191, 34, 134, 250, 158, 23, 170, 134, 22, 252, 230, 69, 50, 62, 92, 227, 171, 109, 217, 16, 53,
	101, 43, 152, 101, 11, 111, 28, 79, 88, 67, 35, 197, 214, 0, 165, 227, 174, 87, 108, 202, 183, 26, 26, 222, 74, 216,
	159, 217, 39, 34, 134, 131, 167, 185, 175, 35, 125, 157, 1, 58, 124, 93, 234, 107, 168, 12, 110, 205, 247, 161, 10,
	201, 41, 228, 105, 130, 171, 19, 61, 15, 109, 88, 168, 191, 204, 218, 117, 234, 23, 248, 16, 168, 43, 144, 168, 240,
	91, 190, 77, 110, 91, 169, 196, 248, 210, 149, 113, 186, 50, 151, 167, 63, 38, 143, 203, 124, 108, 44, 222, 168, 152,
	174, 22, 177, 45, 66, 228, 152, 226, 250, 251, 65, 178, 83, 172, 195, 161, 34, 190, 67, 187, 109, 131, 233, 157, 61,
	140, 152, 220, 51, 94, 240, 0, 198, 189, 48, 224, 40, 145, 117, 113, 77, 56, 48, 92, 31, 149, 223, 245, 175, 39, 29,
	44, 242, 107, 96, 10, 117, 182, 235, 107, 12, 246, 76, 244, 236, 111, 46, 95, 114, 113, 26, 239, 10, 116, 134, 151,
	225, 124, 247, 231, 202, 141, 70, 203, 131, 76, 149, 80, 132, 194, 0, 110, 204, 104, 65, 69, 234, 97, 182, 19, 25, 212,
	10, 86, 214, 105, 125, 233, 157, 70, 69, 141, 74, 53, 176, 58, 18, 153, 15, 216, 162, 71, 225, 90, 113, 73, 90, 193,
	132, 112, 16, 141, 43, 102, 87, 134, 232, 23, 54, 125, 40, 60, 242, 74, 83, 34, 17, 95, 2, 80, 24, 191, 79, 197, 65,
	144, 208, 138, 225, 182, 162, 119, 120, 88, 158, 236, 233, 226, 8, 240, 242, 160, 16, 121, 235, 127, 89, 103, 7, 254,
	138, 24, 234, 151, 188, 80, 92, 119, 33, 250, 227, 90, 32, 215, 237, 17, 233, 79, 254, 250, 54, 225, 119, 101, 119,
	252, 4, 3, 239, 112, 25, 130, 236, 157, 113, 229, 6, 61, 66, 188, 77, 211, 151, 191, 140, 25, 97, 20, 207, 238, 17, 10,
	47, 204, 71, 210, 199, 112, 108, 7, 38, 79, 49, 123, 230, 14, 165, 120, 137, 236, 55, 55, 23, 206, 187, 63, 124, 62,
	58, 29, 153, 123, 35, 48, 28, 69, 12, 64, 75, 212, 128, 17, 38, 210, 45, 14, 173, 220, 26, 8, 121, 161, 15, 118, 97,
	140, 113, 100, 47, 100, 101, 109, 137, 122, 59, 131, 104, 32, 146, 107, 195, 227, 45, 147, 63, 95, 49, 107, 25, 166,
	249, 60, 161, 253, 91, 30, 247, 11, 210, 236, 217, 24, 164, 15, 151, 24, 1, 80, 125, 149, 23, 187, 69, 76, 188, 123,
	61, 103, 130, 21, 111, 151, 91, 71, 6, 194, 237, 57, 87, 53, 74, 145, 115, 18, 78, 116, 197, 246, 71, 190, 63, 15, 92,
	173, 180, 128, 162, 42, 239, 96, 53, 100, 161, 20, 148, 46, 12, 86, 230, 110, 105, 141, 86, 89, 89, 0, 14, 1, 81, 111,
	184, 235, 189, 60, 222, 77, 99, 49, 192, 17, 47, 222, 24, 178, 191, 154, 132, 24, 162, 219, 238, 190, 45, 37, 116, 152,
	225, 98, 243, 148, 242, 48, 48, 58, 173, 150, 232, 150, 65, 67, 1, 185, 67, 88, 33, 231, 223, 13, 10, 31, 57, 28, 119,
	219, 128, 82, 187, 221, 14, 10, 36, 159, 117, 255, 79, 124, 231, 23, 89, 217, 207, 254, 19, 249, 79, 219, 32, 105, 251,
	3, 245, 165, 95, 243, 71, 249, 241, 8, 132, 209, 43, 86, 102, 30, 149, 130, 249, 83, 59, 196, 235, 87, 254, 243, 195,
	125, 2, 255, 45, 255, 121, 186, 207, 28, 248, 210, 96, 121, 250, 79, 255, 235, 3, 191, 211, 52, 253, 210, 95, 105, 30,
	95, 58, 155, 243, 143, 38, 102, 244, 252, 121, 124, 169, 254, 106, 31, 174, 243, 188, 6, 124, 189, 88, 253, 126, 249,
	255, 116, 245, 192, 63, 89, 254, 63, 93, 61, 240, 177, 252, 244, 83, 190, 157, 124, 254, 144, 69, 138, 202, 157, 87,
	110, 24, 228, 153, 179, 150, 36, 105, 84, 131, 177, 163, 138, 169, 92, 229, 135, 190, 77, 51, 82, 146, 133, 76, 118,
	85, 243, 180, 28, 248, 185, 91, 14, 228, 249, 246, 180, 172, 65, 2, 96, 4, 181, 191, 192, 114, 81, 64, 142, 114, 197,
	196, 25, 217, 113, 191, 9, 59, 141, 53, 243, 56, 167, 251, 145, 38, 55, 133, 154, 105, 94, 196, 239, 252, 53, 64, 31,
	143, 213, 134, 174, 219, 110, 61, 223, 81, 19, 16, 202, 213, 71, 209, 197, 190, 177, 1, 111, 136, 47, 64, 205, 71, 58,
	20, 32, 175, 190, 127, 230, 2, 255, 81, 238, 143, 240, 207, 176, 194, 222, 109, 181, 28, 22, 234, 40, 146, 68, 41, 235,
	172, 99, 139, 243, 222, 63, 39, 10, 192, 95, 244, 76, 252, 248, 126, 173, 218, 112, 198, 232, 246, 163, 89, 225, 253,
	214, 138, 99, 21, 13, 193, 179, 92, 10, 207, 131, 184, 47, 57, 202, 2, 25, 128, 166, 50, 99, 47, 64, 217, 214, 115,
	141, 71, 198, 237, 149, 122, 20, 237, 60, 223, 250, 237, 124, 131, 133, 45, 105, 99, 97, 54, 215, 167, 245, 241, 144,
	46, 30, 220, 139, 220, 200, 55, 29, 153, 177, 46, 160, 140, 238, 45, 130, 60, 19, 86, 46, 175, 184, 246, 27, 7, 42,
	225, 253, 10, 141, 142, 1, 165, 88, 51, 111, 37, 77, 20, 161, 155, 238, 38, 200, 22, 180, 75, 209, 123, 245, 175, 80,
	12, 253, 159, 161, 152, 228, 163, 17, 185, 249, 218, 136, 172, 144, 50, 254, 32, 149, 23, 123, 28, 10, 106, 224, 226,
	47, 43, 55, 110, 245, 231, 217, 3, 224, 91, 51, 241, 100, 211, 173, 59, 127, 110, 72, 54, 44, 168, 222, 56, 134, 180,
	190, 54, 33, 195, 174, 150, 122, 102, 159, 180, 236, 135, 82, 106, 245, 171, 176, 15, 252, 57, 238, 171, 95, 196, 99,
	80, 149, 17, 79, 180, 114, 254, 60, 190, 50, 234, 30, 63, 93, 251, 97, 133, 95, 213, 99, 255, 27, 43, 4, 126, 143, 76,
	212, 191, 101, 172, 252, 30, 152, 28, 224, 50, 0, 203, 147, 15, 169, 228, 8, 100, 154, 147, 9, 68, 133, 156, 192, 244,
	216, 135, 151, 219, 251, 106, 161, 151, 222, 110, 203, 167, 113, 92, 26, 140, 239, 204, 167, 224, 215, 216, 133, 123,
	163, 137, 136, 231, 117, 163, 32, 24, 237, 99, 174, 120, 6, 180, 244, 33, 122, 189, 115, 1, 252, 41, 131, 41, 16, 5,
	87, 245, 22, 189, 110, 155, 103, 148, 61, 38, 249, 140, 247, 198, 93, 92, 27, 225, 233, 222, 61, 146, 211, 12, 207, 12,
	69, 111, 192, 125, 49, 56, 59, 125, 9, 167, 153, 33, 204, 52, 184, 131, 54, 78, 4, 55, 234, 3, 116, 191, 39, 188, 15,
	232, 92, 126, 198, 207, 213, 68, 65, 11, 90, 56, 152, 19, 130, 7, 152, 113, 132, 98, 122, 121, 96, 201, 46, 159, 28, 6,
	126, 201, 47, 98, 250, 122, 11, 252, 67, 229, 160, 32, 62, 138, 12, 233, 150, 180, 222, 95, 174, 39, 30, 99, 4, 215,
	49, 245, 120, 9, 168, 11, 136, 88, 12, 63, 46, 100, 174, 81, 113, 70, 159, 49, 151, 98, 93, 236, 121, 123, 222, 223,
	179, 60, 12, 17, 152, 108, 150, 58, 222, 143, 181, 136, 149, 51, 136, 67, 56, 167, 191, 148, 67, 163, 20, 2, 65, 201,
	200, 138, 108, 103, 12, 125, 164, 235, 155, 172, 239, 219, 9, 104, 212, 165, 143, 164, 229, 93, 182, 78, 119, 4, 221,
	130, 4, 251, 53, 218, 155, 213, 184, 81, 3, 13, 90, 24, 243, 23, 103, 4, 151, 81, 200, 19, 10, 29, 201, 163, 177, 188,
	90, 6, 1, 95, 226, 185, 172, 40, 71, 59, 118, 254, 53, 99, 229, 207, 192, 228, 15, 233, 32, 85, 146, 221, 119, 239,
	138, 254, 212, 247, 75, 215, 8, 207, 55, 170, 36, 6, 214, 156, 185, 143, 190, 39, 211, 198, 175, 1, 23, 48, 252, 75,
	190, 159, 190, 133, 104, 105, 80, 133, 39, 157, 192, 47, 181, 238, 91, 182, 28, 178, 133, 123, 166, 56, 236, 0, 92,
	110, 179, 13, 42, 111, 42, 35, 193, 169, 227, 244, 183, 139, 95, 251, 138, 185, 14, 234, 133, 174, 122, 90, 171, 116,
	216, 236, 196, 218, 154, 175, 190, 160, 184, 229, 128, 214, 163, 246, 96, 43, 22, 214, 150, 143, 177, 53, 134, 237, 97,
	242, 33, 221, 224, 124, 18, 199, 43, 160, 117, 131, 213, 199, 80, 119, 63, 19, 150, 96, 41, 180, 134, 54, 108, 140,
	236, 217, 155, 189, 191, 148, 169, 96, 104, 231, 197, 7, 134, 221, 88, 182, 9, 66, 132, 45, 222, 141, 11, 57, 46, 237,
	205, 229, 240, 35, 216, 231, 135, 125, 101, 156, 203, 171, 193, 219, 96, 189, 3, 43, 125, 35, 200, 242, 109, 111, 44,
	83, 151, 121, 178, 9, 195, 91, 151, 134, 218, 6, 55, 97, 108, 75, 81, 101, 205, 78, 240, 139, 133, 114, 24, 70, 108,
	10, 105, 193, 136, 153, 122, 98, 44, 222, 215, 25, 226, 138, 100, 140, 144, 140, 218, 14, 204, 184, 18, 154, 1, 80,
	173, 168, 170, 42, 233, 90, 114, 214, 123, 254, 81, 188, 74, 185, 68, 243, 225, 198, 92, 134, 114, 188, 74, 42, 250,
	20, 158, 251, 235, 198, 48, 142, 248, 239, 129, 9, 253, 159, 3, 19, 249, 195, 45, 198, 252, 87, 96, 146, 33, 60, 156,
	55, 17, 202, 118, 123, 50, 254, 25, 152, 68, 191, 152, 89, 250, 75, 96, 226, 168, 212, 87, 113, 123, 229, 59, 96, 34,
	197, 173, 186, 157, 47, 112, 246, 101, 46, 131, 131, 191, 58, 42, 14, 48, 32, 245, 103, 167, 115, 252, 27, 183, 232,
	253, 87, 221, 226, 183, 161, 143, 15, 183, 152, 126, 117, 139, 166, 163, 49, 63, 165, 155, 140, 250, 55, 164, 14, 212,
	3, 110, 130, 8, 195, 165, 130, 76, 129, 91, 156, 148, 170, 140, 242, 119, 145, 63, 38, 71, 58, 243, 199, 150, 128, 174,
	74, 245, 186, 93, 48, 98, 72, 174, 117, 21, 242, 76, 159, 185, 85, 92, 99, 222, 210, 226, 200, 157, 1, 247, 211, 210,
	31, 202, 236, 198, 168, 94, 69, 239, 185, 156, 68, 94, 34, 59, 234, 14, 88, 170, 43, 163, 96, 93, 186, 180, 164, 213,
	248, 76, 51, 242, 29, 233, 104, 189, 125, 166, 105, 193, 38, 88, 179, 93, 138, 203, 229, 237, 239, 227, 175, 120, 5,
	31, 115, 100, 105, 52, 41, 178, 204, 62, 234, 53, 9, 80, 112, 29, 166, 183, 103, 187, 94, 236, 199, 207, 29, 250, 127,
	217, 160, 255, 91, 86, 114, 131, 134, 96, 154, 160, 203, 39, 12, 219, 188, 124, 51, 32, 212, 46, 4, 249, 250, 154, 161,
	4, 153, 163, 43, 194, 69, 15, 143, 165, 34, 37, 69, 115, 155, 150, 153, 125, 208, 251, 231, 130, 90, 134, 250, 244, 10,
	232, 130, 34, 232, 249, 12, 106, 117, 128, 80, 55, 137, 166, 87, 205, 78, 97, 76, 175, 229, 148, 33, 191, 75, 208, 202,
	16, 253, 243, 168, 135, 231, 253, 242, 74, 147, 21, 82, 83, 228, 137, 223, 40, 234, 234, 172, 14, 77, 58, 119, 55, 65,
	233, 49, 223, 28, 227, 175, 59, 59, 132, 190, 203, 235, 243, 223, 255, 60, 250, 105, 254, 11, 61, 137, 127, 218, 207,
	113, 124, 24, 23, 158, 125, 49, 46, 135, 166, 194, 103, 89, 239, 13, 78, 50, 82, 13, 49, 207, 77, 141, 150, 51, 202,
	37, 222, 104, 252, 18, 127, 196, 159, 103, 31, 129, 47, 0, 196, 98, 167, 239, 78, 142, 206, 15, 202, 41, 222, 113, 155,
	124, 240, 117, 47, 225, 193, 90, 31, 111, 222, 103, 70, 109, 201, 226, 207, 107, 251, 7, 253, 52, 214, 169, 102, 176,
	114, 159, 207, 113, 0, 118, 189, 138, 31, 23, 35, 248, 211, 13, 70, 140, 104, 208, 247, 239, 248, 249, 138, 255, 233,
	247, 63, 42, 69, 124, 109, 140, 134, 1, 245, 19, 252, 23, 49, 141, 9, 163, 207, 141, 209, 240, 247, 215, 84, 158, 248,
	169, 162, 82, 40, 223, 157, 42, 137, 236, 218, 124, 250, 99, 34, 59, 191, 129, 115, 43, 223, 109, 47, 249, 121, 123,
	158, 74, 25, 95, 124, 137, 246, 105, 123, 240, 252, 233, 247, 14, 127, 255, 232, 246, 252, 33, 35, 0, 254, 116, 3, 253,
	93, 90, 112, 174, 240, 175, 142, 156, 126, 106, 32, 57, 206, 188, 241, 57, 30, 57, 145, 219, 47, 188, 189, 230, 218,
	140, 55, 29, 177, 54, 207, 167, 236, 149, 69, 190, 162, 96, 164, 166, 189, 39, 173, 73, 192, 46, 146, 177, 238, 216,
	149, 242, 118, 124, 226, 244, 52, 107, 175, 3, 120, 105, 110, 182, 23, 98, 234, 154, 96, 208, 252, 4, 42, 91, 61, 99,
	183, 102, 195, 81, 132, 95, 109, 212, 174, 150, 250, 89, 64, 237, 236, 208, 215, 19, 115, 151, 32, 233, 150, 37, 139,
	208, 222, 130, 182, 162, 219, 83, 9, 168, 64, 211, 67, 231, 84, 23, 45, 113, 8, 111, 93, 156, 120, 11, 247, 185, 223,
	82, 186, 108, 1, 172, 177, 164, 187, 195, 110, 251, 226, 180, 252, 4, 211, 168, 192, 68, 250, 222, 226, 87, 227, 113,
	109, 79, 96, 126, 247, 108, 51, 32, 111, 71, 233, 180, 104, 89, 18, 28, 212, 155, 156, 44, 236, 143, 136, 35, 173, 236,
	177, 158, 158, 228, 161, 172, 67, 158, 20, 178, 158, 1, 147, 130, 86, 131, 246, 74, 118, 250, 196, 88, 45, 198, 9, 125,
	27, 192, 239, 154, 84, 242, 120, 96, 152, 121, 189, 186, 100, 83, 74, 157, 114, 248, 90, 126, 191, 251, 23, 205, 123,
	114, 125, 188, 101, 35, 113, 149, 23, 214, 127, 237, 124, 158, 49, 6, 228, 152, 133, 82, 1, 80, 107, 150, 101, 45, 7,
	111, 197, 230, 105, 178, 66, 47, 81, 161, 134, 210, 6, 147, 49, 244, 30, 189, 245, 96, 238, 249, 69, 86, 114, 34, 50,
	56, 186, 232, 176, 97, 77, 106, 126, 95, 220, 155, 217, 250, 195, 58, 135, 134, 113, 66, 195, 25, 180, 231, 88, 203,
	46, 128, 148, 179, 102, 95, 4, 131, 213, 78, 16, 53, 48, 19, 123, 151, 97, 16, 30, 96, 168, 58, 102, 66, 11, 102, 36,
	99, 93, 92, 214, 99, 101, 63, 164, 71, 249, 174, 35, 251, 125, 73, 74, 111, 211, 250, 48, 222, 144, 251, 171, 188, 58,
	177, 53, 57, 121, 96, 195, 11, 176, 95, 153, 130, 102, 70, 112, 18, 239, 149, 225, 170, 43, 205, 213, 68, 75, 93, 145,
	165, 213, 205, 108, 234, 13, 135, 167, 47, 132, 150, 17, 77, 144, 61, 26, 194, 7, 27, 184, 167, 26, 89, 35, 60, 212,
	73, 229, 170, 190, 65, 156, 85, 64, 118, 179, 117, 79, 168, 0, 192, 248, 252, 66, 116, 37, 39, 251, 251, 210, 148, 70,
	163, 200, 100, 166, 200, 21, 91, 70, 207, 55, 30, 214, 188, 130, 7, 178, 205, 94, 226, 126, 90, 17, 126, 188, 11, 133,
	5, 203, 62, 97, 64, 26, 187, 146, 23, 179, 180, 195, 237, 97, 106, 96, 40, 206, 226, 196, 3, 155, 155, 226, 124, 16,
	200, 89, 50, 145, 187, 43, 191, 141, 55, 129, 84, 32, 95, 9, 93, 127, 119, 228, 185, 162, 150, 196, 61, 241, 18, 108,
	218, 153, 163, 225, 28, 72, 212, 21, 243, 36, 220, 235, 101, 200, 52, 51, 32, 162, 97, 27, 118, 153, 58, 211, 187, 243,
	5, 3, 62, 161, 67, 88, 93, 3, 251, 119, 206, 250, 151, 142, 253, 211, 228, 212, 183, 193, 41, 195, 239, 18, 40, 3, 202,
	123, 128, 201, 8, 99, 251, 154, 149, 47, 20, 184, 146, 143, 131, 59, 31, 252, 3, 236, 228, 48, 68, 19, 250, 183, 167,
	91, 243, 10, 93, 15, 167, 87, 242, 231, 68, 50, 196, 230, 253, 120, 50, 14, 124, 171, 113, 157, 142, 145, 139, 221, 12,
	198, 91, 49, 23, 44, 99, 152, 130, 171, 129, 251, 97, 169, 37, 232, 229, 150, 111, 152, 98, 221, 66, 107, 182, 110, 10,
	143, 83, 18, 145, 106, 174, 8, 53, 181, 211, 38, 204, 107, 73, 133, 215, 157, 205, 87, 192, 187, 193, 157, 139, 232,
	225, 152, 62, 154, 249, 206, 46, 158, 101, 6, 8, 159, 47, 74, 171, 4, 209, 98, 174, 244, 14, 229, 14, 77, 215, 234,
	224, 155, 164, 116, 154, 208, 5, 65, 212, 183, 36, 189, 166, 240, 134, 178, 25, 24, 79, 184, 210, 35, 226, 77, 241,
	154, 20, 216, 137, 170, 55, 237, 206, 1, 107, 133, 98, 157, 13, 241, 67, 5, 143, 222, 247, 192, 212, 253, 87, 30, 222,
	222, 189, 212, 206, 239, 177, 166, 194, 105, 66, 5, 251, 120, 26, 219, 5, 178, 189, 27, 180, 20, 41, 127, 17, 144, 123,
	129, 114, 88, 148, 67, 7, 115, 233, 223, 0, 72, 89, 88, 174, 104, 169, 29, 141, 62, 250, 236, 106, 94, 245, 209, 171,
	93, 170, 82, 117, 220, 137, 178, 42, 241, 102, 144, 74, 250, 120, 102, 54, 172, 119, 3, 73, 188, 29, 78, 214, 231, 107,
	124, 31, 70, 232, 168, 136, 70, 21, 136, 253, 25, 137, 76, 163, 49, 9, 144, 141, 156, 133, 180, 55, 187, 50, 243, 246,
	226, 122, 211, 59, 0, 99, 104, 2, 223, 24, 26, 76, 251, 70, 72, 241, 77, 123, 143, 129, 237, 36, 248, 93, 235, 125, 35,
	182, 75, 45, 39, 166, 85, 31, 59, 176, 238, 78, 55, 59, 42, 82, 171, 31, 213, 5, 14, 141, 21, 184, 119, 50, 251, 254,
	56, 179, 38, 47, 124, 178, 175, 94, 20, 170, 194, 229, 197, 113, 120, 188, 148, 174, 55, 174, 240, 203, 149, 201, 210,
	233, 138, 52, 67, 102, 52, 100, 185, 190, 153, 114, 122, 2, 155, 91, 155, 92, 207, 124, 204, 86, 227, 204, 52, 201,
	228, 182, 212, 56, 208, 173, 154, 141, 47, 216, 141, 52, 68, 47, 211, 236, 126, 125, 97, 124, 218, 231, 246, 99, 151,
	113, 139, 18, 83, 39, 167, 33, 178, 67, 11, 190, 184, 37, 210, 211, 62, 30, 46, 154, 65, 197, 129, 77, 59, 12, 159,
	126, 57, 217, 166, 169, 176, 95, 12, 210, 58, 73, 0, 20, 9, 251, 90, 26, 111, 161, 150, 151, 65, 225, 74, 50, 222, 105,
	186, 233, 124, 29, 106, 24, 176, 205, 158, 15, 5, 187, 116, 233, 204, 21, 242, 123, 42, 150, 67, 48, 198, 225, 46, 12,
	138, 88, 238, 69, 112, 115, 184, 39, 235, 65, 90, 183, 121, 110, 73, 66, 53, 5, 220, 160, 71, 8, 63, 202, 236, 149,
	128, 91, 176, 98, 220, 93, 62, 17, 134, 52, 205, 91, 20, 147, 175, 168, 16, 238, 116, 170, 234, 36, 180, 240, 80, 141,
	59, 111, 187, 63, 81, 253, 203, 165, 43, 135, 168, 92, 107, 102, 100, 38, 104, 155, 154, 145, 248, 164, 195, 158, 35,
	144, 82, 241, 93, 216, 88, 190, 29, 222, 208, 95, 161, 8, 181, 76, 94, 253, 212, 63, 231, 239, 80, 250, 87, 98, 133,
	236, 59, 90, 5, 24, 186, 226, 255, 93, 109, 19, 218, 251, 24, 191, 74, 191, 141, 95, 133, 111, 241, 254, 66, 159, 89,
	137, 115, 242, 105, 78, 190, 106, 8, 52, 254, 103, 88, 223, 252, 12, 235, 129, 19, 215, 103, 39, 222, 250, 18, 110, 93,
	219, 107, 170, 164, 189, 31, 49, 28, 66, 127, 38, 60, 10, 86, 141, 252, 12, 30, 246, 171, 22, 121, 218, 126, 130, 134,
	119, 216, 25, 159, 48, 50, 240, 107, 210, 35, 231, 71, 154, 1, 70, 92, 63, 152, 147, 254, 168, 51, 214, 219, 167, 58,
	99, 165, 174, 90, 101, 92, 255, 168, 51, 138, 171, 118, 124, 212, 25, 43, 245, 147, 142, 137, 87, 253, 121, 217, 255,
	118, 213, 192, 95, 45, 251, 223, 172, 250, 163, 188, 8, 252, 190, 190, 104, 59, 111, 6, 162, 141, 206, 165, 216, 253,
	161, 229, 164, 197, 147, 13, 251, 142, 198, 146, 10, 242, 185, 57, 30, 177, 220, 153, 216, 219, 106, 67, 179, 207, 31,
	97, 23, 10, 55, 96, 46, 162, 173, 226, 241, 236, 169, 34, 113, 22, 5, 239, 227, 245, 214, 19, 235, 210, 12, 209, 212,
	227, 188, 202, 134, 67, 135, 130, 239, 51, 178, 144, 126, 145, 91, 5, 141, 18, 97, 127, 215, 131, 184, 224, 41, 185,
	140, 46, 115, 102, 16, 248, 241, 22, 96, 243, 225, 80, 64, 166, 210, 149, 203, 80, 214, 175, 60, 126, 241, 143, 102,
	109, 109, 113, 199, 154, 61, 225, 68, 21, 0, 245, 8, 156, 114, 211, 151, 173, 215, 195, 40, 152, 89, 179, 63, 16, 91,
	253, 162, 114, 246, 68, 117, 34, 194, 25, 236, 167, 7, 147, 204, 159, 234, 142, 61, 201, 80, 13, 89, 81, 1, 81, 35, 35,
	243, 104, 158, 128, 191, 96, 185, 156, 76, 55, 98, 126, 123, 106, 111, 132, 15, 228, 112, 21, 66, 222, 14, 73, 95, 28,
	101, 146, 212, 41, 230, 113, 31, 151, 180, 193, 176, 48, 190, 228, 168, 81, 140, 161, 51, 143, 56, 243, 137, 240, 102,
	70, 16, 243, 30, 60, 75, 179, 106, 149, 138, 76, 32, 211, 102, 167, 226, 29, 170, 92, 82, 35, 156, 196, 109, 62, 218,
	219, 66, 245, 37, 5, 225, 68, 116, 53, 60, 241, 65, 188, 230, 44, 85, 25, 22, 110, 109, 228, 175, 165, 33, 190, 89,
	241, 39, 102, 182, 255, 151, 86, 204, 141, 31, 39, 174, 216, 87, 33, 9, 67, 152, 117, 159, 118, 47, 193, 172, 104, 66,
	66, 221, 198, 119, 119, 231, 166, 95, 106, 192, 254, 104, 18, 192, 127, 98, 19, 191, 51, 9, 224, 15, 74, 178, 255, 212,
	146, 197, 171, 122, 190, 67, 95, 44, 25, 248, 48, 229, 15, 243, 62, 51, 247, 227, 127, 107, 201, 192, 95, 45, 251, 223,
	174, 26, 248, 231, 121, 1, 35, 123, 248, 205, 81, 209, 117, 104, 66, 214, 163, 7, 239, 110, 194, 10, 85, 62, 245, 80,
	155, 239, 124, 173, 182, 13, 128, 251, 197, 24, 67, 153, 25, 61, 242, 46, 188, 146, 135, 16, 241, 45, 8, 50, 141, 113,
	211, 89, 178, 73, 40, 63, 220, 68, 67, 148, 108, 86, 217, 47, 219, 49, 247, 181, 18, 209, 74, 230, 67, 97, 202, 168,
	177, 217, 169, 205, 179, 193, 95, 236, 232, 188, 12, 60, 3, 172, 51, 175, 45, 214, 204, 98, 49, 154, 204, 97, 227, 170,
	27, 54, 129, 101, 205, 52, 225, 193, 211, 145, 12, 52, 116, 169, 228, 252, 68, 176, 185, 247, 174, 130, 226, 248, 55,
	45, 228, 186, 180, 220, 165, 23, 35, 111, 2, 37, 191, 90, 186, 70, 226, 71, 136, 63, 86, 28, 184, 186, 233, 254, 102,
	46, 226, 30, 43, 153, 5, 191, 81, 17, 94, 207, 221, 121, 247, 38, 121, 106, 201, 49, 183, 57, 111, 87, 252, 184, 46,
	160, 147, 112, 68, 30, 193, 45, 242, 184, 102, 140, 22, 111, 55, 1, 151, 246, 177, 152, 165, 209, 172, 36, 193, 214,
	123, 17, 4, 210, 154, 134, 14, 87, 42, 28, 159, 236, 31, 132, 207, 121, 111, 69, 170, 216, 22, 231, 184, 89, 219, 31,
	247, 206, 118, 86, 171, 25, 145, 235, 165, 43, 251, 6, 125, 250, 23, 23, 205, 115, 109, 47, 172, 93, 193, 175, 98, 59,
	47, 19, 38, 52, 80, 234, 102, 232, 157, 3, 118, 62, 233, 11, 201, 73, 34, 134, 121, 227, 80, 151, 107, 254, 92, 99, 88,
	185, 54, 218, 160, 21, 246, 4, 186, 137, 209, 191, 174, 207, 163, 43, 30, 177, 89, 102, 79, 97, 148, 50, 83, 212, 235,
	33, 121, 185, 44, 174, 41, 15, 194, 174, 214, 37, 226, 131, 200, 180, 0, 85, 105, 110, 34, 123, 127, 51, 71, 97, 239,
	135, 170, 178, 251, 242, 184, 14, 227, 93, 158, 242, 121, 50, 183, 187, 117, 21, 100, 243, 206, 137, 18, 34, 165, 5,
	248, 118, 205, 44, 20, 195, 16, 126, 59, 3, 125, 243, 110, 98, 16, 186, 137, 213, 193, 229, 153, 208, 185, 47, 160, 81,
	205, 65, 28, 42, 72, 5, 153, 25, 116, 121, 221, 112, 25, 73, 99, 239, 112, 45, 31, 132, 174, 10, 1, 122, 122, 51, 20,
	212, 29, 212, 9, 135, 125, 69, 101, 135, 159, 236, 101, 92, 31, 218, 117, 68, 216, 151, 119, 134, 21, 204, 123, 53, 73,
	89, 204, 157, 4, 64, 179, 224, 59, 153, 254, 210, 137, 208, 189, 152, 168, 14, 33, 134, 12, 165, 227, 120, 107, 91,
	180, 217, 203, 135, 245, 209, 57, 196, 73, 140, 254, 182, 101, 215, 118, 166, 73, 14, 199, 85, 58, 48, 162, 23, 10,
	182, 125, 145, 102, 218, 116, 19, 129, 95, 196, 155, 44, 1, 116, 99, 59, 156, 82, 143, 163, 246, 156, 192, 232, 173,
	73, 110, 190, 103, 1, 104, 120, 88, 142, 109, 100, 206, 175, 209, 118, 97, 42, 136, 28, 190, 156, 102, 255, 110, 238,
	54, 56, 131, 226, 239, 6, 111, 191, 135, 250, 116, 50, 135, 79, 52, 218, 19, 145, 136, 214, 163, 171, 86, 173, 27, 222,
	248, 172, 77, 165, 250, 195, 220, 45, 240, 253, 224, 237, 47, 136, 94, 254, 72, 1, 228, 253, 253, 104, 16, 154, 13, 35,
	169, 26, 31, 93, 61, 71, 62, 23, 231, 118, 63, 134, 180, 114, 2, 104, 46, 119, 67, 137, 232, 115, 224, 166, 140, 232,
	141, 122, 77, 118, 84, 250, 238, 136, 53, 6, 206, 63, 72, 105, 182, 14, 215, 215, 156, 163, 153, 131, 122, 87, 24, 119,
	38, 148, 218, 186, 228, 27, 253, 32, 174, 58, 157, 171, 218, 67, 159, 210, 133, 181, 47, 45, 186, 69, 102, 241, 152,
	231, 66, 32, 32, 32, 149, 97, 105, 32, 110, 216, 245, 158, 61, 11, 222, 178, 206, 72, 82, 188, 140, 198, 86, 239, 200,
	66, 47, 131, 236, 4, 216, 219, 141, 150, 219, 28, 154, 252, 171, 223, 46, 176, 44, 25, 146, 231, 230, 57, 27, 199, 234,
	106, 45, 177, 226, 5, 41, 103, 52, 136, 244, 168, 207, 160, 168, 185, 156, 13, 163, 113, 162, 202, 3, 165, 80, 81, 224,
	46, 8, 108, 111, 14, 214, 21, 86, 231, 156, 214, 239, 60, 48, 45, 78, 200, 11, 23, 242, 122, 33, 148, 177, 228, 123,
	131, 5, 143, 105, 238, 203, 91, 42, 97, 126, 172, 172, 110, 20, 234, 85, 182, 1, 23, 184, 158, 234, 144, 183, 209, 244,
	174, 246, 71, 10, 219, 17, 255, 4, 121, 40, 19, 210, 199, 13, 127, 188, 33, 243, 252, 114, 226, 228, 130, 120, 153, 83,
	74, 136, 248, 42, 222, 154, 191, 28, 204, 44, 177, 72, 242, 116, 35, 188, 199, 31, 168, 38, 180, 210, 154, 49, 59, 64,
	182, 2, 50, 188, 215, 199, 178, 173, 62, 125, 195, 40, 216, 223, 239, 210, 237, 113, 87, 170, 151, 89, 99, 214, 150,
	108, 80, 93, 222, 238, 177, 120, 218, 225, 12, 167, 39, 198, 118, 110, 219, 24, 121, 234, 5, 179, 235, 169, 224, 39,
	147, 55, 183, 161, 185, 84, 68, 231, 1, 97, 197, 230, 134, 73, 11, 138, 113, 120, 107, 68, 64, 173, 58, 212, 249, 101,
	178, 221, 187, 64, 17, 204, 118, 171, 100, 159, 186, 132, 78, 209, 11, 2, 85, 195, 233, 198, 46, 227, 163, 36, 135,
	129, 247, 172, 80, 188, 198, 248, 139, 238, 151, 68, 193, 218, 141, 220, 89, 0, 7, 61, 133, 192, 84, 10, 228, 71, 227,
	188, 89, 153, 218, 178, 154, 61, 249, 113, 179, 65, 53, 171, 230, 140, 1, 51, 117, 81, 195, 19, 199, 60, 239, 169, 174,
	136, 246, 161, 237, 104, 104, 96, 113, 12, 89, 47, 28, 85, 237, 142, 34, 120, 24, 212, 166, 67, 182, 129, 4, 50, 188,
	56, 171, 160, 59, 72, 187, 185, 8, 122, 190, 93, 214, 119, 249, 157, 209, 21, 45, 212, 247, 66, 35, 5, 174, 52, 173,
	84, 209, 107, 153, 245, 144, 123, 51, 195, 9, 228, 148, 112, 194, 181, 203, 105, 53, 5, 222, 67, 146, 154, 36, 137,
	186, 87, 55, 6, 192, 228, 248, 61, 175, 236, 234, 55, 124, 149, 61, 221, 53, 138, 66, 202, 36, 65, 126, 162, 119, 115,
	171, 144, 241, 149, 131, 236, 95, 86, 233, 255, 143, 117, 148, 121, 215, 127, 19, 131, 255, 45, 72, 248, 91, 72, 111,
	124, 128, 129, 236, 171, 150, 132, 74, 186, 166, 136, 239, 194, 189, 185, 214, 218, 221, 48, 228, 159, 249, 166, 84,
	129, 253, 185, 226, 230, 126, 204, 72, 3, 159, 135, 164, 5, 134, 44, 232, 212, 51, 139, 132, 255, 52, 35, 253, 173,
	170, 150, 159, 121, 220, 231, 48, 27, 122, 106, 110, 11, 102, 173, 84, 172, 175, 82, 206, 167, 223, 7, 198, 170, 187,
	53, 231, 88, 156, 51, 127, 160, 240, 171, 206, 24, 144, 110, 39, 155, 80, 145, 201, 151, 6, 111, 206, 115, 102, 7, 25,
	62, 58, 47, 223, 63, 106, 186, 147, 31, 5, 195, 47, 133, 195, 15, 64, 240, 33, 28, 133, 168, 76, 248, 149, 81, 225,
	135, 139, 191, 219, 198, 223, 237, 2, 248, 55, 219, 248, 187, 93, 0, 191, 222, 198, 63, 80, 202, 149, 226, 228, 17,
	188, 130, 73, 152, 223, 91, 153, 129, 166, 68, 111, 192, 116, 13, 206, 8, 135, 49, 146, 0, 69, 5, 215, 45, 1, 92, 238,
	91, 115, 19, 32, 202, 21, 133, 177, 52, 94, 241, 213, 238, 231, 87, 166, 15, 116, 27, 112, 247, 94, 125, 121, 188, 145,
	130, 130, 183, 111, 248, 246, 196, 136, 108, 30, 63, 83, 230, 252, 49, 72, 247, 15, 148, 126, 216, 159, 149, 114, 5,
	214, 116, 68, 40, 122, 81, 25, 185, 111, 47, 2, 231, 247, 144, 121, 3, 239, 131, 60, 63, 217, 159, 43, 63, 191, 190,
	249, 243, 189, 191, 85, 213, 5, 102, 247, 153, 94, 209, 193, 165, 143, 184, 40, 106, 251, 118, 213, 154, 190, 138, 171,
	68, 68, 71, 153, 73, 141, 247, 51, 27, 14, 92, 185, 107, 177, 156, 211, 162, 193, 40, 67, 108, 88, 224, 146, 93, 111,
	234, 29, 172, 47, 199, 161, 5, 247, 183, 221, 12, 196, 172, 108, 58, 48, 189, 183, 125, 108, 230, 16, 204, 158, 137,
	250, 55, 229, 251, 228, 196, 231, 150, 200, 107, 95, 173, 142, 135, 255, 147, 86, 1, 206, 252, 40, 219, 239, 95, 147,
	104, 137, 53, 72, 104, 174, 113, 94, 43, 33, 248, 87, 147, 206, 42, 251, 211, 171, 218, 72, 15, 213, 52, 86, 128, 253,
	202, 254, 49, 51, 166, 43, 57, 14, 212, 8, 118, 73, 217, 134, 253, 221, 144, 199, 118, 162, 215, 15, 92, 202, 105, 146,
	9, 161, 185, 83, 223, 31, 238, 167, 99, 47, 74, 56, 223, 182, 47, 6, 179, 3, 42, 19, 172, 186, 45, 34, 234, 225, 126,
	169, 180, 239, 223, 95, 251, 221, 42, 126, 181, 8, 224, 223, 173, 226, 175, 233, 200, 128, 31, 248, 200, 84, 134, 75,
	205, 214, 124, 58, 38, 148, 138, 79, 144, 169, 22, 15, 209, 114, 234, 204, 87, 150, 0, 19, 58, 26, 190, 232, 250, 122,
	6, 132, 238, 160, 209, 27, 72, 87, 125, 236, 251, 253, 221, 191, 221, 213, 194, 123, 66, 24, 160, 65, 226, 250, 110,
	152, 113, 206, 193, 161, 212, 242, 69, 241, 234, 2, 187, 179, 8, 207, 98, 247, 58, 117, 60, 31, 158, 99, 82, 21, 49,
	99, 133, 224, 194, 149, 49, 7, 118, 30, 130, 163, 52, 21, 65, 112, 16, 136, 39, 12, 245, 10, 23, 113, 70, 197, 246, 89,
	3, 81, 76, 245, 155, 125, 212, 49, 55, 240, 24, 129, 8, 224, 114, 97, 113, 118, 185, 71, 163, 53, 93, 146, 181, 119,
	50, 208, 154, 233, 246, 53, 30, 94, 100, 235, 54, 75, 171, 65, 123, 60, 138, 161, 3, 173, 132, 160, 59, 219, 127, 116,
	60, 87, 122, 153, 72, 168, 57, 176, 218, 208, 227, 113, 20, 228, 244, 184, 209, 38, 83, 142, 94, 49, 202, 17, 172, 5,
	186, 98, 184, 16, 30, 152, 145, 63, 101, 174, 126, 83, 249, 82, 158, 146, 33, 185, 136, 215, 54, 222, 173, 243, 115,
	55, 210, 199, 33, 92, 74, 151, 232, 173, 68, 89, 218, 240, 169, 13, 64, 234, 233, 247, 230, 57, 197, 13, 129, 212, 163,
	124, 129, 33, 231, 214, 195, 193, 176, 73, 42, 4, 63, 226, 221, 219, 30, 220, 52, 70, 120, 115, 172, 215, 69, 38, 79,
	108, 254, 242, 101, 199, 159, 81, 78, 85, 115, 5, 185, 156, 200, 218, 47, 216, 176, 187, 95, 141, 177, 0, 186, 92, 169,
	130, 230, 242, 210, 78, 148, 184, 8, 74, 255, 168, 174, 143, 23, 189, 227, 74, 31, 151, 61, 18, 61, 176, 80, 29, 143,
	155, 247, 218, 185, 93, 179, 214, 248, 194, 214, 209, 148, 169, 147, 67, 29, 126, 62, 166, 160, 114, 139, 8, 215, 222,
	34, 201, 195, 17, 24, 168, 146, 48, 124, 245, 37, 199, 76, 188, 116, 219, 238, 221, 230, 120, 250, 185, 62, 68, 43,
	103, 52, 236, 117, 211, 177, 166, 251, 229, 202, 33, 105, 43, 23, 56, 159, 128, 143, 158, 103, 80, 46, 26, 28, 138, 56,
	45, 187, 125, 5, 56, 200, 114, 200, 115, 99, 236, 247, 19, 184, 99, 91, 49, 29, 94, 80, 86, 227, 142, 51, 107, 164, 29,
	119, 176, 194, 148, 7, 108, 138, 78, 168, 245, 6, 89, 184, 212, 5, 186, 176, 183, 109, 175, 246, 231, 24, 222, 161,
	120, 64, 205, 42, 156, 226, 124, 87, 146, 201, 97, 56, 38, 200, 97, 143, 193, 79, 216, 12, 28, 196, 196, 121, 245, 113,
	227, 195, 244, 117, 109, 32, 27, 34, 164, 196, 85, 214, 61, 185, 81, 232, 253, 201, 205, 194, 180, 60, 135, 40, 122,
	138, 243, 97, 58, 225, 141, 206, 60, 51, 151, 77, 21, 236, 47, 215, 71, 210, 142, 47, 116, 182, 155, 133, 54, 93, 133,
	53, 21, 160, 236, 11, 182, 83, 71, 22, 218, 123, 252, 11, 31, 217, 191, 83, 33, 255, 230, 91, 129, 207, 206, 149, 22,
	173, 107, 187, 205, 89, 142, 82, 254, 235, 168, 87, 41, 37, 204, 188, 107, 204, 133, 60, 126, 63, 119, 16, 104, 104,
	180, 232, 207, 61, 16, 21, 151, 60, 116, 10, 216, 215, 72, 38, 44, 73, 186, 101, 213, 88, 251, 23, 94, 189, 98, 61,
	111, 232, 188, 14, 169, 212, 177, 166, 43, 70, 230, 89, 24, 120, 38, 86, 176, 229, 124, 113, 104, 17, 189, 45, 139,
	137, 221, 5, 4, 155, 176, 23, 212, 92, 67, 39, 34, 114, 175, 125, 161, 14, 13, 196, 55, 28, 189, 86, 194, 69, 74, 26,
	121, 87, 51, 121, 76, 219, 167, 5, 181, 49, 235, 102, 97, 93, 171, 38, 242, 10, 142, 65, 61, 252, 202, 51, 239, 87, 21,
	34, 100, 122, 135, 218, 33, 30, 237, 167, 207, 154, 170, 209, 140, 37, 77, 194, 116, 227, 222, 65, 138, 2, 46, 100,
	208, 94, 240, 26, 190, 59, 170, 67, 194, 33, 138, 154, 252, 6, 151, 212, 211, 204, 41, 148, 164, 249, 70, 200, 201, 62,
	240, 139, 247, 72, 178, 84, 133, 65, 80, 251, 190, 64, 31, 66, 40, 139, 198, 31, 73, 30, 75, 73, 22, 81, 155, 223, 205,
	244, 45, 196, 0, 162, 80, 149, 238, 145, 166, 76, 55, 213, 53, 110, 138, 48, 26, 62, 145, 134, 230, 51, 61, 37, 177,
	138, 239, 107, 33, 92, 131, 8, 76, 180, 125, 53, 231, 64, 70, 198, 17, 173, 53, 110, 222, 25, 190, 214, 14, 183, 125,
	222, 59, 254, 221, 145, 111, 147, 174, 42, 12, 160, 74, 153, 113, 118, 71, 189, 112, 2, 139, 189, 240, 82, 15, 29, 69,
	146, 225, 55, 20, 250, 117, 51, 167, 80, 200, 207, 155, 157, 139, 196, 216, 251, 135, 40, 107, 140, 238, 135, 113, 204,
	49, 96, 59, 172, 142, 208, 58, 78, 89, 120, 247, 30, 149, 206, 215, 171, 241, 128, 104, 150, 147, 201, 83, 119, 204,
	19, 114, 103, 23, 245, 97, 29, 164, 219, 52, 131, 194, 173, 42, 131, 158, 129, 89, 214, 181, 218, 51, 83, 66, 70, 95,
	83, 16, 112, 188, 234, 53, 120, 66, 226, 73, 92, 85, 250, 33, 71, 35, 172, 108, 93, 202, 64, 14, 119, 153, 29, 192,
	218, 158, 21, 132, 212, 247, 216, 155, 165, 221, 202, 117, 165, 51, 141, 247, 122, 132, 102, 213, 27, 197, 212, 118,
	15, 176, 205, 113, 225, 242, 26, 252, 52, 136, 124, 161, 205, 215, 30, 33, 250, 80, 138, 94, 24, 70, 75, 12, 76, 22,
	97, 253, 88, 252, 200, 22, 80, 21, 208, 212, 14, 243, 241, 232, 144, 57, 190, 27, 246, 101, 180, 158, 163, 22, 90, 141,
	142, 194, 147, 61, 96, 86, 165, 184, 220, 156, 145, 27, 187, 223, 47, 25, 205, 95, 244, 30, 182, 94, 16, 230, 177, 87,
	165, 177, 92, 65, 194, 155, 210, 87, 223, 124, 87, 89, 60, 170, 1, 144, 154, 157, 121, 199, 56, 130, 148, 110, 33, 38,
	254, 12, 48, 226, 58, 154, 1, 140, 139, 59, 154, 95, 140, 123, 25, 92, 180, 153, 74, 179, 43, 174, 250, 134, 73, 165,
	210, 233, 199, 11, 55, 149, 196, 60, 249, 107, 109, 239, 15, 61, 213, 53, 122, 103, 95, 168, 138, 126, 67, 43, 252,
	223, 147, 91, 131, 63, 34, 20, 241, 149, 55, 65, 165, 158, 137, 94, 204, 131, 68, 64, 193, 85, 121, 141, 251, 47, 131,
	182, 200, 139, 191, 170, 122, 127, 227, 76, 56, 159, 102, 121, 219, 20, 121, 216, 59, 250, 44, 22, 242, 141, 132, 87,
	235, 63, 138, 72, 33, 76, 108, 162, 253, 7, 110, 250, 152, 228, 228, 63, 43, 150, 166, 48, 7, 3, 161, 69, 137, 49, 188,
	213, 231, 3, 186, 100, 95, 63, 245, 146, 40, 63, 9, 135, 252, 65, 129, 96, 34, 129, 31, 54, 223, 113, 19, 253, 137,
	107, 24, 248, 129, 108, 216, 254, 30, 71, 171, 155, 110, 171, 144, 106, 75, 209, 55, 24, 253, 237, 218, 255, 215, 219,
	252, 23, 52, 168, 74, 147, 58, 86, 161, 60, 152, 204, 130, 2, 69, 127, 155, 240, 29, 56, 51, 103, 116, 36, 8, 249, 177,
	112, 41, 150, 238, 35, 29, 55, 62, 89, 225, 109, 0, 11, 79, 34, 7, 233, 224, 118, 171, 238, 183, 237, 128, 252, 163,
	155, 214, 229, 77, 147, 164, 228, 249, 23, 77, 182, 70, 177, 70, 19, 159, 23, 153, 185, 84, 100, 104, 46, 200, 39, 160,
	164, 225, 153, 90, 139, 182, 159, 10, 252, 109, 13, 189, 50, 168, 192, 23, 35, 167, 23, 247, 96, 168, 36, 93, 240, 143,
	102, 189, 62, 103, 58, 95, 44, 138, 129, 94, 170, 85, 111, 16, 9, 20, 101, 117, 169, 234, 186, 126, 224, 26, 249, 64,
	219, 43, 107, 163, 212, 8, 76, 179, 221, 245, 228, 96, 147, 241, 168, 55, 24, 7, 199, 175, 131, 184, 122, 19, 140, 213,
	180, 120, 237, 166, 183, 191, 250, 189, 194, 67, 38, 1, 102, 251, 123, 144, 88, 91, 147, 253, 225, 129, 91, 73, 207,
	49, 20, 118, 12, 172, 141, 95, 203, 109, 8, 159, 230, 189, 7, 60, 13, 98, 73, 122, 247, 8, 72, 63, 158, 67, 30, 166,
	90, 155, 36, 247, 58, 120, 215, 130, 160, 9, 93, 120, 231, 21, 218, 192, 219, 67, 194, 201, 114, 191, 212, 119, 103,
	74, 86, 19, 127, 72, 143, 87, 49, 162, 203, 179, 207, 125, 42, 51, 250, 249, 33, 141, 62, 8, 232, 147, 152, 199, 175,
	55, 202, 245, 184, 198, 200, 45, 196, 195, 27, 204, 234, 92, 144, 57, 1, 232, 170, 55, 114, 228, 18, 73, 219, 235, 184,
	53, 245, 7, 163, 86, 158, 66, 29, 56, 149, 229, 98, 99, 95, 27, 115, 62, 150, 195, 235, 74, 59, 0, 5, 153, 69, 33, 128,
	62, 240, 7, 167, 181, 56, 18, 135, 70, 59, 94, 145, 43, 213, 121, 112, 49, 138, 59, 139, 198, 18, 226, 7, 83, 94, 109,
	175, 94, 93, 23, 147, 213, 143, 224, 185, 22, 34, 228, 38, 221, 94, 224, 196, 177, 151, 60, 127, 187, 243, 45, 206,
	136, 171, 146, 186, 9, 11, 44, 44, 58, 114, 52, 122, 103, 182, 53, 83, 199, 176, 212, 22, 172, 69, 75, 25, 165, 28,
	170, 98, 105, 229, 80, 183, 43, 148, 244, 253, 116, 183, 235, 161, 215, 78, 224, 134, 210, 172, 146, 56, 119, 20, 130,
	183, 139, 57, 188, 151, 214, 17, 244, 107, 53, 25, 181, 211, 2, 224, 189, 138, 36, 95, 97, 239, 57, 189, 137, 93, 123,
	71, 145, 45, 12, 234, 49, 161, 60, 226, 126, 44, 177, 103, 194, 122, 184, 149, 230, 59, 41, 20, 241, 37, 128, 198, 76,
	46, 102, 162, 151, 8, 86, 4, 70, 98, 62, 117, 36, 15, 31, 22, 203, 221, 53, 103, 172, 128, 242, 169, 72, 22, 50, 83,
	172, 119, 237, 230, 181, 12, 62, 200, 116, 249, 8, 163, 115, 237, 192, 107, 210, 119, 64, 142, 145, 223, 139, 53, 111,
	132, 236, 92, 183, 40, 197, 138, 236, 241, 58, 226, 95, 194, 14, 224, 119, 28, 76, 159, 218, 180, 164, 46, 231, 189,
	68, 11, 230, 25, 158, 238, 253, 125, 225, 222, 253, 197, 81, 44, 213, 184, 9, 191, 58, 218, 1, 168, 191, 144, 90, 107,
	5, 109, 69, 95, 140, 141, 219, 221, 100, 243, 76, 56, 154, 50, 207, 109, 55, 15, 210, 11, 71, 102, 230, 90, 177, 248,
	22, 148, 174, 30, 11, 15, 226, 195, 185, 8, 192, 163, 236, 226, 216, 45, 25, 151, 57, 237, 199, 82, 185, 171, 110, 36,
	136, 158, 163, 97, 16, 115, 105, 148, 70, 240, 225, 112, 111, 255, 153, 45, 123, 141, 24, 164, 35, 172, 152, 105, 117,
	196, 80, 35, 79, 54, 150, 239, 27, 79, 23, 36, 173, 62, 175, 114, 68, 66, 2, 16, 74, 76, 43, 188, 157, 177, 143, 202,
	243, 29, 65, 176, 126, 205, 21, 214, 56, 182, 199, 14, 25, 13, 127, 1, 209, 202, 18, 242, 123, 252, 192, 204, 233, 26,
	167, 34, 131, 198, 164, 54, 202, 244, 104, 150, 25, 173, 141, 137, 59, 231, 101, 107, 52, 166, 63, 15, 77, 4, 160, 249,
	140, 213, 90, 234, 179, 13, 123, 229, 131, 130, 138, 104, 223, 209, 182, 140, 229, 158, 19, 149, 204, 187, 139, 52, 98,
	43, 74, 121, 139, 118, 241, 85, 130, 47, 55, 146, 153, 229, 32, 173, 181, 253, 202, 219, 242, 27, 242, 168, 33, 234,
	68, 172, 175, 172, 243, 207, 1, 239, 56, 102, 39, 133, 115, 142, 25, 155, 140, 8, 242, 66, 4, 143, 47, 118, 165, 45,
	118, 161, 79, 19, 151, 239, 24, 228, 35, 215, 50, 203, 90, 121, 151, 250, 59, 212, 132, 239, 218, 219, 16, 139, 185,
	195, 129, 32, 205, 225, 98, 61, 108, 53, 162, 219, 203, 81, 165, 192, 177, 83, 143, 155, 91, 120, 122, 251, 100, 160,
	103, 20, 182, 33, 124, 211, 94, 17, 169, 160, 133, 96, 163, 209, 197, 100, 70, 18, 99, 146, 100, 120, 189, 198, 6, 203,
	77, 72, 52, 75, 19, 54, 178, 113, 193, 200, 247, 97, 109, 157, 120, 215, 209, 167, 108, 217, 27, 168, 3, 4, 118, 243,
	145, 183, 222, 102, 222, 40, 157, 47, 182, 34, 109, 169, 120, 89, 14, 200, 33, 239, 15, 203, 71, 84, 51, 211, 239, 89,
	205, 112, 70, 186, 21, 110, 153, 240, 81, 230, 238, 70, 32, 216, 115, 206, 75, 61, 77, 220, 146, 174, 3, 245, 138, 190,
	24, 217, 33, 0, 65, 117, 51, 45, 226, 25, 170, 126, 72, 131, 207, 132, 8, 192, 181, 173, 4, 85, 125, 154, 125, 122, 27,
	11, 162, 184, 85, 180, 132, 28, 133, 10, 177, 143, 131, 184, 16, 164, 76, 150, 185, 132, 201, 3, 76, 144, 19, 203, 157,
	64, 76, 145, 35, 182, 226, 140, 81, 94, 128, 211, 181, 239, 40, 143, 233, 148, 91, 110, 171, 68, 122, 242, 104, 220,
	89, 150, 6, 43, 88, 170, 242, 91, 155, 228, 29, 116, 90, 80, 203, 168, 194, 161, 72, 68, 119, 23, 218, 128, 156, 104,
	220, 22, 45, 80, 87, 183, 112, 106, 117, 200, 24, 201, 167, 119, 72, 143, 7, 0, 223, 185, 65, 208, 109, 121, 207, 104,
	184, 211, 59, 61, 241, 133, 44, 102, 8, 111, 16, 234, 127, 135, 59, 62, 142, 223, 31, 48, 118, 251, 95, 3, 144, 127,
	94, 172, 11, 62, 197, 164, 175, 29, 127, 42, 227, 13, 79, 154, 33, 122, 159, 193, 204, 38, 189, 167, 127, 42, 214, 137,
	188, 249, 139, 163, 175, 175, 98, 206, 44, 77, 169, 191, 11, 207, 246, 111, 194, 179, 253, 125, 120, 254, 136, 206,
	192, 47, 194, 243, 77, 101, 242, 47, 189, 114, 219, 111, 194, 51, 247, 169, 13, 151, 17, 175, 90, 249, 45, 84, 3, 191,
	148, 63, 248, 51, 34, 185, 170, 54, 245, 51, 34, 249, 116, 237, 251, 45, 3, 223, 239, 249, 127, 187, 101, 224, 251, 61,
	255, 111, 183, 12, 124, 191, 231, 95, 111, 249, 31, 84, 1, 5, 28, 143, 245, 160, 2, 80, 68, 221, 105, 117, 200, 177,
	70, 79, 150, 206, 210, 120, 133, 66, 107, 78, 38, 17, 187, 34, 173, 2, 49, 71, 117, 183, 7, 41, 225, 117, 181, 215, 56,
	79, 225, 171, 156, 29, 195, 16, 30, 145, 195, 50, 149, 94, 160, 48, 70, 183, 212, 196, 190, 211, 246, 216, 2, 143, 27,
	92, 25, 7, 69, 253, 54, 83, 93, 191, 207, 84, 29, 134, 92, 19, 158, 252, 105, 64, 160, 135, 88, 254, 37, 81, 51, 0, 57,
	175, 87, 26, 185, 50, 43, 181, 199, 20, 241, 138, 245, 78, 126, 150, 224, 96, 204, 149, 92, 77, 82, 204, 41, 48, 116,
	224, 252, 150, 123, 47, 121, 97, 67, 80, 216, 226, 248, 18, 165, 104, 243, 126, 151, 249, 188, 86, 7, 96, 170, 232,
	136, 172, 121, 193, 48, 9, 45, 210, 80, 75, 222, 72, 238, 237, 189, 205, 123, 115, 160, 97, 178, 243, 113, 172, 39, 26,
	91, 84, 5, 217, 113, 149, 159, 68, 232, 180, 39, 168, 111, 226, 255, 222, 170, 17, 2, 253, 127, 104, 213, 221, 39, 36,
	250, 85, 82, 81, 165, 21, 152, 107, 224, 61, 148, 110, 22, 25, 177, 9, 254, 115, 215, 243, 255, 15, 86, 173, 162, 26,
	253, 239, 173, 26, 214, 24, 237, 103, 171, 254, 116, 237, 255, 7, 171, 86, 81, 64, 163, 255, 214, 170, 255, 186, 125,
	159, 127, 71, 140, 239, 92, 105, 134, 19, 0, 42, 194, 184, 214, 245, 183, 115, 147, 139, 245, 206, 13, 213, 210, 171,
	103, 255, 176, 159, 123, 46, 234, 101, 16, 233, 19, 232, 231, 5, 72, 206, 123, 34, 85, 247, 211, 184, 85, 67, 110, 215,
	219, 228, 145, 214, 235, 126, 132, 247, 134, 214, 235, 118, 29, 229, 242, 246, 126, 1, 23, 187, 62, 145, 4, 151, 93,
	250, 125, 169, 28, 14, 235, 140, 38, 63, 202, 114, 128, 208, 97, 38, 238, 33, 119, 125, 200, 65, 193, 20, 77, 47, 107,
	140, 202, 254, 86, 42, 235, 179, 102, 239, 151, 35, 93, 67, 101, 168, 53, 248, 121, 174, 208, 29, 3, 75, 130, 38, 118,
	127, 155, 149, 18, 203, 39, 68, 152, 170, 174, 139, 111, 116, 253, 231, 150, 157, 14, 32, 25, 170, 38, 43, 18, 33, 67,
	217, 55, 77, 9, 236, 31, 42, 248, 50, 235, 91, 50, 35, 144, 35, 169, 12, 251, 194, 88, 168, 190, 83, 131, 184, 39, 157,
	9, 86, 247, 73, 182, 48, 40, 119, 46, 245, 45, 30, 66, 206, 127, 77, 1, 146, 188, 38, 90, 229, 147, 6, 160, 95, 172,
	234, 47, 183, 33, 192, 164, 55, 22, 146, 202, 165, 13, 202, 189, 126, 222, 203, 74, 64, 242, 11, 118, 123, 111, 52,
	200, 211, 83, 86, 93, 130, 65, 24, 204, 16, 71, 209, 66, 35, 102, 179, 149, 221, 197, 250, 27, 57, 35, 141, 116, 89,
	243, 7, 78, 243, 255, 181, 139, 248, 219, 210, 67, 255, 81, 122, 64, 191, 74, 25, 57, 100, 104, 172, 194, 40, 42, 200,
	211, 231, 212, 125, 220, 12, 200, 220, 64, 45, 52, 108, 3, 250, 165, 206, 73, 100, 255, 220, 226, 127, 21, 55, 169, 34,
	235, 47, 185, 182, 224, 96, 148, 91, 187, 150, 200, 158, 246, 4, 53, 186, 233, 106, 231, 42, 40, 213, 112, 77, 222,
	190, 74, 218, 31, 205, 48, 228, 162, 218, 226, 170, 126, 238, 129, 1, 24, 186, 209, 13, 55, 228, 156, 242, 79, 220,
	230, 127, 243, 250, 127, 103, 241, 118, 190, 234, 140, 115, 218, 12, 243, 169, 180, 112, 124, 190, 184, 171, 135, 131,
	105, 118, 19, 169, 124, 253, 211, 9, 221, 108, 169, 86, 112, 226, 191, 207, 132, 81, 212, 245, 203, 34, 104, 215, 213,
	36, 187, 118, 109, 192, 217, 41, 195, 102, 57, 199, 172, 239, 150, 109, 253, 33, 87, 164, 124, 232, 34, 49, 228, 151,
	106, 193, 96, 215, 156, 103, 186, 98, 254, 69, 20, 229, 119, 154, 137, 192, 79, 162, 137, 255, 166, 165, 31, 190, 62,
	120, 219, 87, 92, 178, 52, 198, 23, 19, 82, 49, 224, 240, 250, 82, 75, 38, 196, 65, 238, 126, 230, 113, 141, 87, 54,
	202, 112, 141, 114, 11, 207, 223, 70, 231, 15, 176, 63, 213, 94, 197, 53, 227, 150, 248, 144, 173, 222, 96, 83, 72, 12,
	38, 18, 16, 34, 29, 111, 86, 152, 121, 193, 128, 160, 96, 33, 118, 12, 235, 1, 224, 137, 174, 167, 228, 37, 245, 160,
	252, 60, 74, 206, 238, 87, 17, 86, 213, 217, 34, 23, 63, 82, 27, 132, 217, 178, 24, 195, 11, 65, 40, 137, 134, 21, 122,
	203, 230, 217, 17, 234, 64, 199, 10, 249, 206, 144, 122, 183, 36, 227, 88, 34, 11, 24, 204, 175, 60, 14, 248, 218, 11,
	125, 157, 70, 219, 62, 51, 203, 125, 36, 144, 7, 182, 151, 91, 217, 82, 236, 108, 218, 117, 24, 29, 181, 251, 74, 47,
	3, 117, 200, 143, 105, 53, 95, 190, 76, 147, 79, 33, 241, 21, 41, 156, 85, 168, 185, 68, 234, 157, 42, 100, 52, 37,
	239, 94, 237, 193, 64, 20, 37, 3, 184, 63, 244, 82, 203, 173, 142, 164, 196, 81, 14, 30, 211, 177, 88, 149, 207, 234,
	169, 234, 41, 59, 123, 96, 119, 105, 209, 23, 102, 27, 112, 143, 192, 29, 250, 30, 224, 137, 117, 38, 143, 107, 28,
	157, 30, 233, 205, 90, 35, 172, 66, 142, 31, 154, 40, 16, 196, 132, 30, 207, 253, 248, 166, 9, 149, 70, 248, 118, 218,
	130, 75, 167, 199, 216, 33, 221, 109, 45, 19, 153, 94, 38, 131, 55, 254, 222, 222, 111, 219, 171, 196, 68, 51, 222, 9,
	191, 60, 185, 25, 55, 44, 103, 60, 113, 12, 180, 198, 188, 193, 11, 207, 46, 68, 14, 192, 21, 98, 221, 57, 122, 106,
	24, 36, 10, 39, 173, 170, 90, 225, 242, 106, 116, 242, 117, 90, 34, 34, 187, 51, 126, 66, 191, 6, 71, 120, 248, 156,
	182, 38, 106, 43, 14, 37, 226, 68, 48, 119, 56, 116, 196, 7, 6, 246, 228, 9, 241, 133, 246, 135, 187, 96, 8, 5, 144,
	144, 124, 107, 180, 225, 57, 198, 140, 124, 176, 144, 140, 67, 233, 64, 238, 68, 9, 94, 216, 254, 120, 221, 83, 135,
	247, 250, 154, 135, 143, 84, 33, 197, 237, 182, 247, 80, 54, 129, 221, 99, 75, 249, 94, 93, 100, 98, 185, 18, 144, 149,
	234, 99, 226, 7, 97, 84, 2, 73, 170, 173, 77, 225, 106, 51, 180, 29, 120, 209, 36, 155, 59, 129, 198, 243, 54, 165, 30,
	137, 243, 240, 67, 39, 53, 36, 162, 37, 170, 156, 117, 103, 198, 235, 178, 139, 182, 44, 116, 149, 155, 96, 45, 250,
	224, 231, 166, 122, 219, 168, 217, 213, 226, 55, 145, 85, 59, 16, 20, 177, 146, 243, 239, 249, 145, 33, 87, 225, 160,
	155, 87, 253, 150, 88, 16, 150, 79, 71, 46, 45, 28, 23, 172, 124, 112, 134, 136, 80, 217, 52, 103, 35, 91, 101, 72, 69,
	67, 133, 161, 43, 175, 252, 130, 136, 2, 248, 130, 231, 160, 1, 20, 145, 155, 160, 41, 10, 50, 221, 237, 137, 34, 67,
	245, 144, 112, 229, 21, 176, 211, 63, 158, 247, 4, 126, 49, 240, 249, 173, 69, 135, 81, 228, 92, 209, 211, 135, 107,
	240, 72, 170, 88, 202, 155, 174, 73, 139, 85, 66, 168, 146, 227, 0, 207, 119, 185, 215, 198, 30, 42, 92, 244, 194, 63,
	186, 151, 12, 192, 87, 193, 113, 94, 15, 167, 233, 173, 198, 227, 169, 11, 102, 44, 186, 112, 57, 191, 195, 194, 163,
	48, 123, 129, 231, 93, 124, 211, 225, 106, 115, 47, 110, 250, 152, 122, 140, 163, 185, 74, 22, 36, 121, 47, 135, 224,
	130, 193, 42, 10, 130, 119, 221, 24, 138, 189, 58, 20, 80, 209, 3, 131, 177, 194, 118, 28, 195, 205, 193, 20, 189, 207,
	85, 142, 177, 171, 39, 249, 154, 12, 101, 174, 113, 104, 152, 111, 171, 204, 183, 160, 226, 108, 216, 219, 188, 238,
	113, 99, 183, 190, 43, 136, 77, 239, 112, 73, 138, 242, 120, 148, 222, 140, 3, 229, 145, 120, 3, 138, 192, 206, 250,
	180, 183, 240, 155, 93, 178, 82, 122, 203, 52, 84, 117, 194, 172, 23, 29, 90, 41, 94, 144, 70, 112, 152, 110, 29, 17,
	174, 239, 228, 179, 172, 37, 15, 53, 166, 232, 141, 188, 13, 177, 86, 39, 83, 60, 112, 204, 26, 161, 152, 90, 147, 101,
	176, 115, 128, 69, 208, 2, 27, 94, 244, 78, 184, 116, 168, 24, 89, 35, 76, 162, 148, 20, 219, 33, 166, 156, 139, 250,
	118, 183, 55, 165, 216, 107, 102, 179, 146, 65, 131, 164, 99, 43, 41, 210, 147, 167, 38, 4, 222, 238, 214, 98, 174,
	182, 42, 103, 11, 133, 32, 16, 99, 11, 0, 67, 28, 248, 112, 33, 152, 247, 120, 93, 107, 173, 87, 144, 164, 152, 155,
	43, 24, 61, 215, 122, 55, 158, 136, 214, 79, 91, 20, 59, 199, 62, 214, 29, 24, 190, 171, 1, 102, 252, 23, 83, 230, 25,
	94, 231, 111, 125, 166, 48, 218, 46, 136, 161, 148, 233, 26, 243, 13, 128, 196, 111, 32, 57, 146, 28, 98, 145, 37, 10,
	19, 105, 201, 152, 249, 182, 4, 242, 98, 52, 87, 250, 66, 10, 55, 190, 245, 180, 228, 137, 139, 40, 175, 235, 76, 139,
	154, 214, 204, 100, 178, 98, 42, 148, 125, 97, 172, 98, 79, 6, 47, 246, 243, 46, 46, 29, 43, 0, 198, 145, 147, 22, 132,
	179, 136, 215, 5, 190, 236, 89, 161, 141, 32, 58, 119, 153, 136, 216, 99, 29, 135, 19, 84, 107, 171, 227, 219, 244,
	101, 6, 39, 31, 19, 51, 36, 73, 233, 226, 138, 36, 238, 149, 85, 124, 226, 173, 110, 173, 11, 199, 136, 25, 206, 15,
	176, 231, 1, 241, 82, 240, 125, 121, 126, 111, 151, 56, 109, 151, 96, 44, 112, 62, 112, 31, 108, 121, 135, 103, 14, 5,
	101, 61, 45, 224, 168, 74, 12, 190, 178, 35, 132, 123, 232, 169, 203, 183, 72, 85, 29, 238, 192, 195, 118, 30, 103,
	243, 253, 117, 173, 51, 66, 145, 34, 166, 205, 129, 122, 56, 52, 77, 140, 204, 250, 49, 212, 78, 136, 128, 151, 101,
	105, 238, 190, 159, 149, 207, 116, 255, 43, 176, 64, 210, 255, 115, 230, 52, 225, 255, 112, 154, 106, 255, 31, 147, 86,
	255, 199, 98, 207, 152, 195, 232, 38, 107, 157, 255, 229, 29, 83, 183, 128, 255, 70, 238, 240, 73, 204, 235, 249, 149,
	249, 195, 8, 222, 193, 30, 235, 62, 139, 194, 69, 194, 195, 74, 218, 209, 183, 180, 177, 255, 212, 145, 143, 254, 148,
	63, 112, 63, 22, 237, 243, 85, 52, 107, 76, 115, 233, 171, 101, 64, 208, 87, 65, 196, 15, 46, 70, 202, 209, 154, 164,
	117, 143, 111, 186, 135, 102, 193, 156, 206, 255, 4, 12, 156, 179, 95, 77, 181, 202, 247, 15, 177, 133, 85, 99, 251,
	77, 97, 200, 241, 75, 211, 139, 8, 113, 31, 61, 239, 148, 229, 246, 249, 119, 15, 207, 29, 200, 181, 220, 186, 97, 79,
	180, 113, 62, 128, 178, 77, 39, 117, 157, 250, 110, 127, 25, 200, 5, 62, 26, 123, 207, 248, 141, 169, 71, 114, 168,
	215, 207, 19, 185, 63, 94, 91, 179, 159, 148, 230, 205, 143, 129, 220, 207, 115, 73, 159, 56, 48, 217, 80, 183, 93, 99,
	6, 156, 90, 211, 190, 147, 100, 62, 23, 232, 126, 64, 150, 38, 57, 190, 41, 47, 7, 198, 250, 248, 104, 225, 57, 31, 50,
	59, 182, 120, 38, 34, 193, 170, 50, 166, 172, 90, 235, 42, 231, 95, 116, 165, 53, 10, 248, 160, 2, 49, 156, 38, 18, 63,
	63, 253, 227, 225, 34, 167, 113, 78, 19, 74, 38, 123, 183, 206, 7, 124, 108, 79, 112, 93, 233, 225, 252, 173, 28, 251,
	35, 186, 185, 215, 135, 184, 143, 239, 167, 86, 15, 150, 152, 89, 62, 212, 107, 93, 247, 166, 26, 39, 165, 178, 130,
	72, 133, 201, 237, 118, 23, 202, 98, 146, 148, 109, 147, 74, 7, 24, 82, 132, 41, 22, 111, 60, 121, 131, 252, 96, 63,
	194, 6, 46, 180, 71, 13, 3, 10, 219, 197, 4, 20, 19, 19, 100, 14, 38, 165, 181, 151, 244, 201, 93, 34, 2, 182, 19, 244,
	252, 248, 210, 237, 184, 221, 71, 42, 149, 75, 227, 218, 203, 78, 123, 162, 121, 232, 166, 151, 183, 207, 20, 254, 63,
	65, 127, 224, 175, 184, 3, 127, 168, 31, 147, 60, 166, 128, 103, 8, 12, 194, 156, 168, 47, 134, 225, 221, 94, 201, 118,
	233, 160, 22, 147, 190, 228, 176, 192, 183, 209, 221, 154, 84, 249, 224, 163, 211, 126, 177, 22, 245, 101, 168, 26,
	196, 62, 101, 247, 101, 6, 21, 82, 163, 42, 191, 132, 233, 96, 153, 89, 4, 153, 248, 133, 169, 74, 155, 88, 18, 211,
	76, 76, 155, 50, 58, 169, 113, 176, 212, 233, 25, 224, 160, 116, 163, 195, 196, 243, 33, 204, 205, 106, 183, 188, 20,
	30, 7, 254, 42, 131, 96, 236, 116, 153, 80, 194, 114, 12, 87, 213, 132, 223, 147, 116, 70, 73, 232, 194, 163, 119, 225,
	8, 198, 132, 184, 96, 234, 66, 93, 55, 137, 244, 210, 129, 205, 165, 253, 13, 38, 255, 74, 182, 208, 68, 111, 192, 127,
	129, 129, 221, 98, 83, 25, 95, 210, 164, 226, 37, 140, 244, 215, 49, 85, 82, 230, 41, 121, 79, 243, 103, 148, 201, 144,
	31, 109, 64, 193, 87, 60, 12, 252, 1, 136, 37, 78, 53, 235, 149, 251, 202, 16, 246, 5, 141, 127, 22, 12, 228, 49, 88,
	241, 181, 226, 39, 102, 144, 31, 239, 57, 177, 47, 240, 1, 126, 157, 202, 128, 63, 91, 28, 166, 126, 112, 182, 126,
	102, 91, 255, 60, 2, 15, 255, 116, 109, 53, 127, 226, 46, 49, 106, 231, 19, 19, 43, 240, 37, 185, 102, 217, 31, 68, 18,
	243, 184, 11, 230, 4, 102, 191, 227, 117, 85, 109, 22, 250, 241, 158, 207, 57, 132, 165, 49, 193, 191, 98, 96, 159, 94,
	130, 177, 223, 20, 173, 193, 226, 215, 108, 236, 65, 58, 244, 181, 102, 198, 253, 80, 42, 114, 45, 120, 143, 20, 34,
	216, 9, 160, 221, 76, 210, 35, 206, 189, 121, 9, 148, 174, 219, 130, 113, 78, 234, 148, 190, 197, 194, 115, 134, 154,
	240, 48, 35, 176, 164, 54, 132, 214, 13, 196, 148, 181, 90, 110, 80, 96, 59, 41, 33, 90, 97, 141, 211, 228, 69, 240,
	90, 254, 47, 111, 255, 209, 237, 166, 182, 109, 13, 195, 117, 126, 197, 173, 171, 61, 141, 32, 64, 80, 120, 11, 228,
	32, 114, 134, 26, 65, 32, 17, 69, 14, 191, 254, 67, 246, 182, 143, 237, 237, 189, 247, 57, 247, 220, 246, 185, 178,
	188, 80, 88, 19, 105, 206, 209, 251, 72, 125, 152, 194, 34, 72, 60, 245, 140, 65, 96, 192, 139, 146, 186, 197, 46, 123,
	219, 230, 68, 85, 20, 56, 142, 111, 172, 222, 34, 171, 169, 220, 164, 12, 107, 174, 214, 99, 200, 56, 101, 33, 68, 115,
	145, 115, 167, 143, 97, 47, 169, 180, 57, 187, 194, 184, 120, 250, 193, 183, 193, 170, 135, 11, 152, 223, 67, 169, 124,
	0, 200, 40, 24, 112, 127, 243, 114, 210, 36, 138, 203, 45, 224, 171, 157, 181, 28, 109, 144, 73, 70, 56, 137, 241, 20,
	131, 250, 144, 231, 2, 223, 231, 110, 7, 245, 215, 133, 64, 45, 69, 148, 206, 83, 136, 171, 120, 218, 203, 49, 103, 47,
	190, 124, 229, 218, 91, 200, 77, 64, 226, 199, 116, 213, 61, 32, 1, 126, 226, 7, 75, 220, 47, 85, 100, 56, 193, 51,
	189, 48, 147, 132, 174, 54, 183, 195, 87, 100, 18, 250, 35, 202, 55, 166, 173, 185, 70, 218, 89, 197, 176, 28, 172,
	120, 192, 53, 95, 208, 134, 208, 216, 65, 84, 148, 70, 41, 46, 37, 112, 39, 152, 236, 98, 57, 187, 0, 242, 126, 124,
	222, 183, 34, 249, 252, 17, 20, 104, 51, 79, 76, 92, 72, 144, 32, 169, 129, 243, 182, 252, 139, 18, 51, 83, 174, 251,
	87, 231, 122, 44, 45, 81, 100, 7, 118, 19, 108, 109, 80, 52, 107, 79, 33, 45, 200, 31, 44, 10, 192, 72, 109, 240, 71,
	200, 93, 210, 15, 242, 100, 252, 117, 14, 85, 68, 60, 159, 245, 222, 95, 73, 96, 101, 230, 128, 10, 100, 86, 87, 201,
	137, 99, 131, 212, 172, 14, 59, 138, 142, 75, 95, 100, 213, 191, 55, 146, 140, 149, 189, 221, 22, 47, 70, 147, 192,
	174, 5, 210, 180, 205, 183, 138, 135, 58, 238, 138, 84, 86, 146, 90, 221, 150, 223, 125, 117, 243, 3, 78, 69, 4, 144,
	153, 74, 153, 188, 92, 162, 204, 197, 163, 11, 159, 239, 183, 44, 216, 178, 155, 81, 34, 252, 118, 140, 27, 50, 70, 59,
	168, 221, 8, 102, 20, 223, 89, 61, 2, 15, 207, 66, 18, 25, 74, 223, 13, 170, 227, 65, 165, 246, 204, 201, 54, 73, 34,
	81, 89, 33, 31, 189, 211, 0, 53, 131, 18, 245, 67, 26, 101, 204, 171, 173, 250, 152, 222, 249, 161, 8, 193, 100, 227,
	91, 252, 250, 82, 40, 90, 62, 202, 190, 30, 145, 234, 82, 144, 192, 18, 244, 207, 214, 156, 144, 209, 92, 196, 54, 191,
	26, 205, 189, 16, 214, 165, 232, 59, 92, 96, 59, 37, 173, 211, 222, 101, 208, 159, 213, 85, 126, 47, 160, 190, 126, 98,
	93, 255, 80, 40, 79, 193, 251, 144, 162, 130, 216, 171, 251, 250, 158, 124, 23, 45, 99, 223, 206, 9, 190, 57, 177, 234,
	87, 178, 253, 47, 5, 118, 113, 67, 111, 70, 200, 40, 202, 148, 228, 111, 105, 56, 121, 100, 186, 76, 69, 214, 85, 210,
	225, 228, 237, 242, 102, 186, 155, 37, 84, 143, 65, 171, 249, 14, 66, 137, 55, 89, 84, 110, 34, 187, 162, 172, 233,
	155, 78, 222, 42, 212, 43, 0, 121, 238, 100, 91, 103, 225, 153, 200, 223, 177, 118, 191, 197, 229, 249, 209, 138, 205,
	204, 197, 229, 218, 228, 215, 90, 188, 173, 75, 175, 110, 1, 126, 77, 56, 41, 142, 68, 23, 246, 180, 88, 33, 248, 183,
	126, 11, 228, 126, 122, 33, 149, 122, 181, 47, 138, 48, 61, 252, 29, 40, 182, 10, 223, 72, 35, 113, 34, 84, 122, 44,
	198, 124, 28, 216, 235, 130, 31, 93, 168, 30, 214, 134, 243, 105, 1, 5, 156, 149, 30, 7, 143, 140, 238, 110, 154, 140,
	49, 73, 213, 187, 109, 223, 226, 136, 191, 48, 130, 143, 248, 136, 200, 208, 106, 142, 141, 55, 137, 0, 12, 3, 15, 136,
	242, 62, 29, 185, 158, 197, 23, 92, 245, 30, 173, 233, 244, 173, 154, 29, 194, 102, 209, 60, 30, 40, 220, 5, 218, 44,
	158, 183, 158, 47, 153, 54, 236, 29, 186, 234, 129, 100, 208, 218, 34, 153, 147, 137, 75, 73, 82, 62, 189, 247, 69,
	190, 190, 163, 6, 208, 221, 172, 82, 4, 76, 27, 26, 249, 182, 32, 52, 36, 36, 79, 127, 144, 239, 35, 95, 42, 211, 224,
	63, 61, 240, 253, 194, 161, 195, 121, 144, 106, 253, 92, 87, 92, 32, 171, 153, 11, 117, 84, 123, 220, 220, 221, 23, 27,
	203, 179, 119, 218, 188, 105, 144, 120, 237, 123, 64, 142, 208, 12, 198, 5, 101, 78, 97, 70, 41, 236, 42, 234, 52, 237,
	229, 248, 72, 114, 47, 16, 187, 173, 158, 15, 70, 49, 205, 225, 176, 76, 86, 48, 187, 4, 229, 14, 226, 221, 222, 242,
	96, 45, 52, 173, 216, 67, 181, 151, 138, 192, 164, 143, 201, 94, 214, 253, 1, 244, 175, 5, 155, 47, 97, 94, 238, 62,
	254, 12, 161, 64, 44, 148, 75, 224, 81, 156, 71, 128, 23, 37, 57, 150, 64, 165, 226, 254, 22, 231, 178, 154, 228, 41,
	242, 148, 42, 102, 117, 73, 150, 180, 133, 217, 177, 247, 205, 97, 67, 191, 53, 208, 165, 10, 183, 164, 59, 128, 118,
	179, 75, 154, 71, 176, 52, 63, 205, 128, 86, 34, 42, 193, 199, 171, 99, 43, 185, 188, 100, 213, 49, 180, 28, 46, 175,
	97, 116, 89, 202, 203, 18, 110, 65, 128, 170, 72, 226, 102, 66, 138, 107, 215, 71, 138, 145, 72, 197, 94, 35, 54, 234,
	222, 44, 241, 6, 111, 0, 203, 201, 104, 72, 138, 47, 22, 33, 111, 240, 157, 35, 51, 249, 193, 79, 80, 129, 153, 89, 88,
	128, 26, 133, 143, 224, 208, 37, 132, 125, 159, 91, 238, 186, 116, 115, 48, 6, 197, 230, 220, 140, 118, 42, 84, 231,
	168, 237, 108, 120, 121, 209, 33, 18, 112, 176, 150, 87, 192, 228, 220, 237, 193, 188, 241, 255, 4, 159, 185, 255, 29,
	62, 51, 204, 167, 52, 55, 18, 126, 198, 231, 82, 155, 97, 229, 104, 100, 161, 228, 217, 208, 204, 26, 253, 201, 254,
	41, 34, 255, 3, 54, 127, 160, 25, 248, 191, 194, 230, 15, 52, 3, 150, 243, 127, 131, 205, 127, 48, 135, 255, 10, 155,
	249, 15, 54, 127, 83, 187, 3, 126, 223, 142, 106, 167, 236, 32, 26, 211, 229, 245, 112, 219, 12, 214, 140, 190, 182,
	250, 199, 164, 62, 171, 125, 162, 30, 111, 153, 232, 221, 121, 61, 108, 230, 201, 138, 72, 215, 172, 245, 186, 173,
	220, 90, 157, 94, 248, 84, 246, 214, 165, 191, 140, 29, 53, 28, 249, 218, 177, 217, 60, 46, 119, 91, 248, 12, 206, 98,
	40, 26, 198, 223, 170, 242, 216, 49, 187, 101, 180, 78, 90, 35, 246, 38, 75, 139, 139, 58, 201, 5, 74, 79, 144, 120,
	230, 181, 144, 101, 123, 208, 211, 6, 195, 148, 192, 215, 162, 135, 255, 109, 59, 170, 185, 49, 239, 211, 198, 140,
	113, 6, 85, 150, 2, 20, 138, 255, 194, 158, 151, 141, 171, 136, 228, 79, 206, 212, 247, 182, 83, 142, 186, 158, 30,
	205, 45, 90, 150, 23, 102, 50, 213, 185, 105, 155, 4, 63, 218, 215, 129, 48, 152, 160, 182, 80, 231, 142, 121, 84, 1,
	139, 50, 117, 174, 165, 170, 20, 152, 122, 47, 212, 42, 230, 112, 1, 221, 238, 214, 150, 202, 154, 82, 37, 69, 92, 44,
	209, 45, 185, 27, 181, 250, 34, 115, 58, 68, 125, 191, 65, 138, 234, 17, 55, 81, 151, 168, 26, 50, 55, 108, 193, 142,
	250, 5, 198, 245, 233, 237, 2, 12, 245, 56, 52, 233, 36, 240, 17, 120, 21, 187, 100, 126, 93, 255, 126, 62, 167, 160,
	232, 52, 165, 156, 62, 150, 237, 252, 15, 2, 33, 16, 240, 159, 79, 220, 254, 80, 88, 228, 123, 68, 90, 241, 171, 153,
	244, 151, 201, 120, 213, 11, 30, 61, 220, 223, 10, 205, 56, 206, 47, 27, 210, 51, 55, 64, 58, 168, 231, 247, 76, 76,
	227, 78, 31, 101, 237, 196, 247, 246, 16, 113, 139, 196, 39, 231, 56, 176, 62, 65, 227, 143, 70, 140, 152, 248, 178,
	244, 195, 113, 98, 63, 199, 201, 225, 72, 198, 116, 55, 215, 173, 61, 7, 240, 152, 79, 181, 186, 180, 126, 61, 38, 210,
	167, 239, 115, 251, 229, 152, 156, 255, 15, 127, 188, 246, 219, 85, 125, 22, 5, 252, 95, 173, 234, 179, 40, 224, 203,
	170, 254, 97, 4, 224, 143, 19, 0, 135, 23, 230, 15, 214, 152, 222, 192, 216, 43, 113, 250, 42, 236, 139, 19, 162, 23,
	206, 113, 253, 23, 192, 98, 100, 98, 197, 83, 244, 128, 57, 232, 242, 216, 149, 87, 91, 242, 87, 127, 94, 150, 212,
	201, 43, 200, 125, 44, 24, 135, 50, 56, 170, 243, 115, 70, 167, 96, 153, 204, 164, 128, 186, 15, 86, 41, 142, 233, 208,
	5, 236, 250, 42, 200, 40, 220, 19, 237, 189, 15, 58, 224, 25, 51, 138, 142, 52, 97, 17, 88, 145, 179, 151, 61, 5, 21,
	74, 72, 226, 123, 213, 165, 48, 27, 81, 93, 55, 155, 222, 71, 6, 124, 238, 193, 57, 231, 111, 234, 187, 155, 204, 177,
	44, 175, 166, 111, 220, 143, 133, 124, 151, 72, 161, 215, 78, 82, 31, 74, 163, 2, 76, 250, 86, 174, 142, 96, 214, 99,
	169, 138, 32, 236, 215, 165, 115, 162, 232, 209, 43, 10, 206, 43, 141, 145, 245, 125, 227, 65, 32, 244, 174, 45, 99,
	221, 229, 151, 131, 216, 144, 111, 97, 148, 85, 224, 18, 46, 245, 82, 231, 225, 202, 0, 142, 140, 122, 191, 51, 13,
	144, 63, 210, 222, 44, 103, 166, 16, 244, 58, 220, 136, 19, 11, 246, 61, 234, 75, 230, 220, 176, 215, 228, 34, 95, 232,
	90, 140, 172, 208, 204, 185, 17, 173, 220, 198, 230, 25, 232, 69, 57, 221, 99, 147, 94, 210, 218, 207, 243, 188, 204,
	20, 131, 114, 108, 55, 114, 119, 10, 160, 96, 161, 159, 68, 188, 183, 180, 140, 13, 115, 253, 21, 111, 177, 108, 199,
	118, 249, 102, 230, 59, 53, 90, 40, 41, 188, 238, 235, 195, 194, 181, 129, 95, 4, 44, 76, 50, 168, 209, 96, 181, 18,
	210, 14, 52, 220, 139, 145, 242, 168, 91, 216, 211, 30, 202, 164, 110, 1, 242, 107, 18, 197, 166, 18, 7, 242, 228, 29,
	186, 227, 198, 235, 124, 4, 237, 225, 202, 18, 45, 222, 253, 234, 163, 111, 49, 130, 46, 59, 32, 58, 188, 165, 246,
	178, 227, 124, 145, 225, 144, 16, 72, 163, 155, 195, 108, 107, 202, 232, 69, 68, 183, 18, 66, 239, 181, 0, 176, 185, 7,
	233, 157, 52, 67, 2, 58, 86, 241, 73, 149, 216, 73, 192, 219, 145, 227, 248, 232, 81, 208, 87, 248, 237, 7, 93, 177,
	28, 47, 26, 221, 94, 86, 238, 22, 215, 42, 90, 159, 189, 64, 84, 164, 250, 200, 238, 209, 56, 50, 199, 149, 90, 119,
	137, 85, 23, 23, 72, 107, 253, 244, 78, 104, 129, 192, 158, 253, 186, 8, 160, 9, 214, 171, 36, 230, 119, 13, 226, 49,
	207, 147, 203, 210, 27, 237, 150, 240, 186, 243, 67, 202, 6, 227, 252, 156, 110, 143, 82, 141, 178, 118, 8, 137, 128,
	69, 14, 49, 189, 64, 85, 45, 44, 82, 129, 13, 38, 208, 148, 153, 76, 223, 231, 141, 31, 159, 163, 237, 86, 83, 143,
	139, 102, 41, 43, 187, 233, 190, 49, 201, 14, 146, 144, 124, 32, 237, 61, 187, 152, 77, 123, 211, 27, 245, 219, 4, 192,
	82, 21, 184, 255, 34, 124, 160, 173, 179, 72, 242, 79, 237, 122, 82, 108, 50, 240, 198, 77, 222, 98, 22, 238, 99, 121,
	125, 125, 155, 60, 0, 124, 31, 61, 240, 119, 79, 254, 203, 113, 129, 140, 69, 112, 18, 19, 115, 236, 188, 34, 37, 117,
	90, 13, 48, 191, 9, 10, 187, 98, 248, 189, 99, 185, 174, 239, 116, 253, 205, 199, 62, 247, 100, 4, 111, 232, 131, 116,
	146, 93, 85, 220, 39, 33, 115, 179, 88, 0, 111, 60, 167, 132, 165, 121, 59, 166, 76, 168, 209, 85, 102, 130, 233, 232,
	172, 186, 16, 53, 83, 90, 1, 84, 217, 32, 123, 252, 212, 226, 129, 137, 48, 49, 235, 128, 28, 44, 152, 206, 7, 25, 144,
	19, 181, 99, 145, 247, 134, 38, 197, 241, 213, 113, 138, 88, 126, 223, 109, 102, 156, 50, 92, 90, 13, 251, 74, 179,
	144, 164, 128, 39, 131, 7, 223, 178, 67, 45, 221, 131, 4, 94, 179, 238, 60, 136, 216, 104, 182, 56, 147, 17, 159, 120,
	140, 30, 83, 52, 91, 74, 147, 204, 123, 13, 159, 133, 165, 55, 225, 211, 138, 242, 139, 4, 222, 41, 139, 213, 229, 212,
	192, 66, 122, 46, 182, 40, 103, 161, 125, 151, 212, 248, 78, 170, 250, 97, 66, 42, 101, 3, 68, 202, 97, 232, 37, 128,
	47, 90, 116, 191, 58, 142, 118, 65, 64, 218, 185, 168, 212, 11, 78, 94, 213, 146, 118, 99, 37, 95, 211, 151, 214, 110,
	7, 97, 241, 137, 114, 226, 164, 127, 57, 191, 251, 27, 51, 92, 78, 72, 201, 65, 159, 51, 140, 6, 121, 20, 5, 245, 64,
	0, 49, 237, 167, 228, 241, 166, 185, 0, 157, 50, 217, 184, 173, 195, 126, 113, 93, 135, 191, 33, 69, 45, 163, 108, 185,
	223, 89, 151, 155, 143, 232, 237, 164, 153, 118, 221, 161, 42, 29, 98, 88, 17, 252, 226, 65, 118, 129, 24, 154, 118,
	76, 94, 222, 206, 227, 60, 121, 155, 13, 44, 142, 78, 59, 18, 136, 93, 253, 32, 226, 85, 228, 46, 123, 231, 209, 24,
	125, 246, 109, 54, 38, 44, 172, 110, 120, 243, 168, 235, 101, 161, 64, 213, 10, 243, 2, 114, 249, 46, 115, 101, 4, 243,
	49, 145, 225, 102, 97, 221, 185, 22, 103, 84, 87, 191, 192, 36, 76, 0, 93, 140, 204, 112, 63, 22, 220, 76, 220, 215,
	141, 81, 237, 40, 132, 175, 212, 4, 7, 3, 111, 192, 46, 1, 177, 79, 238, 60, 85, 30, 107, 61, 154, 146, 203, 250, 177,
	195, 90, 102, 106, 171, 22, 29, 218, 101, 215, 21, 68, 179, 107, 60, 51, 6, 62, 71, 37, 30, 8, 251, 240, 142, 55, 175,
	253, 225, 166, 66, 178, 200, 39, 173, 112, 143, 109, 201, 80, 187, 132, 153, 7, 50, 93, 192, 37, 19, 240, 73, 28, 202,
	249, 34, 197, 252, 210, 173, 89, 189, 229, 11, 92, 221, 64, 178, 181, 208, 103, 40, 219, 196, 229, 121, 222, 243, 5,
	47, 107, 160, 232, 95, 227, 59, 211, 222, 38, 1, 109, 47, 174, 225, 92, 76, 161, 70, 167, 74, 244, 115, 43, 171, 170,
	179, 247, 249, 96, 82, 55, 120, 215, 16, 218, 23, 143, 136, 88, 156, 198, 34, 125, 72, 91, 174, 75, 80, 21, 127, 159,
	149, 166, 52, 254, 127, 236, 71, 58, 15, 143, 243, 199, 176, 60, 134, 191, 156, 66, 244, 239, 99, 252, 237, 67, 131,
	201, 239, 101, 102, 18, 155, 25, 229, 34, 28, 88, 124, 251, 253, 8, 162, 34, 52, 127, 16, 86, 115, 29, 198, 77, 17,
	245, 144, 80, 64, 59, 220, 19, 114, 255, 28, 154, 149, 15, 170, 254, 134, 178, 98, 197, 235, 214, 215, 76, 235, 7, 89,
	171, 208, 55, 139, 232, 163, 158, 240, 67, 58, 54, 68, 62, 233, 216, 242, 7, 185, 199, 77, 85, 76, 23, 19, 190, 168,
	173, 241, 242, 51, 14, 78, 195, 86, 82, 197, 55, 246, 42, 184, 95, 222, 212, 137, 124, 13, 78, 27, 183, 112, 63, 111,
	214, 120, 251, 119, 78, 253, 153, 10, 244, 135, 130, 196, 170, 59, 20, 164, 58, 31, 98, 160, 162, 95, 39, 14, 86, 235,
	23, 201, 254, 111, 215, 74, 134, 126, 178, 63, 200, 223, 89, 170, 108, 29, 225, 161, 150, 197, 85, 115, 184, 21, 248,
	53, 152, 238, 30, 92, 171, 50, 238, 55, 117, 137, 199, 215, 149, 126, 242, 224, 228, 30, 251, 214, 51, 98, 232, 42,
	178, 127, 202, 149, 151, 95, 244, 49, 126, 232, 234, 83, 184, 117, 162, 157, 42, 252, 210, 23, 234, 54, 252, 251, 81,
	254, 107, 50, 57, 181, 169, 209, 151, 55, 229, 181, 58, 188, 122, 251, 249, 102, 206, 249, 102, 72, 20, 72, 63, 76,
	103, 98, 24, 224, 223, 46, 112, 215, 150, 33, 222, 151, 38, 226, 109, 175, 120, 51, 229, 137, 191, 17, 21, 33, 41, 131,
	242, 121, 10, 53, 248, 27, 63, 14, 128, 230, 176, 91, 93, 44, 35, 247, 160, 147, 247, 243, 36, 20, 164, 164, 21, 219,
	58, 204, 50, 154, 229, 149, 187, 135, 20, 33, 226, 65, 22, 230, 111, 178, 223, 5, 94, 159, 94, 201, 121, 186, 175, 160,
	163, 19, 208, 248, 36, 107, 68, 169, 81, 50, 70, 222, 105, 210, 46, 128, 3, 23, 217, 59, 195, 32, 73, 126, 60, 111,
	254, 83, 189, 190, 165, 192, 190, 237, 3, 136, 248, 113, 187, 76, 34, 226, 101, 59, 177, 54, 207, 161, 141, 56, 14,
	193, 83, 197, 53, 177, 197, 104, 69, 29, 183, 66, 195, 21, 200, 73, 149, 229, 142, 40, 52, 232, 157, 46, 0, 141, 120,
	54, 117, 207, 230, 253, 78, 118, 55, 195, 116, 235, 33, 10, 68, 56, 97, 245, 136, 24, 146, 135, 115, 24, 75, 8, 71, 90,
	167, 138, 119, 129, 179, 119, 82, 177, 47, 210, 40, 203, 240, 84, 65, 236, 48, 217, 186, 174, 142, 239, 197, 202, 244,
	238, 21, 140, 15, 224, 216, 110, 159, 50, 101, 229, 72, 145, 142, 69, 134, 59, 203, 227, 88, 91, 61, 12, 66, 107, 16,
	166, 152, 194, 200, 74, 143, 217, 54, 170, 108, 171, 201, 29, 234, 230, 170, 157, 12, 101, 163, 175, 99, 8, 45, 177,
	188, 189, 14, 157, 54, 47, 250, 110, 189, 97, 75, 5, 188, 181, 245, 178, 198, 224, 113, 193, 125, 220, 26, 184, 63,
	214, 38, 187, 180, 155, 49, 248, 148, 4, 122, 113, 196, 110, 238, 248, 192, 27, 170, 71, 183, 103, 9, 117, 98, 86, 41,
	15, 35, 119, 178, 241, 101, 30, 254, 237, 5, 119, 144, 35, 15, 34, 121, 53, 104, 168, 4, 110, 210, 253, 253, 158, 21,
	137, 174, 86, 6, 236, 183, 180, 137, 42, 69, 217, 152, 251, 185, 120, 16, 14, 51, 136, 245, 106, 217, 202, 147, 53,
	245, 86, 236, 158, 197, 160, 253, 210, 21, 210, 35, 232, 144, 188, 139, 233, 254, 130, 237, 117, 128, 47, 247, 153, 81,
	68, 236, 0, 100, 71, 202, 24, 68, 189, 243, 40, 71, 129, 183, 8, 9, 230, 7, 52, 186, 236, 93, 74, 22, 175, 224, 197,
	218, 230, 229, 86, 209, 228, 231, 203, 76, 53, 150, 192, 152, 140, 160, 185, 20, 219, 56, 247, 206, 38, 28, 213, 77,
	181, 181, 211, 195, 197, 76, 49, 203, 124, 0, 132, 19, 157, 140, 86, 90, 242, 64, 111, 175, 149, 162, 58, 122, 35, 179,
	94, 114, 109, 49, 209, 165, 136, 104, 220, 67, 48, 65, 232, 163, 48, 229, 103, 22, 189, 155, 176, 16, 208, 9, 92, 69,
	254, 24, 39, 65, 196, 87, 102, 171, 140, 102, 232, 239, 156, 161, 122, 58, 32, 150, 240, 180, 91, 150, 138, 238, 24,
	61, 19, 29, 182, 28, 33, 113, 127, 54, 189, 25, 102, 250, 59, 197, 20, 181, 109, 179, 138, 171, 193, 111, 5, 238, 95,
	154, 150, 127, 29, 77, 36, 111, 57, 36, 108, 37, 208, 193, 23, 103, 127, 235, 33, 115, 71, 212, 39, 238, 142, 129, 202,
	93, 127, 105, 90, 78, 3, 146, 30, 67, 92, 203, 43, 162, 119, 26, 234, 53, 149, 210, 163, 86, 248, 131, 214, 126, 97,
	45, 192, 143, 161, 185, 223, 68, 230, 254, 178, 24, 222, 121, 226, 216, 107, 140, 139, 134, 37, 79, 230, 209, 82, 113,
	189, 201, 128, 219, 31, 202, 29, 134, 81, 93, 21, 61, 79, 178, 243, 10, 100, 68, 193, 129, 198, 168, 107, 7, 214, 85,
	136, 195, 160, 225, 167, 115, 81, 72, 137, 206, 30, 15, 55, 136, 110, 16, 92, 204, 202, 110, 72, 24, 233, 31, 137, 226,
	119, 20, 117, 207, 21, 253, 190, 31, 27, 80, 226, 239, 137, 142, 180, 49, 29, 51, 31, 39, 73, 83, 218, 203, 218, 178,
	40, 18, 23, 30, 229, 176, 98, 30, 139, 81, 114, 56, 147, 138, 31, 43, 136, 11, 138, 148, 246, 48, 151, 213, 182, 201,
	135, 77, 234, 167, 115, 114, 3, 173, 174, 24, 239, 166, 174, 136, 236, 4, 100, 236, 5, 229, 48, 87, 112, 211, 178, 123,
	238, 201, 253, 205, 79, 61, 255, 18, 236, 107, 160, 21, 237, 147, 10, 175, 229, 78, 227, 115, 17, 174, 215, 93, 38, 78,
	175, 192, 24, 160, 19, 243, 92, 182, 103, 35, 82, 93, 249, 209, 166, 131, 224, 37, 51, 17, 173, 6, 42, 112, 58, 23,
	208, 98, 156, 142, 177, 101, 188, 240, 110, 97, 75, 92, 61, 88, 130, 123, 59, 180, 166, 35, 79, 207, 79, 3, 109, 47,
	106, 22, 105, 74, 141, 232, 6, 161, 19, 74, 11, 138, 188, 67, 135, 30, 243, 224, 94, 168, 184, 208, 202, 94, 175, 218,
	74, 46, 153, 4, 192, 172, 253, 222, 223, 43, 79, 237, 226, 168, 42, 58, 83, 130, 67, 27, 53, 18, 221, 209, 239, 183,
	101, 154, 181, 170, 85, 233, 232, 69, 190, 140, 65, 222, 101, 200, 69, 110, 46, 236, 163, 216, 35, 2, 143, 14, 54, 122,
	207, 181, 107, 57, 178, 17, 54, 185, 45, 24, 10, 112, 1, 121, 191, 210, 22, 22, 42, 209, 16, 81, 70, 194, 135, 198,
	179, 27, 110, 136, 132, 101, 38, 65, 85, 135, 214, 159, 71, 252, 21, 28, 179, 43, 147, 200, 81, 128, 10, 255, 26, 113,
	78, 121, 178, 83, 233, 232, 208, 58, 23, 115, 195, 42, 205, 184, 33, 25, 44, 2, 207, 138, 156, 106, 140, 155, 157, 139,
	212, 165, 167, 179, 6, 229, 242, 1, 190, 220, 129, 134, 210, 42, 220, 115, 233, 98, 36, 81, 12, 174, 182, 234, 133,
	210, 202, 107, 204, 128, 29, 166, 122, 189, 17, 244, 66, 109, 22, 165, 186, 132, 87, 246, 68, 211, 105, 189, 37, 236,
	64, 113, 187, 241, 194, 112, 90, 211, 186, 77, 59, 180, 128, 111, 216, 134, 168, 229, 166, 209, 47, 69, 231, 31, 65,
	214, 78, 47, 3, 153, 110, 246, 198, 182, 53, 143, 138, 134, 206, 229, 67, 142, 62, 39, 223, 90, 242, 22, 146, 220, 161,
	189, 25, 189, 66, 55, 81, 214, 93, 129, 1, 187, 244, 198, 227, 36, 5, 211, 205, 83, 189, 194, 47, 234, 165, 159, 183,
	26, 166, 90, 53, 222, 171, 34, 150, 34, 221, 100, 58, 220, 121, 222, 51, 82, 223, 213, 176, 234, 154, 162, 140, 215,
	255, 239, 159, 70, 30, 206, 205, 255, 112, 204, 255, 251, 82, 42, 251, 159, 143, 60, 100, 162, 79, 209, 235, 227, 187,
	96, 190, 249, 144, 136, 54, 144, 56, 219, 125, 49, 53, 173, 81, 211, 53, 121, 31, 228, 159, 165, 228, 160, 95, 176,
	214, 4, 28, 150, 251, 118, 250, 63, 96, 27, 154, 129, 118, 156, 176, 191, 72, 156, 245, 204, 132, 19, 59, 175, 245,
	145, 9, 222, 148, 238, 180, 163, 84, 220, 172, 218, 233, 249, 178, 63, 48, 118, 195, 190, 128, 112, 230, 67, 95, 248,
	6, 240, 99, 253, 215, 47, 229, 95, 63, 14, 26, 116, 254, 24, 52, 8, 39, 54, 205, 155, 59, 116, 232, 236, 215, 65, 131,
	223, 199, 88, 28, 210, 71, 188, 54, 221, 53, 214, 133, 190, 207, 177, 56, 47, 126, 191, 86, 254, 249, 86, 254, 238, 78,
	128, 255, 244, 86, 254, 238, 78, 128, 127, 231, 86, 254, 126, 164, 133, 195, 221, 37, 124, 16, 78, 195, 0, 44, 13, 86,
	105, 136, 81, 29, 143, 125, 208, 151, 92, 237, 146, 66, 47, 170, 54, 120, 190, 154, 188, 139, 156, 29, 69, 104, 180,
	145, 120, 148, 174, 174, 251, 77, 238, 116, 15, 97, 216, 246, 230, 52, 252, 78, 196, 35, 12, 49, 62, 90, 149, 134, 42,
	89, 180, 221, 183, 192, 139, 86, 67, 2, 102, 56, 248, 6, 65, 10, 243, 144, 189, 28, 60, 15, 119, 158, 191, 159, 68,
	183, 25, 180, 187, 222, 106, 98, 130, 245, 9, 39, 238, 127, 219, 79, 45, 154, 95, 147, 39, 95, 61, 75, 9, 18, 162, 214,
	172, 178, 114, 56, 94, 249, 131, 128, 7, 88, 204, 237, 11, 193, 241, 164, 242, 23, 42, 165, 127, 138, 241, 1, 95, 131,
	124, 20, 235, 217, 72, 131, 61, 75, 46, 215, 65, 217, 253, 200, 134, 174, 151, 244, 137, 147, 51, 108, 141, 146, 160,
	32, 246, 61, 21, 151, 90, 230, 81, 168, 236, 82, 47, 172, 95, 152, 53, 202, 226, 240, 174, 98, 144, 71, 38, 205, 252,
	34, 85, 13, 152, 157, 29, 129, 248, 210, 182, 203, 108, 213, 123, 150, 93, 21, 58, 81, 69, 81, 15, 202, 34, 142, 167,
	170, 198, 46, 195, 53, 140, 100, 255, 162, 15, 177, 54, 222, 197, 40, 10, 231, 244, 229, 46, 57, 9, 178, 28, 81, 253,
	59, 103, 243, 75, 101, 251, 35, 251, 7, 119, 224, 31, 125, 129, 245, 195, 18, 241, 215, 191, 196, 226, 6, 50, 114, 149,
	82, 46, 216, 76, 165, 151, 124, 240, 220, 11, 124, 115, 126, 133, 62, 232, 35, 22, 135, 255, 42, 22, 103, 254, 95, 157,
	85, 224, 159, 118, 184, 248, 71, 154, 236, 139, 244, 123, 245, 125, 131, 187, 105, 235, 125, 254, 64, 245, 227, 112,
	80, 224, 95, 135, 150, 67, 84, 231, 19, 56, 228, 142, 127, 157, 217, 31, 174, 149, 63, 223, 210, 239, 238, 8, 248, 111,
	204, 207, 175, 119, 4, 252, 111, 111, 233, 119, 149, 170, 192, 95, 168, 204, 89, 74, 136, 223, 166, 35, 233, 19, 231,
	97, 181, 16, 238, 188, 215, 160, 186, 155, 106, 125, 60, 119, 134, 188, 238, 81, 11, 113, 194, 241, 64, 202, 121, 100,
	19, 198, 62, 232, 92, 35, 222, 64, 94, 77, 181, 130, 233, 45, 76, 241, 3, 181, 23, 97, 71, 190, 50, 58, 229, 122, 132,
	11, 182, 42, 187, 229, 58, 201, 80, 84, 119, 24, 58, 5, 246, 111, 120, 67, 185, 216, 161, 119, 201, 75, 229, 204, 112,
	198, 57, 173, 143, 141, 119, 107, 124, 132, 87, 26, 67, 0, 81, 39, 40, 23, 35, 176, 43, 109, 215, 10, 35, 213, 227, 85,
	222, 65, 9, 57, 48, 7, 149, 196, 167, 217, 107, 235, 44, 25, 106, 191, 146, 106, 201, 116, 49, 78, 172, 9, 250, 142,
	224, 224, 5, 222, 225, 40, 48, 112, 210, 219, 247, 181, 146, 174, 204, 205, 121, 32, 64, 46, 55, 210, 148, 185, 108,
	83, 66, 30, 235, 64, 120, 127, 127, 242, 132, 236, 233, 178, 87, 101, 71, 244, 124, 207, 164, 161, 170, 99, 163, 221,
	80, 241, 50, 4, 136, 60, 223, 222, 5, 71, 188, 235, 218, 127, 20, 196, 214, 34, 20, 156, 184, 241, 164, 182, 104, 47,
	76, 64, 1, 210, 119, 238, 37, 95, 69, 202, 59, 208, 103, 189, 153, 35, 59, 102, 110, 28, 87, 252, 121, 80, 59, 116,
	120, 187, 225, 74, 75, 104, 52, 62, 243, 114, 233, 27, 60, 135, 147, 77, 166, 140, 96, 124, 113, 93, 86, 160, 136, 122,
	126, 197, 176, 43, 196, 77, 255, 58, 189, 225, 164, 83, 245, 69, 230, 132, 157, 145, 72, 194, 173, 225, 227, 42, 160,
	7, 198, 94, 195, 252, 178, 233, 3, 236, 30, 152, 26, 229, 196, 205, 30, 39, 212, 111, 198, 32, 88, 175, 226, 10, 145,
	122, 243, 234, 95, 55, 47, 211, 164, 89, 22, 154, 146, 48, 42, 199, 172, 128, 220, 11, 202, 82, 118, 175, 208, 54, 172,
	140, 61, 142, 208, 121, 75, 19, 5, 81, 61, 146, 190, 239, 90, 65, 147, 86, 197, 77, 79, 228, 146, 45, 216, 30, 168, 54,
	191, 79, 119, 202, 204, 8, 190, 191, 27, 222, 83, 166, 13, 6, 52, 10, 3, 27, 35, 168, 124, 200, 128, 1, 202, 55, 247,
	185, 171, 228, 44, 94, 13, 234, 17, 148, 231, 137, 247, 67, 238, 116, 139, 40, 18, 186, 104, 145, 53, 67, 70, 31, 231,
	143, 66, 152, 226, 190, 120, 32, 66, 58, 19, 30, 168, 7, 82, 208, 169, 163, 61, 65, 198, 188, 196, 111, 36, 157, 28,
	213, 14, 129, 182, 12, 229, 172, 137, 26, 144, 238, 64, 188, 122, 186, 162, 130, 174, 75, 72, 155, 203, 117, 135, 143,
	130, 69, 88, 65, 140, 176, 221, 100, 79, 226, 75, 23, 38, 78, 34, 146, 11, 189, 20, 100, 215, 250, 231, 45, 160, 78,
	218, 42, 49, 106, 2, 22, 11, 108, 139, 119, 64, 180, 14, 243, 66, 216, 240, 147, 228, 112, 103, 204, 144, 201, 241,
	164, 233, 231, 82, 213, 127, 35, 159, 99, 171, 151, 109, 131, 129, 133, 82, 156, 22, 66, 103, 91, 107, 177, 144, 183,
	251, 77, 209, 140, 75, 249, 251, 200, 228, 47, 94, 179, 246, 61, 119, 206, 189, 94, 176, 73, 41, 128, 50, 81, 224, 66,
	31, 222, 228, 89, 178, 88, 191, 7, 82, 63, 161, 142, 163, 174, 168, 186, 158, 174, 94, 43, 95, 74, 31, 206, 172, 135,
	19, 23, 222, 251, 25, 29, 154, 179, 213, 168, 191, 53, 52, 129, 168, 151, 149, 192, 146, 18, 116, 151, 160, 224, 17,
	238, 32, 70, 128, 82, 90, 173, 174, 37, 204, 246, 33, 206, 25, 131, 55, 139, 134, 26, 154, 247, 71, 128, 74, 54, 225,
	12, 122, 84, 132, 149, 198, 44, 221, 161, 14, 109, 156, 237, 98, 155, 74, 16, 124, 109, 45, 232, 250, 64, 251, 186, 14,
	193, 55, 212, 92, 202, 151, 96, 188, 145, 59, 240, 68, 172, 0, 179, 82, 28, 93, 26, 109, 126, 168, 199, 67, 21, 76, 68,
	41, 179, 9, 213, 44, 76, 117, 84, 137, 116, 133, 92, 143, 44, 136, 128, 32, 53, 101, 17, 107, 24, 149, 33, 95, 73, 142,
	114, 123, 29, 234, 45, 249, 129, 171, 176, 100, 139, 5, 211, 19, 0, 19, 238, 189, 254, 212, 114, 156, 181, 48, 247, 51,
	211, 53, 111, 157, 59, 125, 115, 33, 143, 91, 239, 137, 62, 87, 66, 238, 139, 235, 187, 28, 83, 255, 189, 85, 210, 22,
	110, 15, 247, 134, 180, 202, 39, 160, 201, 139, 87, 206, 220, 94, 50, 146, 83, 187, 169, 199, 20, 128, 86, 81, 142, 61,
	12, 154, 226, 155, 238, 242, 40, 138, 69, 170, 70, 182, 74, 33, 230, 242, 14, 214, 90, 69, 192, 123, 238, 14, 135, 168,
	129, 133, 82, 103, 121, 143, 201, 107, 139, 17, 160, 123, 219, 91, 36, 239, 109, 69, 121, 169, 77, 15, 185, 41, 169,
	181, 143, 14, 240, 125, 107, 144, 9, 112, 145, 9, 177, 148, 21, 95, 32, 113, 236, 162, 86, 200, 250, 240, 75, 75, 127,
	188, 76, 95, 213, 217, 133, 34, 70, 248, 157, 15, 71, 113, 60, 37, 53, 143, 167, 227, 198, 26, 55, 98, 185, 178, 118,
	117, 217, 199, 231, 225, 63, 12, 27, 116, 74, 0, 159, 76, 16, 131, 46, 248, 28, 251, 142, 101, 109, 141, 184, 139, 120,
	196, 99, 11, 42, 198, 174, 58, 78, 48, 233, 223, 106, 178, 3, 197, 249, 238, 168, 189, 28, 145, 145, 49, 86, 126, 213,
	177, 137, 48, 162, 219, 92, 176, 38, 54, 92, 189, 91, 115, 220, 253, 198, 1, 78, 210, 192, 18, 195, 114, 43, 154, 81,
	148, 52, 222, 22, 177, 119, 69, 181, 115, 24, 77, 83, 234, 120, 157, 1, 73, 182, 215, 177, 171, 107, 174, 201, 125,
	159, 102, 212, 116, 146, 211, 164, 88, 237, 19, 191, 44, 40, 228, 90, 188, 95, 73, 227, 128, 250, 122, 148, 86, 192,
	105, 80, 120, 200, 207, 50, 38, 46, 101, 62, 27, 112, 168, 143, 114, 14, 225, 242, 5, 245, 199, 233, 142, 156, 94, 159,
	41, 21, 167, 149, 225, 73, 109, 211, 49, 237, 116, 137, 154, 226, 230, 236, 150, 39, 195, 8, 165, 6, 236, 204, 150,
	201, 223, 118, 192, 205, 237, 23, 170, 240, 191, 158, 94, 206, 143, 159, 112, 33, 246, 157, 202, 187, 220, 170, 120,
	104, 69, 171, 85, 21, 11, 124, 147, 101, 147, 50, 223, 198, 102, 188, 128, 180, 250, 219, 240, 97, 248, 107, 147, 138,
	199, 161, 159, 30, 17, 248, 91, 245, 166, 82, 241, 109, 228, 99, 101, 100, 211, 122, 24, 88, 239, 4, 193, 158, 137,
	224, 254, 41, 76, 248, 7, 110, 242, 137, 224, 149, 64, 38, 158, 120, 216, 212, 91, 230, 187, 63, 207, 8, 231, 79, 220,
	172, 191, 54, 187, 253, 136, 153, 223, 162, 129, 26, 251, 97, 233, 5, 172, 29, 46, 242, 149, 5, 152, 43, 240, 211, 197,
	242, 92, 227, 207, 52, 192, 117, 74, 238, 170, 178, 238, 183, 234, 217, 217, 244, 179, 58, 105, 180, 90, 226, 176, 175,
	171, 106, 248, 241, 92, 253, 151, 168, 31, 240, 231, 22, 25, 111, 60, 41, 3, 148, 54, 159, 252, 34, 15, 71, 14, 23,
	253, 56, 123, 221, 19, 189, 249, 107, 235, 153, 249, 83, 116, 239, 19, 220, 3, 254, 173, 232, 158, 106, 104, 16, 184,
	147, 52, 111, 100, 236, 201, 230, 224, 176, 152, 105, 119, 162, 201, 80, 103, 242, 37, 139, 90, 12, 127, 132, 151, 231,
	1, 32, 75, 40, 244, 46, 145, 79, 70, 165, 136, 71, 163, 54, 47, 214, 204, 139, 196, 189, 177, 78, 244, 28, 182, 211,
	151, 62, 221, 52, 77, 137, 224, 187, 122, 31, 155, 53, 193, 161, 106, 52, 250, 45, 67, 100, 147, 237, 244, 21, 194, 78,
	58, 164, 5, 215, 155, 92, 65, 9, 144, 148, 180, 139, 24, 62, 101, 69, 43, 54, 68, 135, 44, 155, 150, 214, 188, 169,
	139, 83, 209, 243, 171, 89, 180, 187, 159, 11, 7, 115, 45, 50, 189, 224, 189, 245, 45, 185, 198, 27, 55, 201, 247, 229,
	198, 207, 49, 219, 200, 8, 56, 247, 153, 24, 122, 251, 141, 22, 110, 128, 246, 40, 114, 249, 118, 66, 74, 250, 184,
	217, 116, 146, 121, 83, 174, 58, 61, 251, 156, 227, 35, 129, 67, 53, 18, 186, 192, 170, 229, 60, 216, 123, 173, 102,
	64, 21, 189, 152, 247, 249, 154, 71, 237, 65, 84, 32, 25, 118, 163, 181, 245, 81, 178, 186, 26, 152, 81, 25, 80, 148,
	34, 113, 79, 87, 202, 151, 31, 231, 118, 166, 40, 145, 213, 249, 250, 5, 42, 102, 122, 87, 56, 201, 97, 25, 219, 150,
	197, 155, 107, 32, 89, 125, 181, 182, 151, 93, 11, 116, 186, 97, 21, 107, 24, 183, 107, 29, 103, 164, 123, 23, 168,
	181, 111, 216, 193, 123, 249, 128, 103, 139, 201, 179, 110, 221, 129, 136, 137, 107, 200, 207, 52, 57, 21, 225, 114,
	27, 57, 225, 22, 199, 148, 8, 21, 219, 252, 54, 122, 57, 145, 200, 172, 218, 38, 48, 237, 218, 107, 104, 223, 122, 6,
	170, 69, 52, 26, 8, 193, 154, 45, 236, 254, 10, 145, 71, 72, 228, 128, 243, 174, 178, 177, 35, 84, 246, 121, 128, 187,
	119, 165, 192, 136, 50, 223, 3, 119, 37, 8, 8, 151, 5, 28, 122, 70, 204, 105, 27, 43, 181, 212, 252, 4, 30, 203, 205,
	43, 137, 184, 144, 106, 188, 127, 72, 137, 90, 115, 163, 177, 40, 249, 3, 140, 178, 199, 171, 138, 128, 114, 14, 164,
	197, 137, 182, 23, 12, 171, 235, 19, 2, 207, 229, 190, 142, 3, 94, 157, 56, 50, 27, 38, 72, 37, 176, 65, 125, 142, 147,
	210, 132, 52, 102, 201, 46, 202, 149, 118, 249, 124, 183, 18, 239, 213, 214, 229, 50, 216, 88, 216, 30, 254, 252, 234,
	194, 120, 4, 216, 96, 115, 177, 38, 82, 163, 250, 98, 46, 47, 33, 166, 170, 112, 194, 36, 131, 41, 148, 214, 176, 143,
	91, 151, 31, 43, 125, 147, 200, 199, 17, 128, 246, 157, 147, 232, 58, 28, 94, 245, 1, 153, 82, 112, 69, 90, 235, 224,
	181, 187, 56, 42, 20, 122, 119, 95, 171, 13, 120, 1, 85, 25, 233, 194, 240, 172, 199, 6, 118, 166, 47, 35, 67, 246,
	237, 238, 99, 224, 254, 8, 99, 152, 131, 86, 38, 248, 57, 186, 247, 83, 117, 134, 208, 188, 199, 220, 189, 94, 55, 50,
	118, 36, 0, 66, 195, 75, 23, 104, 209, 100, 100, 231, 151, 247, 87, 116, 224, 151, 240, 32, 21, 199, 205, 70, 58, 121,
	46, 194, 111, 181, 116, 158, 37, 254, 76, 225, 6, 2, 72, 200, 124, 254, 133, 75, 248, 151, 209, 189, 190, 240, 230,
	105, 130, 188, 61, 185, 28, 219, 139, 69, 232, 234, 177, 62, 223, 106, 125, 174, 12, 193, 118, 138, 2, 107, 208, 179,
	101, 244, 185, 237, 129, 67, 226, 196, 187, 66, 224, 101, 17, 107, 4, 95, 72, 113, 184, 213, 219, 123, 126, 38, 18,
	113, 107, 12, 232, 8, 103, 147, 171, 68, 214, 107, 31, 175, 141, 89, 109, 243, 228, 184, 24, 7, 218, 183, 60, 3, 168,
	238, 134, 22, 246, 51, 61, 180, 109, 26, 96, 194, 109, 69, 56, 124, 80, 87, 164, 160, 26, 12, 55, 241, 224, 110, 53,
	232, 116, 226, 7, 63, 78, 30, 55, 59, 66, 158, 44, 220, 205, 120, 193, 34, 135, 94, 162, 27, 200, 7, 219, 52, 37, 110,
	218, 245, 133, 21, 2, 97, 22, 33, 203, 46, 131, 16, 149, 245, 111, 196, 114, 8, 249, 161, 181, 33, 5, 206, 4, 39, 34,
	136, 191, 96, 239, 113, 111, 70, 205, 173, 8, 51, 101, 84, 141, 187, 92, 167, 146, 115, 13, 43, 126, 190, 159, 113, 91,
	79, 213, 201, 152, 203, 42, 229, 87, 75, 126, 3, 113, 150, 8, 90, 41, 62, 65, 163, 167, 230, 122, 51, 54, 125, 190,
	170, 253, 129, 102, 62, 23, 192, 27, 21, 205, 185, 104, 51, 15, 18, 55, 223, 112, 226, 23, 139, 187, 189, 61, 253, 62,
	158, 135, 153, 204, 140, 252, 89, 8, 47, 131, 139, 166, 172, 9, 103, 28, 219, 128, 141, 62, 218, 140, 175, 195, 219,
	186, 203, 7, 58, 230, 89, 164, 198, 39, 129, 179, 109, 158, 121, 227, 112, 250, 166, 232, 164, 212, 158, 135, 116, 81,
	192, 85, 37, 61, 154, 37, 156, 211, 186, 93, 223, 42, 164, 210, 149, 69, 13, 226, 36, 96, 65, 10, 237, 66, 56, 27, 64,
	201, 208, 87, 120, 87, 56, 115, 218, 57, 254, 61, 214, 201, 227, 5, 121, 1, 15, 142, 226, 126, 64, 87, 94, 158, 83,
	210, 126, 83, 38, 120, 101, 145, 98, 198, 137, 163, 45, 186, 53, 148, 110, 73, 235, 33, 110, 175, 192, 5, 134, 220,
	169, 172, 19, 88, 86, 58, 84, 64, 229, 34, 25, 45, 14, 187, 191, 131, 67, 24, 136, 39, 175, 150, 95, 125, 158, 165,
	145, 176, 231, 124, 183, 181, 218, 43, 227, 73, 179, 190, 45, 96, 104, 50, 139, 176, 150, 158, 197, 150, 148, 141, 119,
	7, 184, 160, 101, 32, 94, 2, 167, 72, 14, 139, 134, 20, 242, 0, 34, 47, 45, 46, 209, 212, 62, 154, 168, 147, 57, 156,
	138, 18, 200, 108, 204, 40, 34, 26, 127, 153, 213, 72, 156, 65, 196, 124, 72, 19, 157, 238, 248, 226, 89, 96, 170, 99,
	242, 158, 116, 142, 3, 9, 188, 202, 166, 27, 226, 93, 164, 233, 105, 75, 158, 86, 92, 7, 128, 138, 174, 3, 162, 47,
	220, 83, 110, 111, 43, 117, 168, 234, 92, 150, 25, 217, 179, 150, 52, 63, 60, 187, 164, 94, 112, 233, 84, 44, 166, 11,
	43, 187, 241, 49, 194, 222, 177, 191, 31, 79, 43, 82, 39, 7, 167, 254, 199, 81, 236, 31, 212, 233, 63, 42, 179, 8, 12,
	252, 55, 221, 172, 239, 15, 38, 161, 223, 71, 125, 155, 122, 218, 59, 162, 78, 178, 4, 17, 235, 21, 145, 67, 145, 84,
	161, 121, 249, 219, 145, 223, 227, 175, 177, 132, 79, 145, 212, 79, 144, 107, 11, 222, 120, 2, 255, 73, 224, 212, 211,
	74, 104, 207, 232, 116, 186, 63, 255, 15, 125, 236, 227, 27, 215, 41, 226, 61, 211, 70, 235, 36, 174, 158, 211, 171,
	117, 250, 212, 222, 87, 81, 168, 211, 51, 63, 225, 148, 171, 84, 70, 250, 6, 185, 137, 205, 241, 182, 237, 126, 114,
	139, 150, 234, 238, 180, 237, 126, 73, 194, 125, 159, 24, 183, 127, 169, 47, 250, 90, 107, 180, 125, 153, 14, 231, 112,
	171, 230, 184, 7, 160, 127, 45, 54, 130, 191, 60, 225, 248, 122, 81, 131, 187, 53, 249, 53, 11, 10, 75, 191, 80, 156,
	103, 157, 8, 219, 73, 26, 234, 82, 226, 248, 50, 244, 173, 26, 72, 252, 243, 23, 129, 159, 35, 134, 182, 163, 64, 171,
	195, 64, 46, 99, 134, 150, 147, 86, 131, 226, 192, 130, 191, 48, 139, 86, 253, 208, 151, 77, 102, 169, 215, 55, 138,
	35, 64, 79, 218, 173, 234, 143, 188, 166, 235, 240, 234, 23, 145, 122, 224, 23, 157, 217, 93, 253, 79, 244, 175, 164,
	133, 193, 112, 178, 110, 86, 175, 173, 199, 74, 3, 100, 165, 53, 217, 198, 33, 142, 89, 170, 4, 102, 231, 242, 107,
	102, 237, 235, 9, 240, 195, 243, 113, 243, 79, 147, 134, 221, 42, 217, 108, 130, 136, 224, 197, 117, 188, 88, 124, 25,
	189, 12, 167, 224, 80, 79, 96, 64, 252, 176, 39, 161, 205, 148, 121, 181, 58, 40, 152, 129, 24, 25, 111, 142, 114, 81,
	203, 216, 124, 180, 150, 128, 225, 78, 137, 61, 10, 84, 109, 116, 169, 20, 51, 94, 15, 73, 167, 157, 57, 158, 187, 32,
	167, 155, 73, 118, 57, 68, 248, 214, 139, 159, 171, 87, 164, 88, 197, 35, 86, 117, 239, 85, 192, 77, 205, 246, 49, 18,
	2, 110, 253, 156, 145, 117, 184, 197, 4, 217, 93, 102, 189, 10, 202, 55, 159, 98, 133, 136, 215, 4, 147, 78, 168, 250,
	78, 244, 124, 232, 171, 108, 218, 144, 3, 148, 222, 17, 118, 154, 232, 40, 190, 194, 170, 108, 150, 52, 168, 51, 124,
	53, 194, 141, 188, 57, 243, 14, 222, 1, 140, 31, 162, 13, 133, 50, 80, 126, 69, 151, 125, 175, 138, 102, 89, 239, 207,
	139, 206, 192, 228, 22, 240, 251, 108, 182, 227, 251, 21, 138, 10, 133, 235, 209, 222, 189, 30, 12, 68, 201, 166, 99,
	36, 88, 253, 196, 193, 24, 143, 210, 19, 107, 88, 50, 116, 158, 45, 183, 0, 89, 211, 18, 149, 118, 77, 20, 255, 102,
	17, 239, 5, 22, 154, 249, 145, 108, 190, 250, 88, 104, 229, 126, 167, 94, 186, 68, 85, 9, 27, 87, 58, 40, 173, 85, 174,
	161, 28, 1, 210, 198, 225, 15, 132, 5, 89, 210, 205, 99, 165, 55, 74, 87, 67, 26, 82, 179, 107, 1, 80, 168, 36, 188,
	201, 170, 161, 147, 211, 247, 118, 143, 209, 140, 193, 71, 248, 100, 74, 221, 125, 108, 29, 17, 189, 236, 198, 139, 90,
	105, 41, 189, 171, 178, 220, 86, 158, 139, 176, 135, 206, 239, 147, 174, 247, 52, 37, 168, 238, 236, 104, 143, 171,
	185, 36, 29, 231, 138, 128, 80, 170, 242, 133, 67, 160, 247, 122, 111, 226, 220, 97, 124, 211, 151, 162, 208, 243, 135,
	106, 81, 80, 13, 37, 114, 27, 138, 119, 189, 189, 137, 184, 246, 180, 167, 176, 231, 112, 248, 234, 208, 93, 216, 96,
	156, 225, 107, 133, 224, 169, 126, 112, 185, 119, 160, 36, 245, 13, 240, 140, 163, 43, 217, 39, 132, 168, 43, 115, 242,
	54, 143, 123, 167, 153, 79, 106, 168, 29, 52, 65, 93, 206, 67, 41, 73, 28, 124, 164, 44, 229, 238, 170, 62, 224, 205,
	34, 105, 115, 52, 21, 52, 14, 105, 24, 79, 27, 46, 19, 17, 117, 122, 221, 7, 189, 171, 124, 19, 96, 140, 109, 88, 6,
	205, 188, 215, 3, 217, 115, 69, 104, 77, 177, 105, 202, 119, 147, 233, 172, 71, 204, 138, 40, 126, 129, 52, 104, 187,
	10, 121, 84, 133, 158, 23, 182, 145, 141, 107, 86, 234, 86, 55, 245, 86, 254, 170, 127, 5, 252, 85, 156, 248, 95, 253,
	75, 111, 73, 194, 163, 226, 45, 75, 119, 245, 210, 59, 62, 225, 5, 248, 203, 211, 22, 75, 153, 127, 229, 4, 192, 31,
	197, 164, 127, 73, 10, 140, 55, 125, 126, 26, 216, 139, 183, 189, 230, 177, 30, 94, 41, 205, 114, 155, 229, 147, 83,
	228, 75, 171, 81, 110, 0, 99, 230, 226, 191, 252, 234, 110, 186, 0, 23, 191, 187, 196, 172, 96, 221, 165, 100, 100, 49,
	101, 133, 181, 235, 7, 220, 112, 182, 221, 4, 153, 90, 136, 226, 185, 95, 137, 17, 77, 93, 38, 41, 219, 18, 166, 220,
	3, 188, 230, 88, 132, 112, 170, 39, 188, 51, 170, 176, 97, 22, 210, 156, 49, 36, 121, 175, 7, 76, 107, 18, 233, 166,
	32, 230, 181, 146, 194, 169, 206, 61, 247, 222, 15, 188, 206, 15, 178, 231, 107, 117, 60, 96, 148, 175, 110, 113, 25,
	159, 223, 230, 123, 241, 84, 99, 51, 192, 116, 159, 181, 11, 81, 237, 210, 179, 202, 4, 97, 81, 41, 50, 100, 172, 110,
	218, 88, 192, 124, 219, 137, 100, 176, 214, 145, 40, 131, 194, 27, 140, 123, 125, 222, 157, 213, 118, 205, 168, 55,
	228, 67, 161, 49, 183, 138, 22, 80, 220, 215, 110, 238, 152, 178, 218, 238, 138, 69, 134, 101, 56, 58, 143, 53, 87,
	111, 209, 37, 67, 224, 139, 107, 48, 57, 59, 165, 22, 80, 18, 68, 184, 61, 212, 22, 124, 37, 11, 29, 93, 141, 227, 200,
	121, 72, 92, 98, 253, 70, 249, 79, 106, 197, 43, 50, 190, 240, 228, 104, 24, 5, 26, 61, 168, 86, 236, 77, 121, 151,
	170, 229, 170, 93, 99, 60, 75, 109, 158, 130, 223, 37, 156, 240, 48, 157, 222, 49, 96, 137, 236, 169, 164, 79, 55, 10,
	211, 72, 114, 12, 142, 190, 117, 12, 90, 242, 221, 134, 98, 33, 116, 105, 239, 178, 224, 131, 168, 112, 95, 118, 53,
	192, 199, 177, 121, 120, 85, 25, 63, 114, 196, 207, 158, 254, 165, 67, 49, 127, 83, 84, 8, 84, 48, 145, 60, 205, 37,
	208, 27, 135, 167, 74, 207, 238, 54, 206, 243, 238, 27, 220, 233, 103, 143, 58, 93, 62, 131, 250, 48, 134, 178, 123,
	185, 143, 197, 122, 221, 140, 227, 126, 168, 162, 39, 229, 248, 164, 72, 206, 227, 246, 118, 104, 65, 162, 219, 92,
	164, 156, 203, 237, 169, 79, 182, 34, 209, 44, 14, 80, 117, 222, 220, 8, 78, 153, 48, 90, 104, 233, 234, 93, 106, 219,
	210, 113, 239, 119, 28, 217, 215, 115, 85, 5, 136, 175, 224, 81, 136, 55, 201, 190, 145, 177, 241, 74, 136, 62, 48, 84,
	231, 153, 242, 241, 208, 212, 43, 123, 82, 150, 190, 126, 31, 77, 143, 135, 22, 8, 24, 188, 208, 233, 83, 227, 250,
	232, 14, 58, 235, 115, 195, 178, 249, 36, 187, 142, 253, 94, 80, 170, 35, 66, 127, 91, 193, 174, 80, 209, 244, 46, 88,
	144, 96, 150, 142, 57, 27, 58, 197, 195, 224, 152, 173, 206, 168, 115, 252, 78, 114, 69, 223, 69, 80, 91, 182, 45, 80,
	229, 87, 208, 39, 147, 235, 16, 135, 11, 181, 78, 19, 10, 103, 46, 126, 141, 28, 65, 130, 172, 70, 249, 183, 73, 193,
	143, 227, 97, 255, 91, 82, 192, 120, 31, 156, 201, 254, 149, 8, 140, 174, 118, 86, 6, 121, 168, 35, 67, 114, 186, 47,
	160, 255, 184, 131, 71, 249, 167, 68, 224, 248, 139, 11, 46, 2, 255, 87, 132, 224, 195, 7, 128, 127, 32, 4, 252, 47,
	35, 100, 127, 71, 8, 62, 57, 131, 237, 83, 124, 12, 252, 64, 8, 62, 23, 87, 221, 251, 223, 17, 130, 15, 31, 0, 254, 47,
	8, 193, 183, 249, 83, 192, 207, 132, 224, 31, 196, 105, 216, 66, 2, 7, 161, 168, 39, 25, 31, 238, 164, 172, 79, 44,
	133, 170, 234, 237, 126, 31, 182, 180, 129, 107, 128, 226, 30, 210, 211, 216, 99, 185, 153, 123, 251, 246, 30, 105,
	170, 151, 130, 103, 190, 123, 97, 78, 168, 10, 5, 161, 165, 21, 122, 91, 207, 185, 151, 106, 69, 226, 118, 175, 91,
	135, 117, 79, 115, 97, 59, 162, 218, 112, 88, 193, 133, 25, 12, 93, 239, 110, 197, 93, 18, 128, 99, 220, 190, 23, 139,
	105, 121, 211, 180, 47, 83, 94, 218, 63, 158, 211, 95, 116, 168, 254, 174, 49, 106, 183, 78, 83, 107, 41, 23, 90, 115,
	125, 0, 138, 123, 162, 105, 46, 215, 78, 118, 163, 100, 236, 126, 163, 89, 32, 8, 127, 158, 45, 155, 82, 170, 96, 50,
	42, 45, 62, 134, 165, 76, 157, 238, 181, 246, 57, 245, 2, 134, 84, 182, 76, 157, 44, 82, 251, 58, 151, 171, 194, 5,
	166, 182, 218, 177, 109, 227, 163, 235, 190, 68, 166, 129, 86, 100, 237, 199, 110, 52, 229, 227, 134, 135, 242, 220,
	20, 210, 122, 135, 30, 49, 77, 36, 214, 218, 241, 196, 94, 204, 190, 192, 113, 73, 7, 154, 43, 192, 68, 56, 44, 237,
	133, 214, 110, 54, 98, 240, 250, 203, 161, 162, 119, 158, 191, 199, 42, 13, 123, 219, 13, 154, 155, 146, 58, 168, 243,
	30, 255, 182, 4, 112, 158, 186, 225, 149, 197, 217, 255, 100, 143, 127, 105, 210, 164, 31, 77, 26, 254, 53, 52, 241,
	123, 232, 242, 199, 120, 254, 250, 17, 203, 149, 248, 255, 161, 112, 4, 191, 162, 16, 78, 252, 231, 90, 86, 255, 238,
	169, 22, 248, 207, 169, 6, 191, 83, 125, 73, 184, 178, 111, 104, 185, 204, 137, 248, 251, 18, 66, 215, 249, 115, 149,
	224, 7, 184, 129, 111, 91, 88, 119, 255, 185, 126, 78, 226, 162, 247, 185, 19, 159, 169, 40, 47, 81, 227, 29, 159, 107,
	31, 109, 26, 19, 170, 5, 137, 227, 16, 64, 45, 195, 67, 59, 191, 89, 157, 253, 67, 136, 230, 211, 66, 254, 25, 248,
	246, 165, 157, 60, 251, 170, 67, 83, 82, 231, 97, 117, 191, 95, 83, 249, 95, 39, 69, 120, 142, 234, 74, 43, 96, 254,
	33, 135, 195, 178, 245, 63, 22, 47, 38, 47, 90, 136, 3, 121, 10, 3, 122, 79, 144, 232, 180, 61, 95, 99, 130, 18, 167,
	201, 159, 226, 71, 64, 43, 37, 68, 61, 204, 85, 43, 139, 245, 63, 25, 17, 85, 55, 179, 142, 47, 229, 141, 136, 37, 24,
	61, 177, 12, 153, 89, 22, 112, 167, 140, 156, 158, 172, 68, 213, 248, 97, 238, 3, 231, 32, 253, 190, 63, 183, 236, 46,
	191, 81, 206, 122, 191, 125, 239, 177, 76, 54, 205, 96, 210, 104, 96, 19, 153, 188, 11, 221, 86, 64, 215, 194, 4, 37,
	80, 91, 14, 69, 76, 83, 77, 227, 145, 116, 3, 212, 0, 104, 146, 44, 105, 239, 120, 47, 152, 181, 172, 118, 195, 172,
	138, 19, 187, 9, 75, 27, 202, 60, 125, 170, 239, 246, 133, 87, 180, 2, 173, 250, 27, 200, 62, 197, 156, 236, 121, 22,
	26, 31, 185, 160, 144, 210, 228, 135, 48, 206, 84, 184, 31, 123, 18, 211, 151, 113, 8, 156, 16, 138, 243, 146, 170,
	106, 27, 40, 87, 101, 6, 194, 40, 55, 97, 169, 141, 161, 44, 10, 129, 77, 14, 25, 77, 98, 65, 160, 69, 29, 48, 246,
	210, 40, 114, 165, 75, 180, 16, 248, 65, 39, 175, 82, 34, 251, 187, 147, 209, 182, 211, 93, 245, 141, 61, 109, 195,
	105, 34, 180, 40, 216, 41, 94, 112, 243, 41, 150, 112, 155, 27, 223, 25, 168, 133, 195, 248, 150, 8, 73, 5, 159, 1, 78,
	20, 75, 79, 35, 249, 53, 169, 111, 116, 47, 132, 142, 122, 193, 174, 51, 100, 224, 148, 81, 246, 119, 44, 110, 46, 216,
	115, 143, 22, 211, 223, 37, 224, 93, 179, 100, 220, 168, 10, 25, 169, 190, 176, 53, 198, 56, 35, 73, 67, 52, 38, 105,
	114, 234, 117, 171, 72, 246, 64, 81, 137, 168, 150, 114, 61, 44, 106, 65, 19, 47, 139, 116, 72, 130, 136, 1, 186, 84,
	4, 136, 47, 247, 73, 229, 219, 160, 146, 186, 116, 10, 0, 53, 177, 211, 93, 102, 246, 8, 52, 67, 254, 173, 226, 32,
	151, 135, 80, 240, 242, 85, 235, 130, 223, 215, 45, 15, 162, 102, 10, 209, 58, 150, 25, 26, 65, 52, 144, 236, 33, 188,
	145, 250, 62, 11, 230, 176, 125, 181, 112, 119, 143, 141, 246, 53, 148, 49, 151, 140, 1, 160, 68, 77, 198, 237, 150,
	64, 18, 193, 11, 145, 47, 122, 78, 60, 140, 76, 128, 227, 113, 126, 238, 100, 124, 204, 50, 205, 76, 202, 230, 196,
	224, 142, 196, 86, 203, 139, 75, 165, 228, 243, 42, 38, 164, 8, 58, 119, 137, 216, 124, 111, 113, 118, 243, 222, 76,
	188, 114, 7, 146, 119, 126, 51, 9, 87, 146, 155, 203, 157, 84, 22, 178, 221, 95, 61, 155, 121, 60, 177, 169, 184, 152,
	149, 212, 67, 34, 233, 232, 88, 31, 181, 96, 207, 143, 117, 225, 113, 173, 162, 95, 108, 21, 215, 104, 84, 153, 153,
	123, 123, 174, 219, 124, 41, 64, 97, 113, 11, 23, 88, 142, 90, 131, 101, 140, 158, 186, 139, 47, 250, 186, 95, 145,
	141, 71, 183, 197, 22, 203, 232, 149, 46, 103, 234, 229, 122, 79, 221, 54, 68, 1, 178, 75, 254, 225, 166, 23, 89, 90,
	231, 111, 157, 175, 168, 184, 168, 146, 56, 254, 34, 114, 111, 213, 199, 99, 30, 52, 11, 165, 140, 246, 230, 101, 42,
	149, 78, 162, 38, 178, 207, 119, 165, 28, 95, 103, 168, 127, 11, 237, 49, 31, 73, 167, 211, 126, 159, 48, 69, 171, 146,
	208, 124, 29, 46, 66, 113, 69, 132, 174, 64, 17, 141, 107, 17, 21, 2, 205, 187, 153, 68, 125, 42, 148, 137, 85, 89, 67,
	233, 203, 220, 40, 211, 21, 207, 23, 249, 18, 242, 132, 50, 145, 194, 149, 157, 188, 102, 215, 116, 142, 154, 122, 79,
	124, 126, 77, 27, 178, 57, 193, 245, 107, 150, 129, 193, 74, 32, 65, 160, 37, 188, 210, 135, 202, 175, 39, 66, 140,
	231, 95, 117, 121, 122, 149, 24, 149, 167, 30, 78, 113, 90, 47, 129, 163, 210, 149, 174, 41, 129, 160, 78, 152, 172,
	40, 193, 253, 252, 28, 63, 215, 207, 159, 204, 231, 122, 82, 208, 79, 74, 64, 41, 32, 89, 105, 228, 235, 3, 20, 68,
	177, 233, 31, 79, 56, 223, 160, 160, 203, 207, 11, 19, 138, 94, 62, 79, 12, 77, 170, 160, 216, 211, 155, 56, 87, 79,
	177, 28, 165, 253, 166, 131, 2, 248, 77, 162, 242, 95, 131, 111, 69, 91, 188, 83, 210, 144, 109, 100, 243, 242, 157,
	169, 188, 154, 179, 245, 220, 111, 189, 81, 162, 204, 134, 176, 83, 217, 183, 56, 231, 223, 233, 91, 94, 24, 47, 86, 1,
	80, 179, 76, 184, 181, 68, 239, 119, 14, 30, 59, 230, 96, 96, 145, 130, 224, 56, 46, 29, 141, 183, 99, 82, 38, 116,
	138, 164, 175, 111, 158, 131, 7, 112, 151, 207, 13, 189, 21, 99, 30, 37, 232, 53, 150, 107, 243, 202, 56, 21, 237, 227,
	149, 6, 118, 66, 194, 38, 128, 34, 189, 11, 246, 150, 45, 53, 149, 62, 196, 56, 145, 159, 121, 76, 106, 198, 147, 122,
	8, 146, 153, 178, 253, 37, 119, 71, 172, 136, 43, 19, 150, 35, 122, 6, 159, 39, 133, 30, 51, 198, 184, 111, 163, 84,
	227, 196, 242, 241, 254, 109, 227, 117, 125, 193, 58, 252, 170, 1, 9, 197, 12, 47, 71, 17, 253, 66, 169, 19, 209, 245,
	42, 199, 21, 147, 196, 106, 195, 178, 33, 81, 171, 119, 67, 115, 123, 230, 90, 199, 226, 178, 89, 96, 175, 123, 9, 209,
	23, 51, 176, 105, 135, 103, 162, 0, 169, 237, 224, 186, 69, 28, 119, 178, 147, 151, 16, 27, 64, 90, 190, 156, 171, 205,
	92, 53, 229, 22, 16, 15, 172, 44, 171, 12, 187, 83, 9, 65, 192, 53, 47, 251, 212, 75, 221, 230, 242, 116, 251, 240,
	251, 212, 197, 70, 10, 83, 120, 119, 204, 180, 229, 123, 112, 236, 142, 18, 115, 105, 27, 166, 156, 173, 252, 216, 102,
	169, 160, 206, 219, 36, 25, 164, 22, 189, 86, 119, 157, 88, 228, 121, 19, 157, 31, 204, 206, 17, 54, 188, 242, 87, 186,
	207, 27, 233, 22, 47, 246, 103, 222, 50, 50, 49, 227, 162, 118, 200, 35, 185, 139, 14, 215, 144, 105, 108, 80, 86, 248,
	238, 238, 217, 144, 102, 183, 4, 188, 80, 64, 61, 183, 104, 233, 247, 164, 32, 83, 25, 8, 85, 113, 197, 75, 215, 106,
	39, 8, 170, 70, 152, 172, 152, 44, 108, 75, 68, 15, 44, 208, 75, 156, 107, 205, 46, 187, 55, 68, 95, 121, 31, 118, 34,
	83, 187, 7, 85, 95, 140, 253, 67, 183, 77, 58, 210, 181, 64, 4, 72, 137, 174, 72, 31, 247, 92, 165, 176, 242, 167, 183,
	234, 92, 191, 230, 36, 203, 169, 237, 121, 110, 114, 80, 214, 25, 200, 85, 132, 4, 50, 43, 167, 241, 130, 240, 220,
	159, 94, 0, 18, 76, 251, 198, 59, 172, 159, 74, 231, 220, 76, 243, 249, 207, 141, 151, 119, 14, 104, 82, 210, 134, 67,
	64, 190, 78, 175, 225, 25, 57, 242, 176, 155, 140, 130, 128, 254, 213, 207, 47, 232, 141, 246, 78, 143, 48, 116, 112,
	139, 246, 230, 187, 3, 9, 67, 7, 47, 198, 45, 122, 176, 122, 150, 154, 155, 111, 30, 115, 49, 22, 106, 200, 106, 119,
	33, 233, 57, 32, 218, 83, 99, 225, 228, 108, 177, 45, 151, 125, 172, 89, 74, 69, 249, 91, 57, 112, 73, 220, 188, 191,
	163, 57, 203, 39, 77, 249, 163, 239, 1, 252, 231, 206, 6, 251, 165, 193, 247, 251, 180, 43, 55, 105, 122, 194, 143,
	223, 206, 242, 46, 176, 8, 87, 236, 24, 55, 111, 88, 3, 165, 240, 212, 253, 162, 83, 170, 174, 214, 241, 47, 138, 2,
	124, 105, 24, 132, 208, 31, 90, 102, 59, 135, 67, 234, 47, 213, 56, 38, 242, 124, 39, 13, 119, 146, 0, 98, 86, 184, 13,
	138, 24, 116, 19, 74, 42, 252, 94, 113, 23, 68, 95, 158, 39, 113, 30, 251, 145, 144, 1, 190, 205, 141, 255, 38, 121,
	163, 178, 233, 161, 58, 212, 245, 164, 43, 144, 198, 255, 161, 120, 243, 243, 181, 159, 86, 243, 227, 98, 128, 255,
	118, 53, 223, 23, 35, 134, 43, 192, 81, 161, 248, 199, 103, 240, 169, 138, 224, 239, 232, 121, 144, 24, 137, 13, 11,
	138, 139, 60, 250, 62, 116, 27, 86, 87, 39, 24, 83, 37, 219, 225, 138, 6, 214, 181, 111, 6, 57, 41, 191, 45, 102, 222,
	174, 26, 163, 77, 199, 88, 79, 48, 65, 92, 82, 192, 233, 20, 104, 1, 159, 79, 185, 243, 70, 184, 243, 146, 180, 101,
	109, 48, 155, 94, 147, 70, 58, 175, 27, 178, 89, 252, 243, 101, 22, 173, 120, 105, 201, 132, 211, 243, 139, 105, 92,
	41, 68, 85, 7, 117, 206, 214, 247, 240, 104, 164, 211, 152, 63, 80, 58, 179, 81, 178, 5, 28, 131, 51, 127, 212, 42,
	251, 198, 251, 27, 182, 213, 150, 233, 181, 151, 198, 99, 239, 47, 194, 36, 223, 201, 91, 126, 23, 19, 145, 32, 254,
	202, 111, 208, 129, 223, 21, 128, 252, 242, 245, 179, 241, 105, 136, 35, 83, 90, 61, 236, 154, 121, 139, 40, 162, 151,
	6, 181, 61, 122, 104, 144, 150, 77, 46, 7, 155, 219, 65, 229, 97, 174, 3, 152, 242, 100, 67, 199, 114, 152, 116, 67,
	200, 99, 58, 209, 111, 28, 126, 28, 113, 78, 218, 129, 27, 34, 35, 245, 233, 20, 198, 51, 67, 104, 235, 56, 190, 143,
	251, 19, 41, 65, 41, 122, 45, 142, 47, 175, 197, 51, 239, 135, 42, 124, 175, 41, 205, 161, 161, 96, 42, 64, 88, 52,
	150, 79, 177, 152, 147, 143, 80, 172, 117, 242, 96, 115, 130, 32, 59, 250, 63, 31, 148, 223, 30, 146, 127, 12, 209,
	123, 159, 246, 222, 3, 255, 126, 64, 204, 139, 182, 113, 228, 235, 240, 45, 43, 155, 8, 92, 5, 157, 128, 76, 110, 43,
	95, 186, 191, 111, 245, 53, 143, 95, 114, 249, 255, 201, 33, 225, 75, 202, 253, 182, 45, 217, 111, 219, 242, 7, 55,
	245, 123, 121, 173, 118, 168, 219, 215, 74, 90, 10, 254, 86, 169, 247, 211, 181, 146, 102, 127, 137, 15, 176, 78, 249,
	117, 30, 21, 240, 71, 169, 158, 19, 123, 95, 138, 0, 216, 88, 168, 231, 240, 163, 21, 185, 163, 227, 31, 211, 220, 190,
	143, 123, 163, 54, 85, 203, 190, 20, 11, 168, 127, 74, 189, 127, 110, 31, 248, 231, 201, 17, 176, 151, 11, 162, 51,
	211, 16, 23, 22, 126, 49, 52, 251, 53, 85, 44, 26, 175, 70, 54, 120, 82, 96, 197, 119, 233, 235, 152, 215, 168, 155,
	70, 192, 190, 135, 169, 52, 12, 158, 41, 43, 179, 122, 147, 74, 63, 109, 244, 229, 116, 109, 94, 216, 205, 20, 114,
	105, 241, 211, 88, 13, 225, 30, 111, 113, 85, 25, 21, 61, 14, 148, 206, 154, 105, 229, 205, 42, 139, 145, 52, 59, 245,
	220, 43, 151, 218, 119, 77, 150, 7, 9, 136, 36, 29, 142, 251, 213, 81, 88, 99, 107, 201, 117, 12, 157, 53, 54, 174,
	180, 215, 224, 16, 229, 182, 160, 65, 43, 237, 69, 91, 250, 147, 184, 196, 115, 184, 224, 190, 195, 105, 23, 207, 178,
	47, 194, 96, 216, 73, 122, 95, 178, 38, 246, 226, 189, 95, 107, 241, 193, 3, 65, 97, 26, 225, 19, 46, 179, 60, 27, 48,
	98, 74, 154, 150, 29, 141, 38, 229, 9, 3, 21, 79, 115, 96, 220, 181, 145, 223, 158, 102, 171, 160, 17, 73, 48, 249, 3,
	188, 68, 23, 21, 42, 91, 102, 195, 66, 200, 78, 7, 119, 197, 2, 187, 9, 130, 147, 254, 82, 64, 104, 108, 234, 194, 122,
	14, 229, 247, 65, 218, 221, 23, 194, 130, 87, 92, 62, 224, 27, 124, 99, 18, 53, 19, 243, 186, 119, 159, 118, 164, 233,
	183, 97, 112, 244, 215, 202, 164, 114, 189, 190, 145, 140, 137, 38, 125, 138, 82, 126, 48, 92, 161, 51, 82, 132, 14,
	110, 16, 80, 41, 242, 176, 41, 14, 22, 233, 195, 91, 40, 6, 137, 141, 203, 73, 38, 90, 23, 187, 233, 88, 143, 74, 175,
	138, 73, 201, 251, 252, 36, 42, 253, 66, 56, 224, 245, 197, 188, 236, 246, 218, 184, 213, 155, 191, 246, 235, 105, 226,
	160, 107, 102, 94, 40, 136, 107, 48, 19, 1, 168, 192, 184, 211, 245, 171, 57, 143, 111, 122, 41, 44, 129, 131, 253,
	251, 238, 90, 226, 204, 115, 152, 240, 186, 117, 154, 46, 99, 59, 92, 223, 153, 246, 66, 188, 103, 34, 167, 144, 172,
	247, 237, 177, 14, 223, 70, 228, 110, 117, 99, 48, 217, 235, 30, 70, 218, 91, 88, 102, 0, 36, 45, 125, 158, 124, 8,
	237, 48, 233, 68, 156, 136, 201, 57, 30, 73, 113, 107, 204, 243, 1, 119, 106, 131, 108, 8, 206, 196, 222, 30, 233, 160,
	60, 127, 162, 233, 8, 55, 16, 34, 161, 199, 243, 174, 155, 110, 223, 31, 212, 219, 43, 46, 230, 166, 158, 190, 192, 12,
	192, 86, 170, 93, 68, 62, 152, 78, 43, 115, 127, 96, 117, 16, 131, 214, 173, 92, 3, 6, 126, 179, 91, 236, 11, 248, 203,
	126, 160, 133, 43, 94, 89, 139, 225, 222, 39, 25, 15, 236, 217, 225, 4, 6, 1, 239, 141, 173, 9, 71, 3, 170, 71, 191,
	232, 205, 250, 105, 176, 33, 115, 59, 203, 26, 163, 161, 198, 240, 101, 19, 130, 103, 192, 116, 165, 240, 78, 61, 45,
	20, 113, 79, 201, 224, 167, 200, 249, 207, 218, 190, 110, 216, 210, 37, 17, 248, 156, 9, 191, 116, 200, 10, 11, 96, 60,
	61, 69, 97, 56, 144, 215, 95, 165, 222, 255, 131, 108, 58, 240, 137, 156, 223, 147, 222, 182, 227, 199, 68, 24, 252,
	186, 94, 236, 128, 144, 47, 111, 57, 243, 134, 182, 116, 78, 127, 237, 93, 145, 229, 123, 112, 7, 201, 124, 156, 252,
	202, 209, 250, 59, 50, 175, 169, 6, 43, 133, 89, 45, 183, 68, 76, 238, 50, 53, 98, 220, 211, 207, 128, 118, 227, 38,
	80, 172, 171, 171, 206, 22, 100, 118, 45, 60, 162, 169, 199, 54, 90, 221, 187, 115, 153, 214, 247, 10, 199, 20, 68, 4,
	65, 224, 184, 13, 206, 101, 194, 129, 232, 59, 3, 94, 70, 125, 83, 200, 74, 9, 224, 50, 121, 102, 232, 141, 135, 137,
	151, 90, 14, 64, 89, 103, 8, 226, 85, 220, 101, 216, 108, 17, 242, 71, 66, 236, 169, 155, 190, 45, 89, 143, 91, 200,
	198, 232, 180, 182, 219, 87, 156, 69, 176, 30, 147, 33, 130, 31, 185, 231, 162, 222, 227, 1, 99, 238, 193, 75, 219,
	156, 251, 152, 60, 155, 219, 214, 51, 152, 193, 162, 0, 17, 167, 126, 156, 228, 73, 239, 115, 68, 11, 186, 219, 126,
	49, 41, 107, 148, 150, 76, 17, 182, 211, 141, 159, 123, 38, 246, 22, 233, 196, 4, 214, 21, 239, 133, 114, 127, 208,
	214, 100, 237, 19, 229, 205, 173, 114, 111, 152, 103, 180, 234, 197, 209, 237, 196, 40, 202, 45, 176, 177, 162, 142,
	28, 78, 45, 155, 90, 33, 7, 211, 214, 232, 14, 37, 236, 83, 158, 113, 138, 109, 19, 94, 196, 80, 15, 113, 25, 3, 54,
	191, 60, 124, 228, 33, 166, 119, 57, 247, 207, 157, 83, 146, 231, 113, 218, 159, 176, 105, 173, 158, 51, 170, 29, 134,
	161, 126, 1, 188, 82, 142, 215, 87, 238, 10, 29, 164, 140, 182, 249, 32, 17, 47, 41, 42, 71, 82, 15, 194, 167, 181,
	136, 99, 176, 235, 40, 142, 203, 77, 22, 56, 180, 105, 228, 97, 44, 247, 14, 250, 66, 222, 202, 0, 165, 221, 118, 147,
	50, 53, 62, 63, 187, 174, 232, 143, 25, 5, 70, 46, 33, 19, 18, 206, 221, 218, 131, 195, 133, 9, 58, 241, 8, 116, 3,
	170, 175, 4, 82, 52, 27, 107, 188, 110, 5, 26, 212, 55, 126, 186, 135, 140, 214, 115, 143, 96, 59, 12, 244, 29, 103,
	231, 231, 70, 54, 119, 204, 70, 115, 141, 118, 151, 249, 173, 180, 119, 31, 104, 247, 252, 244, 88, 52, 242, 66, 119,
	101, 212, 142, 183, 30, 241, 87, 181, 224, 207, 125, 139, 146, 93, 69, 168, 247, 195, 127, 109, 83, 221, 114, 165, 187,
	30, 65, 56, 243, 131, 30, 181, 21, 108, 56, 47, 232, 166, 113, 198, 179, 41, 208, 243, 92, 198, 193, 60, 73, 41, 96,
	87, 235, 120, 239, 102, 165, 112, 201, 77, 232, 219, 44, 16, 167, 27, 163, 186, 20, 235, 100, 20, 122, 221, 110, 167,
	67, 188, 60, 61, 18, 33, 151, 71, 59, 210, 91, 224, 141, 252, 142, 223, 145, 215, 128, 66, 135, 157, 116, 249, 107, 58,
	154, 76, 220, 138, 103, 115, 17, 129, 250, 58, 254, 109, 228, 92, 178, 45, 225, 43, 28, 7, 63, 79, 140, 252, 71, 186,
	42, 124, 232, 106, 252, 93, 143, 198, 52, 179, 123, 6, 5, 74, 127, 235, 31, 212, 106, 111, 35, 110, 95, 68, 247, 207,
	177, 113, 227, 119, 35, 153, 222, 42, 147, 126, 43, 83, 255, 168, 155, 67, 81, 32, 207, 81, 96, 126, 122, 99, 203, 44,
	248, 82, 100, 126, 98, 156, 119, 68, 62, 191, 135, 72, 81, 88, 87, 121, 201, 2, 106, 227, 29, 202, 249, 142, 202, 92,
	237, 0, 110, 149, 126, 3, 195, 240, 143, 25, 146, 95, 197, 24, 89, 243, 171, 184, 6, 251, 199, 104, 134, 207, 53, 39,
	221, 62, 106, 144, 159, 107, 42, 71, 252, 50, 66, 210, 115, 0, 245, 252, 42, 228, 111, 42, 57, 251, 39, 148, 109, 213,
	105, 131, 213, 231, 155, 255, 209, 189, 91, 67, 15, 251, 167, 112, 183, 120, 122, 232, 112, 202, 114, 222, 103, 64,
	194, 31, 40, 173, 218, 158, 102, 3, 214, 55, 254, 202, 23, 251, 135, 191, 254, 29, 125, 61, 162, 197, 107, 81, 134,
	101, 230, 85, 182, 23, 213, 183, 75, 44, 61, 174, 143, 241, 122, 194, 26, 107, 65, 34, 48, 77, 171, 127, 129, 123, 133,
	215, 150, 87, 234, 179, 220, 92, 249, 30, 23, 54, 58, 94, 36, 57, 185, 119, 190, 120, 183, 177, 45, 117, 119, 148, 50,
	10, 177, 147, 66, 93, 90, 2, 43, 43, 238, 113, 115, 107, 40, 49, 191, 81, 53, 79, 74, 83, 113, 79, 222, 239, 4, 200,
	72, 112, 189, 84, 226, 168, 103, 27, 188, 55, 133, 200, 210, 96, 255, 151, 226, 95, 102, 248, 183, 33, 238, 239, 178,
	188, 57, 119, 247, 135, 9, 83, 108, 118, 193, 171, 229, 245, 40, 85, 114, 122, 225, 245, 174, 97, 238, 95, 210, 215,
	199, 181, 214, 173, 154, 225, 214, 202, 22, 173, 231, 196, 3, 169, 65, 134, 77, 118, 131, 192, 216, 177, 189, 56, 44,
	148, 192, 241, 53, 101, 163, 59, 152, 206, 41, 59, 243, 39, 5, 109, 51, 51, 94, 184, 23, 6, 55, 210, 149, 248, 208,
	215, 23, 232, 93, 19, 205, 145, 162, 120, 40, 152, 253, 152, 121, 25, 106, 53, 220, 193, 0, 23, 247, 44, 140, 105, 88,
	24, 124, 153, 170, 55, 49, 237, 58, 192, 96, 143, 82, 177, 254, 80, 109, 243, 130, 36, 240, 148, 240, 185, 210, 254,
	109, 162, 233, 101, 220, 165, 239, 249, 165, 255, 247, 63, 194, 239, 242, 75, 255, 72, 100, 227, 15, 145, 133, 191, 75,
	45, 154, 74, 134, 140, 71, 115, 15, 234, 59, 207, 226, 10, 171, 101, 205, 251, 17, 178, 191, 173, 53, 49, 126, 173, 53,
	113, 189, 131, 43, 85, 134, 251, 150, 90, 138, 79, 242, 10, 39, 77, 214, 101, 8, 87, 120, 194, 151, 234, 205, 37, 249,
	131, 66, 74, 223, 124, 172, 131, 138, 190, 215, 156, 86, 207, 183, 203, 77, 242, 79, 69, 24, 202, 103, 248, 233, 31,
	138, 232, 167, 201, 222, 213, 82, 90, 245, 47, 114, 78, 214, 31, 130, 232, 220, 254, 201, 24, 105, 206, 31, 130, 232,
	191, 28, 31, 128, 170, 173, 64, 181, 213, 85, 50, 191, 41, 162, 191, 217, 88, 244, 230, 8, 121, 94, 79, 66, 235, 70,
	254, 86, 127, 244, 107, 62, 26, 238, 202, 107, 253, 54, 170, 56, 81, 233, 234, 91, 94, 203, 182, 133, 218, 180, 161,
	170, 0, 126, 72, 102, 157, 47, 72, 183, 255, 68, 179, 134, 164, 49, 208, 109, 213, 157, 21, 141, 106, 177, 52, 8, 232,
	72, 115, 237, 53, 102, 182, 201, 23, 114, 189, 122, 98, 180, 88, 4, 118, 84, 156, 216, 188, 87, 73, 147, 227, 211, 180,
	180, 94, 110, 215, 184, 124, 62, 248, 18, 158, 132, 240, 192, 15, 134, 239, 150, 202, 114, 22, 244, 138, 161, 211, 186,
	120, 105, 113, 53, 182, 75, 5, 172, 242, 126, 96, 98, 150, 118, 92, 114, 201, 192, 46, 238, 216, 178, 191, 69, 239,
	253, 250, 154, 201, 154, 79, 241, 121, 222, 48, 12, 38, 73, 179, 49, 177, 199, 235, 188, 225, 221, 89, 97, 251, 130,
	215, 81, 97, 69, 61, 18, 104, 89, 4, 83, 33, 91, 12, 160, 205, 1, 97, 184, 106, 98, 77, 18, 79, 44, 122, 152, 49, 56,
	60, 47, 3, 26, 228, 220, 252, 162, 220, 139, 195, 220, 111, 200, 147, 232, 175, 158, 44, 68, 108, 123, 152, 227, 45,
	106, 139, 253, 24, 197, 71, 16, 201, 7, 69, 222, 213, 89, 196, 92, 113, 164, 243, 92, 213, 70, 10, 16, 228, 72, 237,
	66, 94, 185, 154, 214, 228, 226, 42, 9, 82, 143, 17, 86, 221, 107, 49, 47, 85, 109, 22, 209, 93, 82, 108, 179, 236, 75,
	132, 55, 198, 71, 88, 23, 182, 192, 74, 233, 91, 54, 175, 148, 110, 20, 199, 101, 55, 235, 44, 70, 144, 225, 205, 69,
	121, 6, 60, 237, 23, 161, 114, 251, 128, 18, 247, 205, 58, 57, 167, 120, 97, 238, 124, 241, 240, 161, 23, 103, 184, 4,
	59, 245, 193, 205, 117, 230, 61, 97, 30, 251, 98, 246, 235, 10, 15, 160, 197, 113, 65, 241, 126, 198, 251, 59, 13, 28,
	231, 170, 187, 234, 149, 99, 58, 191, 47, 1, 184, 212, 3, 103, 231, 75, 177, 158, 13, 36, 229, 31, 86, 192, 95, 89,
	148, 207, 130, 93, 136, 135, 208, 80, 47, 245, 205, 47, 109, 45, 23, 14, 152, 30, 118, 26, 142, 234, 247, 157, 124,
	131, 183, 126, 43, 175, 105, 202, 32, 162, 115, 154, 170, 157, 29, 246, 203, 29, 5, 200, 24, 183, 199, 37, 127, 62,
	185, 101, 239, 150, 187, 211, 188, 238, 15, 104, 179, 22, 173, 182, 73, 17, 198, 34, 62, 169, 143, 94, 229, 137, 228,
	122, 90, 31, 43, 26, 45, 248, 93, 19, 43, 106, 53, 80, 18, 129, 254, 53, 133, 223, 7, 53, 137, 72, 61, 106, 16, 8, 120,
	205, 229, 121, 201, 147, 138, 171, 74, 146, 110, 9, 219, 187, 197, 111, 9, 34, 19, 138, 48, 138, 212, 238, 202, 9, 124,
	172, 163, 51, 19, 141, 114, 245, 155, 123, 161, 198, 96, 172, 115, 205, 163, 33, 6, 57, 196, 40, 73, 230, 142, 253, 61,
	111, 12, 4, 149, 52, 15, 16, 143, 227, 74, 209, 98, 30, 229, 101, 122, 135, 52, 111, 217, 226, 96, 163, 64, 79, 17, 4,
	174, 111, 239, 2, 56, 135, 120, 62, 74, 96, 254, 184, 17, 202, 102, 94, 176, 46, 200, 92, 225, 114, 181, 31, 208, 55,
	205, 154, 239, 9, 197, 127, 148, 90, 36, 218, 52, 184, 212, 120, 7, 46, 33, 153, 102, 94, 55, 143, 181, 192, 178, 101,
	56, 220, 168, 63, 37, 20, 129, 175, 25, 197, 191, 210, 161, 161, 79, 219, 77, 195, 87, 145, 226, 80, 240, 210, 103,
	153, 181, 117, 227, 252, 40, 241, 215, 27, 194, 73, 120, 131, 29, 67, 127, 174, 92, 99, 223, 199, 141, 22, 95, 192,
	237, 208, 238, 239, 151, 122, 114, 112, 88, 68, 216, 92, 76, 112, 2, 202, 161, 11, 29, 31, 158, 129, 7, 247, 90, 125,
	200, 40, 6, 102, 122, 77, 63, 19, 83, 188, 26, 241, 206, 187, 207, 57, 246, 30, 203, 34, 236, 115, 159, 218, 28, 22,
	48, 30, 180, 156, 158, 93, 13, 76, 114, 122, 248, 154, 63, 62, 226, 86, 13, 192, 134, 191, 212, 10, 95, 230, 47, 139,
	215, 71, 156, 181, 114, 211, 29, 229, 27, 74, 200, 71, 89, 69, 40, 93, 22, 35, 206, 31, 113, 52, 58, 208, 219, 160,
	125, 193, 81, 223, 126, 227, 159, 182, 37, 19, 236, 126, 230, 128, 117, 67, 219, 206, 34, 172, 234, 93, 181, 89, 164,
	26, 11, 27, 222, 106, 248, 97, 200, 245, 168, 206, 216, 106, 192, 2, 186, 210, 164, 147, 6, 71, 212, 69, 101, 195, 214,
	175, 180, 121, 141, 37, 167, 231, 120, 44, 249, 160, 151, 118, 201, 59, 71, 148, 186, 134, 110, 38, 32, 107, 52, 53,
	106, 52, 204, 72, 56, 25, 235, 168, 4, 35, 24, 193, 137, 180, 32, 92, 143, 226, 117, 146, 224, 180, 139, 35, 234, 161,
	131, 45, 84, 69, 19, 227, 95, 188, 198, 159, 121, 196, 168, 197, 9, 236, 64, 232, 81, 47, 23, 174, 161, 67, 167, 26,
	85, 102, 1, 176, 245, 21, 245, 212, 246, 144, 59, 154, 135, 141, 103, 167, 96, 177, 49, 204, 242, 93, 148, 87, 159,
	165, 181, 69, 151, 114, 100, 38, 10, 40, 192, 36, 214, 13, 78, 255, 114, 2, 21, 50, 170, 181, 71, 10, 159, 62, 247, 35,
	55, 33, 108, 80, 94, 99, 120, 17, 222, 7, 80, 42, 3, 175, 61, 8, 44, 174, 184, 115, 199, 9, 93, 55, 220, 5, 26, 30,
	241, 253, 100, 214, 6, 226, 114, 5, 151, 238, 150, 200, 120, 78, 201, 183, 113, 107, 37, 28, 231, 193, 248, 192, 228,
	144, 30, 194, 96, 133, 231, 47, 98, 29, 170, 202, 75, 146, 151, 87, 0, 79, 55, 209, 160, 211, 51, 63, 29, 108, 39, 195,
	226, 75, 113, 67, 209, 233, 101, 233, 114, 177, 168, 183, 224, 237, 11, 51, 251, 246, 199, 168, 26, 220, 13, 167, 184,
	39, 167, 220, 106, 106, 222, 212, 203, 73, 72, 209, 54, 244, 105, 251, 245, 14, 174, 147, 27, 153, 228, 144, 0, 123,
	61, 137, 207, 78, 85, 140, 91, 168, 101, 237, 243, 120, 216, 242, 99, 12, 169, 252, 184, 221, 44, 3, 14, 205, 134, 153,
	189, 39, 206, 229, 173, 111, 186, 33, 91, 141, 227, 74, 123, 202, 236, 192, 227, 233, 144, 111, 50, 79, 83, 242, 10,
	226, 247, 32, 199, 151, 4, 4, 118, 131, 153, 18, 239, 222, 241, 248, 156, 132, 249, 106, 187, 78, 80, 201, 57, 178,
	244, 77, 47, 232, 255, 48, 29, 253, 7, 9, 198, 31, 203, 67, 254, 223, 255, 88, 232, 127, 83, 30, 66, 95, 63, 193, 148,
	240, 187, 192, 185, 70, 21, 70, 157, 47, 46, 88, 129, 72, 205, 216, 194, 254, 254, 149, 254, 150, 180, 121, 82, 141,
	85, 250, 38, 163, 178, 77, 95, 84, 21, 129, 239, 178, 138, 191, 196, 57, 37, 6, 250, 168, 31, 111, 220, 65, 89, 223,
	130, 84, 76, 245, 147, 248, 225, 15, 143, 169, 95, 30, 3, 126, 120, 240, 143, 160, 148, 180, 169, 14, 119, 124, 211,
	151, 251, 42, 35, 83, 172, 234, 87, 201, 198, 79, 162, 249, 234, 255, 255, 125, 101, 254, 23, 230, 254, 99, 11, 247,
	183, 207, 73, 165, 233, 85, 99, 40, 202, 70, 183, 182, 117, 74, 100, 173, 217, 55, 49, 235, 86, 149, 82, 184, 61, 55,
	179, 139, 209, 107, 229, 3, 123, 163, 111, 115, 152, 160, 175, 58, 167, 61, 2, 99, 46, 173, 254, 36, 17, 143, 1, 183,
	27, 77, 41, 242, 156, 174, 55, 112, 219, 197, 90, 184, 219, 39, 208, 114, 96, 175, 217, 216, 209, 173, 217, 239, 152,
	237, 63, 137, 103, 252, 100, 107, 61, 133, 190, 13, 174, 143, 162, 21, 13, 94, 214, 247, 124, 185, 161, 199, 238, 236,
	229, 83, 251, 202, 108, 129, 223, 13, 16, 147, 42, 18, 74, 135, 250, 4, 122, 177, 105, 239, 148, 79, 123, 116, 190,
	194, 232, 45, 105, 120, 232, 118, 67, 233, 77, 65, 67, 155, 175, 159, 69, 121, 82, 27, 38, 206, 60, 65, 163, 174, 101,
	118, 114, 31, 21, 148, 16, 29, 201, 138, 30, 189, 54, 202, 94, 150, 208, 166, 246, 142, 57, 36, 58, 120, 171, 163, 177,
	249, 219, 125, 239, 216, 127, 104, 130, 255, 68, 83, 255, 57, 208, 250, 113, 237, 142, 203, 79, 251, 186, 66, 136, 109,
	164, 53, 249, 37, 204, 47, 254, 79, 114, 34, 235, 135, 155, 138, 191, 115, 237, 190, 235, 2, 157, 174, 93, 100, 157,
	78, 107, 132, 108, 181, 196, 127, 235, 113, 250, 244, 10, 127, 138, 36, 62, 49, 254, 77, 53, 143, 127, 201, 40, 157,
	142, 147, 98, 193, 159, 213, 253, 33, 139, 228, 150, 223, 130, 172, 39, 79, 42, 165, 253, 231, 253, 252, 203, 181, 242,
	207, 171, 249, 113, 49, 192, 127, 187, 154, 207, 98, 190, 213, 66, 0, 255, 206, 208, 29, 206, 188, 43, 226, 172, 63,
	51, 108, 188, 93, 149, 139, 107, 12, 15, 239, 13, 81, 68, 151, 35, 204, 37, 128, 118, 186, 147, 55, 114, 137, 85, 32,
	7, 151, 14, 185, 109, 189, 242, 126, 4, 29, 186, 41, 23, 123, 65, 198, 252, 220, 220, 52, 178, 93, 82, 63, 184, 206,
	23, 140, 232, 141, 247, 66, 223, 229, 160, 127, 244, 110, 191, 160, 210, 158, 43, 111, 69, 72, 67, 114, 9, 154, 224,
	182, 50, 245, 109, 136, 239, 9, 4, 108, 245, 91, 100, 93, 200, 84, 47, 154, 62, 90, 122, 185, 211, 207, 209, 190, 28,
	4, 19, 177, 31, 179, 251, 150, 109, 85, 236, 18, 199, 54, 108, 172, 64, 85, 208, 102, 194, 199, 237, 112, 203, 213, 73,
	21, 230, 209, 189, 238, 243, 109, 48, 124, 171, 245, 7, 244, 178, 2, 244, 141, 121, 168, 185, 192, 172, 41, 155, 43,
	125, 52, 37, 116, 165, 79, 217, 243, 34, 63, 223, 60, 117, 32, 235, 35, 182, 221, 251, 29, 50, 242, 61, 169, 123, 170,
	188, 212, 115, 65, 196, 178, 229, 220, 58, 21, 127, 49, 163, 87, 23, 205, 142, 138, 189, 170, 180, 129, 15, 180, 250,
	220, 122, 141, 125, 110, 44, 178, 27, 74, 36, 88, 59, 219, 88, 149, 141, 90, 169, 41, 93, 242, 88, 28, 15, 111, 28,
	254, 127, 204, 189, 71, 183, 219, 214, 182, 37, 220, 199, 175, 120, 125, 142, 239, 67, 6, 137, 70, 53, 144, 137, 156,
	99, 15, 153, 0, 145, 136, 12, 252, 250, 34, 37, 75, 150, 109, 217, 215, 126, 247, 190, 170, 106, 104, 28, 29, 12, 18,
	220, 135, 216, 107, 205, 149, 246, 156, 244, 195, 44, 48, 167, 116, 84, 196, 134, 14, 118, 80, 175, 187, 221, 198, 183,
	99, 182, 219, 83, 178, 95, 208, 251, 221, 7, 150, 14, 79, 128, 188, 196, 12, 39, 162, 125, 151, 202, 114, 101, 244, 88,
	212, 143, 183, 16, 124, 210, 151, 160, 38, 115, 120, 71, 47, 93, 124, 191, 44, 103, 49, 153, 56, 222, 120, 57, 180,
	218, 201, 10, 151, 119, 139, 216, 67, 121, 193, 48, 101, 78, 3, 190, 106, 252, 17, 34, 206, 23, 240, 116, 167, 225,
	164, 219, 167, 90, 121, 186, 188, 242, 141, 165, 81, 204, 249, 26, 117, 59, 113, 94, 29, 122, 176, 19, 71, 95, 113, 72,
	31, 7, 228, 109, 141, 40, 34, 149, 197, 160, 14, 5, 232, 213, 147, 161, 219, 23, 6, 70, 20, 93, 183, 82, 18, 217, 116,
	152, 2, 100, 16, 118, 216, 43, 211, 193, 206, 164, 77, 225, 171, 162, 72, 108, 31, 211, 29, 37, 90, 242, 106, 204, 73,
	241, 180, 69, 27, 31, 175, 4, 194, 42, 55, 78, 80, 93, 55, 80, 242, 32, 11, 253, 143, 176, 75, 204, 26, 171, 222, 38,
	19, 141, 245, 45, 186, 27, 1, 224, 33, 30, 38, 145, 120, 110, 91, 38, 213, 151, 52, 216, 190, 202, 199, 252, 106, 247,
	38, 97, 154, 197, 132, 124, 46, 27, 239, 9, 87, 222, 76, 157, 190, 176, 222, 168, 121, 245, 105, 53, 155, 143, 31, 208,
	58, 235, 238, 146, 238, 44, 104, 123, 150, 182, 72, 10, 235, 3, 105, 49, 66, 91, 50, 170, 87, 107, 133, 193, 158, 167,
	17, 138, 9, 13, 103, 20, 199, 238, 21, 106, 123, 201, 55, 230, 223, 163, 1, 255, 184, 75, 224, 175, 252, 37, 46, 191,
	227, 227, 142, 139, 101, 168, 236, 30, 54, 105, 71, 213, 185, 222, 196, 167, 147, 58, 216, 79, 53, 119, 128, 47, 189,
	9, 233, 242, 50, 171, 36, 97, 240, 229, 2, 238, 132, 255, 172, 176, 75, 223, 122, 114, 60, 84, 132, 56, 205, 228, 230,
	140, 97, 89, 246, 194, 190, 198, 13, 58, 209, 250, 3, 137, 240, 190, 104, 91, 95, 58, 94, 151, 36, 104, 67, 189, 40, 9,
	133, 203, 1, 243, 201, 157, 204, 153, 146, 103, 223, 108, 124, 250, 130, 37, 185, 54, 226, 107, 96, 155, 140, 16, 158,
	135, 8, 157, 231, 202, 139, 189, 83, 238, 38, 33, 23, 60, 34, 226, 172, 251, 60, 135, 233, 242, 206, 61, 243, 100, 94,
	142, 7, 81, 220, 110, 224, 139, 246, 44, 171, 2, 152, 166, 29, 196, 210, 221, 141, 94, 241, 175, 243, 28, 104, 202,
	118, 54, 153, 26, 8, 151, 178, 123, 251, 217, 171, 83, 133, 113, 222, 12, 207, 121, 22, 38, 13, 188, 147, 189, 161, 98,
	215, 187, 178, 113, 129, 159, 29, 167, 101, 215, 121, 132, 196, 123, 33, 160, 88, 60, 2, 239, 184, 88, 146, 81, 175,
	45, 45, 234, 49, 44, 253, 133, 148, 177, 6, 68, 55, 15, 157, 8, 85, 114, 64, 57, 236, 40, 153, 60, 110, 82, 84, 22,
	162, 177, 159, 183, 155, 54, 243, 170, 70, 86, 149, 42, 192, 44, 142, 178, 29, 52, 230, 190, 215, 220, 247, 48, 173, 0,
	109, 137, 153, 225, 2, 201, 75, 46, 222, 123, 17, 190, 230, 207, 254, 150, 102, 74, 69, 189, 227, 43, 181, 44, 50, 225,
	98, 49, 111, 204, 167, 44, 95, 160, 102, 115, 42, 125, 187, 193, 214, 162, 241, 14, 196, 224, 13, 238, 132, 230, 21,
	124, 135, 72, 183, 61, 198, 219, 28, 80, 84, 126, 116, 101, 39, 192, 31, 165, 187, 134, 46, 24, 17, 179, 208, 17, 44,
	104, 190, 82, 162, 128, 79, 37, 72, 232, 237, 110, 79, 16, 153, 89, 8, 99, 158, 99, 206, 237, 17, 93, 168, 239, 164,
	84, 123, 240, 22, 149, 100, 16, 170, 139, 253, 233, 62, 10, 137, 7, 138, 36, 115, 136, 133, 164, 252, 193, 148, 3, 134,
	46, 156, 39, 157, 133, 149, 132, 160, 32, 168, 135, 9, 162, 138, 232, 59, 217, 219, 148, 178, 158, 175, 22, 231, 228,
	18, 57, 130, 179, 109, 102, 213, 56, 40, 147, 73, 191, 86, 158, 234, 34, 136, 35, 222, 217, 93, 126, 1, 174, 203, 53,
	4, 201, 45, 86, 50, 2, 211, 186, 123, 245, 70, 83, 180, 97, 2, 203, 190, 107, 73, 239, 4, 221, 132, 55, 93, 150, 114,
	145, 94, 205, 119, 103, 214, 152, 122, 133, 246, 131, 142, 90, 100, 22, 85, 67, 91, 206, 122, 106, 31, 108, 72, 25,
	249, 30, 161, 0, 175, 128, 32, 178, 181, 111, 115, 215, 111, 34, 95, 122, 68, 54, 239, 38, 104, 228, 156, 170, 82, 168,
	92, 190, 154, 247, 246, 131, 235, 139, 25, 163, 73, 146, 24, 132, 186, 26, 210, 166, 153, 103, 218, 90, 79, 24, 213,
	10, 209, 106, 13, 79, 235, 132, 197, 3, 23, 20, 40, 91, 52, 253, 123, 88, 140, 252, 219, 88, 60, 78, 190, 70, 51, 110,
	252, 218, 185, 230, 85, 255, 223, 193, 98, 241, 255, 37, 44, 22, 255, 9, 22, 179, 58, 186, 34, 237, 229, 114, 78, 60,
	251, 246, 103, 91, 20, 39, 124, 135, 10, 78, 144, 145, 55, 33, 243, 226, 209, 57, 157, 229, 249, 68, 149, 21, 96, 214,
	97, 238, 138, 100, 123, 132, 116, 210, 187, 15, 187, 59, 59, 126, 190, 96, 253, 168, 131, 74, 214, 150, 238, 146, 93,
	102, 202, 63, 162, 251, 205, 172, 238, 17, 120, 73, 187, 162, 84, 248, 101, 197, 41, 27, 116, 222, 91, 72, 168, 237,
	144, 96, 155, 254, 42, 185, 13, 144, 163, 241, 3, 111, 91, 252, 97, 181, 100, 21, 158, 151, 49, 135, 16, 162, 211, 111,
	32, 102, 84, 7, 138, 210, 208, 132, 203, 19, 6, 241, 93, 63, 75, 79, 18, 164, 125, 146, 94, 130, 149, 90, 84, 134, 96,
	64, 227, 117, 155, 233, 84, 182, 117, 95, 108, 111, 126, 2, 196, 36, 177, 29, 163, 201, 222, 180, 17, 122, 42, 143, 38,
	50, 178, 212, 145, 209, 183, 11, 140, 242, 54, 203, 177, 173, 190, 138, 16, 173, 103, 99, 126, 125, 90, 193, 34, 121,
	69, 46, 223, 17, 201, 126, 208, 242, 185, 61, 153, 0, 195, 250, 194, 194, 133, 54, 227, 71, 27, 184, 188, 179, 108,
	153, 102, 176, 105, 107, 49, 175, 203, 168, 190, 138, 195, 60, 77, 46, 232, 17, 44, 198, 226, 151, 5, 105, 61, 88, 152,
	87, 12, 246, 162, 34, 11, 191, 101, 90, 205, 196, 242, 29, 223, 204, 115, 232, 115, 9, 92, 96, 247, 150, 149, 201, 18,
	63, 175, 42, 240, 236, 203, 205, 137, 94, 164, 179, 205, 98, 219, 219, 112, 43, 27, 222, 5, 53, 104, 15, 185, 103, 50,
	31, 193, 28, 65, 220, 235, 37, 85, 93, 243, 105, 102, 225, 67, 93, 69, 20, 207, 207, 211, 21, 159, 101, 33, 207, 231,
	24, 95, 103, 110, 74, 167, 51, 117, 36, 1, 24, 9, 88, 190, 133, 103, 159, 177, 175, 9, 223, 251, 42, 197, 88, 91, 53,
	210, 198, 156, 210, 74, 63, 39, 123, 140, 194, 101, 159, 52, 132, 38, 250, 114, 62, 61, 201, 187, 180, 182, 157, 63,
	16, 190, 19, 247, 232, 88, 252, 162, 127, 213, 59, 110, 249, 226, 72, 190, 0, 27, 197, 104, 49, 17, 107, 117, 6, 159,
	237, 211, 154, 125, 111, 206, 72, 147, 41, 239, 210, 42, 228, 82, 174, 61, 141, 75, 114, 200, 47, 104, 220, 121, 75,
	247, 174, 209, 5, 201, 103, 216, 155, 172, 206, 145, 99, 225, 138, 122, 75, 179, 52, 71, 58, 53, 177, 167, 121, 128, 4,
	159, 229, 81, 39, 74, 37, 220, 175, 247, 177, 48, 143, 11, 230, 95, 72, 189, 117, 52, 194, 30, 50, 167, 66, 65, 87,
	240, 52, 108, 233, 220, 5, 122, 158, 204, 171, 76, 175, 153, 48, 239, 86, 186, 193, 70, 170, 119, 205, 252, 8, 31, 66,
	208, 30, 120, 255, 84, 128, 204, 119, 100, 56, 94, 110, 76, 202, 133, 125, 1, 186, 158, 44, 240, 134, 1, 185, 18, 165,
	31, 15, 82, 127, 206, 219, 127, 8, 139, 23, 16, 148, 235, 74, 47, 28, 188, 147, 145, 139, 212, 15, 47, 215, 147, 246,
	52, 71, 204, 191, 194, 98, 26, 148, 207, 25, 189, 175, 47, 161, 64, 236, 76, 101, 200, 45, 104, 105, 254, 85, 105, 24,
	137, 119, 188, 159, 142, 114, 46, 60, 137, 20, 182, 151, 80, 226, 145, 36, 70, 151, 77, 197, 68, 105, 205, 110, 141,
	181, 188, 194, 110, 12, 19, 176, 87, 111, 0, 212, 74, 143, 205, 116, 230, 115, 97, 249, 35, 45, 29, 14, 14, 186, 119,
	246, 62, 215, 247, 137, 6, 187, 116, 195, 82, 188, 111, 183, 0, 227, 22, 28, 255, 156, 172, 181, 28, 183, 103, 58, 225,
	41, 113, 23, 21, 101, 15, 134, 134, 201, 22, 189, 67, 38, 88, 238, 15, 96, 218, 124, 239, 186, 8, 75, 105, 94, 250,
	139, 154, 27, 78, 92, 214, 84, 21, 141, 247, 80, 179, 189, 148, 128, 149, 141, 149, 75, 142, 45, 177, 192, 158, 66,
	195, 191, 151, 18, 178, 104, 173, 109, 189, 193, 171, 23, 244, 151, 28, 166, 13, 250, 146, 10, 238, 72, 243, 6, 0, 121,
	79, 185, 129, 52, 184, 248, 46, 41, 125, 52, 166, 133, 149, 112, 113, 244, 241, 180, 70, 41, 176, 94, 126, 226, 200,
	247, 171, 169, 150, 7, 165, 232, 254, 120, 141, 136, 21, 57, 156, 212, 92, 5, 146, 44, 242, 53, 192, 170, 91, 178, 168,
	78, 223, 184, 158, 215, 1, 181, 111, 30, 249, 165, 205, 55, 76, 38, 228, 10, 29, 238, 163, 83, 218, 84, 92, 129, 66,
	190, 222, 15, 145, 73, 193, 169, 100, 94, 151, 204, 227, 150, 199, 89, 144, 165, 117, 165, 192, 32, 191, 37, 222, 136,
	4, 98, 20, 206, 204, 204, 231, 157, 83, 50, 22, 114, 224, 0, 105, 132, 181, 148, 84, 101, 60, 244, 99, 182, 213, 196,
	174, 112, 253, 147, 137, 66, 134, 61, 171, 226, 53, 6, 134, 127, 33, 212, 176, 148, 233, 124, 234, 230, 152, 151, 174,
	47, 154, 247, 238, 107, 43, 33, 126, 36, 50, 66, 223, 95, 207, 171, 32, 197, 87, 183, 189, 169, 192, 53, 212, 44, 71,
	111, 34, 172, 162, 203, 61, 149, 154, 103, 47, 171, 183, 157, 42, 216, 254, 21, 172, 93, 206, 36, 206, 197, 184, 123,
	200, 237, 109, 67, 228, 201, 221, 140, 247, 3, 65, 30, 165, 89, 239, 41, 163, 114, 205, 74, 34, 152, 93, 74, 6, 47,
	130, 136, 245, 126, 154, 10, 158, 242, 243, 251, 163, 98, 148, 186, 131, 171, 50, 142, 27, 38, 150, 97, 27, 105, 99,
	220, 108, 24, 40, 211, 30, 247, 226, 110, 212, 177, 50, 241, 169, 146, 80, 60, 154, 23, 67, 95, 188, 235, 167, 139, 51,
	87, 116, 155, 55, 172, 192, 22, 227, 116, 93, 45, 192, 23, 36, 250, 134, 36, 118, 77, 12, 88, 227, 153, 229, 6, 247,
	75, 198, 172, 30, 148, 96, 97, 156, 50, 19, 28, 59, 134, 158, 12, 214, 131, 210, 26, 194, 87, 62, 218, 154, 161, 227,
	249, 62, 54, 83, 214, 229, 89, 66, 92, 126, 228, 87, 211, 205, 112, 181, 246, 129, 123, 152, 40, 127, 15, 139, 81, 224,
	31, 73, 112, 124, 166, 107, 66, 226, 55, 88, 188, 136, 202, 40, 26, 101, 35, 33, 16, 25, 253, 177, 221, 249, 83, 228,
	3, 254, 83, 56, 236, 214, 234, 55, 138, 176, 127, 31, 135, 63, 139, 1, 254, 221, 213, 252, 200, 204, 7, 252, 145, 154,
	207, 44, 156, 83, 191, 171, 71, 43, 247, 161, 147, 31, 183, 244, 225, 115, 130, 68, 52, 113, 38, 67, 11, 191, 63, 96,
	85, 186, 238, 160, 212, 240, 71, 114, 145, 11, 248, 101, 200, 239, 207, 115, 173, 126, 153, 129, 43, 74, 8, 181, 126,
	236, 69, 5, 130, 175, 64, 200, 4, 209, 226, 105, 142, 247, 146, 106, 125, 73, 221, 229, 250, 164, 238, 181, 189, 183,
	4, 206, 219, 190, 101, 182, 59, 236, 31, 150, 37, 35, 28, 135, 17, 113, 77, 33, 20, 203, 42, 8, 198, 228, 95, 6, 71,
	128, 255, 190, 252, 134, 67, 223, 236, 152, 232, 25, 100, 121, 132, 119, 3, 2, 185, 23, 192, 141, 239, 27, 183, 5, 185,
	254, 81, 66, 122, 120, 135, 98, 237, 167, 43, 73, 46, 92, 217, 88, 214, 213, 147, 117, 147, 127, 8, 224, 67, 173, 95,
	9, 50, 5, 221, 227, 13, 194, 12, 147, 116, 164, 170, 33, 241, 233, 0, 202, 13, 190, 93, 248, 105, 241, 146, 5, 68, 35,
	5, 29, 168, 51, 85, 115, 161, 250, 220, 4, 252, 112, 87, 45, 30, 203, 63, 116, 22, 77, 139, 66, 185, 98, 174, 174, 67,
	244, 57, 114, 129, 240, 224, 97, 34, 129, 216, 250, 136, 46, 15, 61, 144, 66, 57, 246, 0, 24, 182, 162, 249, 146, 90,
	138, 248, 134, 161, 28, 11, 254, 158, 81, 96, 255, 182, 81, 108, 66, 189, 134, 251, 43, 77, 7, 218, 116, 255, 207, 27,
	133, 249, 255, 148, 81, 152, 255, 202, 40, 156, 51, 187, 235, 93, 44, 206, 229, 248, 212, 49, 45, 245, 105, 245, 62,
	43, 118, 132, 94, 55, 255, 174, 227, 51, 46, 172, 254, 234, 133, 86, 9, 143, 79, 54, 75, 193, 92, 122, 58, 116, 76,
	156, 231, 2, 60, 130, 163, 50, 239, 225, 245, 149, 198, 152, 69, 150, 47, 28, 151, 173, 184, 51, 134, 41, 16, 241, 238,
	104, 139, 126, 168, 157, 0, 198, 195, 71, 235, 26, 125, 104, 53, 244, 124, 79, 171, 91, 119, 79, 111, 149, 250, 6, 164,
	102, 151, 87, 235, 30, 190, 254, 93, 163, 176, 41, 71, 75, 198, 204, 32, 37, 237, 101, 120, 136, 113, 192, 128, 49,
	121, 175, 155, 100, 102, 245, 95, 24, 5, 193, 177, 96, 73, 98, 44, 41, 93, 150, 123, 240, 234, 148, 177, 93, 29, 48,
	102, 223, 209, 202, 252, 48, 185, 12, 202, 154, 215, 27, 27, 25, 96, 188, 101, 185, 215, 224, 41, 108, 237, 161, 88,
	149, 10, 121, 50, 136, 114, 229, 191, 244, 251, 111, 2, 119, 27, 64, 187, 44, 23, 245, 1, 135, 102, 150, 98, 113, 170,
	196, 160, 172, 73, 235, 222, 93, 159, 181, 182, 188, 35, 72, 74, 207, 74, 69, 143, 189, 169, 126, 0, 216, 56, 185, 121,
	58, 106, 98, 102, 187, 179, 219, 176, 127, 73, 64, 149, 55, 85, 252, 189, 97, 176, 34, 255, 156, 128, 42, 251, 244, 8,
	224, 239, 135, 205, 12, 202, 207, 10, 137, 76, 46, 249, 98, 60, 71, 5, 147, 252, 205, 207, 127, 214, 140, 83, 57, 243,
	247, 178, 77, 145, 164, 90, 253, 38, 124, 215, 24, 231, 63, 93, 244, 33, 180, 105, 33, 246, 241, 233, 203, 209, 81,
	142, 196, 227, 250, 119, 12, 77, 130, 55, 197, 254, 143, 20, 17, 244, 231, 176, 217, 47, 189, 253, 207, 49, 208, 250,
	185, 171, 142, 11, 107, 142, 245, 117, 52, 230, 252, 237, 181, 223, 175, 228, 247, 11, 1, 254, 157, 149, 168, 245, 111,
	153, 30, 128, 191, 30, 88, 85, 76, 99, 203, 111, 88, 183, 154, 49, 222, 97, 88, 151, 13, 248, 141, 200, 6, 74, 191,
	149, 45, 242, 0, 123, 190, 185, 67, 91, 55, 138, 24, 181, 60, 162, 43, 64, 156, 244, 235, 29, 30, 159, 153, 240, 184,
	76, 47, 240, 14, 251, 242, 153, 215, 164, 121, 244, 27, 98, 49, 86, 13, 213, 201, 192, 138, 1, 98, 162, 137, 231, 200,
	124, 153, 182, 69, 37, 179, 122, 115, 156, 2, 166, 87, 98, 173, 41, 15, 242, 109, 121, 149, 41, 161, 47, 128, 188, 79,
	236, 232, 215, 183, 169, 231, 141, 86, 163, 33, 162, 71, 155, 34, 133, 235, 141, 48, 16, 116, 80, 24, 159, 238, 202,
	102, 92, 249, 93, 126, 146, 67, 96, 251, 224, 11, 196, 171, 248, 69, 54, 86, 230, 34, 247, 7, 119, 51, 119, 148, 143,
	148, 178, 229, 228, 14, 24, 180, 248, 37, 74, 138, 182, 197, 204, 217, 140, 34, 241, 224, 100, 173, 200, 124, 15, 215,
	146, 228, 29, 223, 112, 190, 162, 225, 123, 120, 58, 154, 163, 179, 29, 234, 63, 220, 42, 123, 232, 6, 31, 25, 33, 110,
	98, 10, 140, 27, 122, 54, 53, 43, 254, 14, 220, 165, 6, 152, 69, 60, 133, 104, 14, 66, 97, 4, 116, 95, 249, 59, 35,
	208, 192, 214, 245, 35, 62, 115, 131, 131, 26, 156, 171, 96, 156, 109, 128, 170, 177, 37, 11, 219, 163, 216, 168, 136,
	0, 31, 202, 105, 185, 211, 148, 60, 219, 68, 31, 120, 163, 233, 19, 144, 67, 182, 206, 7, 240, 190, 241, 229, 91, 93,
	23, 218, 181, 6, 177, 174, 209, 124, 172, 39, 132, 77, 17, 97, 97, 144, 204, 96, 180, 141, 58, 155, 210, 145, 72, 168,
	135, 117, 189, 166, 97, 194, 57, 178, 180, 240, 231, 222, 63, 133, 50, 247, 229, 81, 97, 43, 57, 141, 241, 247, 31, 55,
	2, 22, 125, 135, 6, 215, 96, 28, 206, 104, 82, 54, 86, 231, 90, 11, 242, 193, 93, 202, 23, 11, 5, 52, 115, 134, 161,
	129, 80, 165, 47, 40, 221, 54, 39, 218, 198, 90, 45, 6, 63, 73, 143, 104, 108, 48, 23, 181, 71, 82, 12, 182, 73, 11,
	47, 194, 119, 32, 14, 160, 3, 63, 211, 8, 81, 87, 106, 116, 220, 98, 203, 46, 193, 171, 25, 147, 86, 91, 207, 167, 64,
	88, 146, 126, 183, 135, 224, 245, 96, 110, 5, 79, 48, 69, 28, 183, 71, 33, 206, 75, 225, 6, 18, 129, 90, 236, 59, 54,
	151, 241, 128, 216, 100, 40, 107, 233, 55, 196, 169, 144, 44, 48, 175, 230, 156, 139, 25, 98, 147, 52, 81, 233, 142,
	243, 75, 44, 149, 174, 69, 44, 104, 44, 88, 77, 229, 59, 145, 23, 94, 119, 89, 68, 231, 75, 36, 14, 92, 56, 53, 250,
	171, 207, 90, 233, 94, 237, 239, 48, 0, 122, 4, 137, 46, 219, 78, 18, 47, 0, 157, 174, 233, 230, 14, 121, 77, 108, 164,
	224, 94, 153, 171, 79, 195, 50, 185, 210, 199, 83, 241, 254, 146, 9, 254, 46, 79, 56, 171, 225, 175, 167, 127, 39, 87,
	100, 186, 71, 87, 31, 216, 143, 139, 128, 48, 38, 254, 187, 233, 214, 99, 212, 205, 51, 143, 7, 254, 1, 38, 228, 72,
	35, 57, 60, 165, 235, 99, 46, 159, 186, 243, 231, 99, 90, 192, 63, 97, 130, 239, 217, 57, 26, 182, 55, 82, 212, 49, 7,
	117, 216, 170, 199, 190, 223, 128, 189, 53, 22, 123, 119, 67, 57, 9, 184, 141, 178, 244, 16, 50, 110, 188, 118, 235,
	53, 74, 166, 78, 112, 18, 181, 166, 215, 8, 127, 77, 69, 115, 57, 94, 27, 135, 20, 253, 157, 192, 69, 43, 135, 94, 27,
	130, 9, 115, 181, 7, 176, 194, 246, 210, 12, 117, 81, 5, 21, 68, 112, 145, 110, 91, 65, 215, 56, 48, 243, 18, 90, 62,
	96, 4, 33, 213, 236, 85, 188, 17, 161, 100, 200, 36, 8, 194, 34, 47, 136, 253, 172, 234, 238, 206, 246, 86, 247, 100,
	199, 3, 135, 16, 52, 192, 146, 70, 85, 169, 91, 21, 9, 253, 19, 22, 156, 211, 57, 60, 235, 246, 50, 168, 9, 111, 177,
	59, 144, 251, 228, 11, 203, 147, 215, 51, 148, 6, 230, 129, 178, 69, 211, 86, 93, 59, 11, 124, 244, 72, 32, 130, 20,
	238, 190, 34, 158, 61, 109, 219, 22, 7, 30, 166, 105, 111, 187, 118, 51, 206, 69, 110, 230, 233, 214, 211, 152, 60,
	139, 179, 59, 85, 86, 199, 230, 23, 6, 56, 174, 216, 173, 200, 238, 85, 65, 96, 62, 220, 68, 225, 146, 245, 229, 20,
	170, 94, 159, 95, 100, 199, 145, 86, 211, 190, 189, 19, 83, 217, 133, 247, 145, 206, 101, 201, 66, 237, 121, 75, 146,
	52, 190, 20, 239, 148, 79, 200, 3, 111, 158, 111, 161, 167, 74, 212, 81, 50, 128, 169, 230, 39, 98, 32, 105, 42, 140,
	130, 172, 234, 60, 145, 43, 179, 48, 232, 37, 250, 92, 194, 190, 55, 47, 116, 144, 210, 77, 141, 94, 103, 134, 50, 186,
	187, 200, 228, 15, 113, 133, 99, 157, 112, 131, 106, 149, 171, 153, 139, 92, 2, 6, 205, 177, 223, 82, 24, 7, 30, 8, 55,
	162, 61, 29, 88, 9, 217, 221, 162, 197, 10, 94, 254, 243, 202, 55, 34, 71, 65, 216, 126, 101, 137, 13, 178, 102, 218,
	240, 48, 151, 62, 236, 166, 89, 99, 50, 41, 151, 165, 89, 13, 188, 160, 95, 157, 59, 173, 254, 93, 157, 157, 3, 229,
	238, 236, 21, 2, 166, 243, 50, 242, 38, 118, 21, 92, 65, 30, 84, 62, 224, 218, 104, 119, 140, 193, 193, 224, 98, 12, 7,
	87, 234, 26, 39, 131, 82, 241, 230, 157, 7, 169, 203, 72, 24, 41, 57, 70, 225, 131, 227, 181, 116, 54, 145, 15, 70,
	128, 63, 185, 104, 159, 18, 151, 153, 4, 246, 110, 24, 246, 35, 3, 7, 163, 82, 110, 139, 237, 70, 125, 166, 16, 145,
	121, 103, 44, 9, 175, 70, 101, 204, 40, 39, 61, 87, 139, 243, 115, 202, 63, 38, 119, 242, 181, 244, 150, 223, 200, 234,
	209, 14, 239, 156, 192, 69, 162, 87, 113, 213, 46, 105, 191, 147, 181, 9, 140, 177, 55, 52, 34, 216, 111, 217, 237,
	121, 161, 167, 187, 26, 230, 52, 194, 163, 8, 193, 212, 161, 221, 200, 212, 72, 27, 139, 75, 155, 121, 171, 254, 181,
	52, 50, 251, 255, 125, 85, 147, 163, 173, 239, 16, 14, 255, 92, 90, 238, 239, 135, 187, 200, 167, 30, 219, 50, 223,
	103, 247, 10, 181, 53, 100, 204, 9, 208, 75, 111, 28, 190, 31, 67, 208, 172, 53, 127, 12, 121, 197, 223, 5, 153, 28,
	96, 57, 191, 14, 137, 190, 163, 76, 213, 98, 224, 175, 124, 201, 204, 47, 234, 109, 182, 184, 137, 212, 55, 245, 182,
	134, 83, 60, 203, 246, 60, 205, 21, 57, 201, 254, 13, 95, 146, 253, 77, 201, 237, 71, 125, 57, 135, 194, 53, 214, 253,
	69, 95, 78, 133, 127, 189, 102, 194, 31, 134, 7, 251, 247, 12, 15, 156, 251, 125, 150, 246, 139, 12, 35, 203, 153, 243,
	55, 94, 71, 11, 129, 171, 247, 27, 126, 163, 240, 242, 89, 237, 87, 29, 57, 154, 113, 171, 31, 230, 2, 216, 95, 8, 27,
	216, 175, 132, 13, 192, 159, 50, 54, 168, 137, 178, 31, 181, 117, 193, 28, 184, 93, 72, 134, 103, 216, 135, 137, 204,
	75, 22, 163, 55, 121, 211, 57, 248, 30, 59, 82, 246, 57, 200, 204, 55, 241, 126, 109, 53, 230, 117, 5, 50, 35, 180,
	207, 229, 49, 227, 196, 250, 52, 56, 12, 180, 168, 234, 13, 99, 209, 126, 92, 47, 118, 91, 216, 79, 248, 220, 77, 143,
	151, 205, 71, 168, 97, 141, 144, 117, 253, 190, 73, 130, 3, 195, 154, 24, 228, 111, 159, 76, 238, 219, 1, 153, 158,
	140, 39, 75, 176, 0, 230, 235, 237, 246, 76, 104, 43, 75, 78, 250, 43, 170, 246, 239, 20, 60, 119, 221, 226, 228, 21,
	244, 18, 45, 46, 168, 103, 3, 39, 50, 193, 200, 244, 248, 218, 201, 25, 248, 249, 73, 2, 134, 222, 191, 14, 95, 21,
	239, 236, 224, 162, 138, 194, 85, 101, 137, 210, 144, 41, 226, 81, 63, 250, 236, 110, 109, 122, 117, 91, 67, 84, 154,
	148, 214, 156, 179, 175, 223, 247, 2, 36, 173, 7, 41, 136, 118, 36, 204, 103, 216, 255, 107, 206, 17, 32, 210, 17, 160,
	159, 199, 110, 21, 33, 194, 23, 170, 119, 251, 162, 42, 168, 180, 239, 215, 177, 52, 222, 223, 243, 50, 11, 163, 51,
	17, 172, 71, 202, 246, 171, 130, 88, 67, 218, 126, 184, 70, 5, 242, 200, 109, 252, 251, 141, 148, 47, 3, 204, 36, 235,
	212, 240, 247, 61, 37, 189, 183, 141, 217, 136, 205, 219, 153, 127, 121, 146, 95, 126, 135, 184, 247, 239, 212, 254,
	249, 255, 151, 39, 202, 236, 6, 96, 184, 223, 183, 197, 231, 197, 95, 54, 170, 194, 169, 228, 123, 255, 128, 225, 111,
	216, 78, 189, 35, 10, 162, 245, 27, 141, 104, 34, 52, 103, 246, 187, 76, 0, 248, 49, 21, 104, 36, 106, 230, 192, 241,
	17, 130, 143, 71, 120, 169, 230, 71, 240, 112, 159, 209, 129, 61, 207, 242, 34, 60, 239, 177, 73, 71, 142, 89, 214,
	178, 130, 93, 119, 163, 231, 253, 77, 30, 195, 171, 85, 115, 147, 124, 133, 140, 181, 111, 129, 47, 169, 192, 81, 87,
	251, 60, 141, 109, 177, 160, 110, 82, 62, 123, 194, 118, 243, 71, 15, 226, 117, 82, 81, 112, 250, 6, 21, 86, 41, 167,
	194, 231, 233, 187, 151, 249, 90, 194, 75, 126, 122, 223, 238, 6, 162, 121, 199, 176, 221, 174, 127, 199, 151, 112,
	222, 255, 156, 47, 9, 54, 137, 134, 209, 215, 189, 224, 54, 182, 39, 14, 191, 46, 86, 16, 98, 255, 71, 125, 137, 231,
	255, 13, 95, 194, 253, 160, 85, 249, 131, 47, 113, 158, 255, 113, 95, 194, 123, 255, 45, 95, 98, 112, 10, 26, 70, 236,
	135, 239, 168, 193, 130, 94, 124, 190, 146, 19, 71, 194, 245, 106, 242, 210, 212, 41, 24, 145, 216, 245, 205, 207, 243,
	251, 180, 87, 113, 43, 141, 118, 122, 3, 222, 31, 203, 128, 26, 200, 118, 238, 117, 83, 15, 131, 131, 106, 5, 190, 43,
	108, 161, 238, 89, 182, 23, 204, 94, 173, 221, 186, 36, 169, 123, 84, 141, 188, 149, 151, 161, 64, 189, 198, 182, 251,
	45, 2, 173, 39, 73, 134, 113, 70, 142, 236, 54, 100, 15, 179, 155, 165, 55, 98, 253, 83, 95, 114, 51, 41, 43, 68, 245,
	151, 217, 227, 60, 139, 13, 70, 49, 197, 167, 140, 128, 75, 171, 252, 159, 240, 37, 30, 242, 63, 234, 75, 44, 47, 252,
	191, 232, 75, 142, 250, 20, 228, 46, 96, 130, 206, 171, 116, 39, 164, 66, 254, 165, 108, 145, 30, 157, 90, 151, 152,
	206, 116, 125, 224, 207, 64, 39, 3, 213, 185, 245, 21, 73, 48, 212, 1, 182, 208, 100, 205, 62, 25, 40, 54, 72, 119,
	214, 23, 95, 242, 44, 210, 237, 121, 222, 76, 171, 154, 247, 65, 163, 174, 150, 180, 82, 178, 41, 242, 211, 147, 71,
	221, 66, 195, 253, 129, 208, 121, 153, 214, 205, 89, 74, 202, 66, 133, 226, 210, 232, 196, 250, 97, 250, 23, 40, 114,
	32, 213, 255, 75, 95, 82, 149, 213, 135, 11, 231, 59, 97, 149, 241, 81, 170, 249, 226, 86, 4, 28, 248, 183, 200, 109,
	24, 225, 83, 142, 139, 190, 247, 139, 77, 38, 103, 156, 40, 62, 81, 36, 173, 112, 227, 177, 41, 52, 211, 47, 183, 243,
	15, 62, 69, 255, 89, 191, 56, 80, 233, 239, 66, 113, 186, 37, 52, 93, 236, 126, 10, 95, 230, 244, 161, 165, 10, 15,
	108, 151, 106, 234, 249, 109, 194, 239, 238, 90, 67, 132, 52, 95, 136, 111, 126, 195, 68, 197, 170, 24, 160, 49, 223,
	204, 58, 133, 127, 165, 162, 250, 156, 31, 248, 189, 92, 244, 251, 26, 43, 158, 223, 124, 139, 243, 59, 185, 104, 207,
	83, 119, 128, 63, 41, 239, 219, 204, 33, 251, 252, 245, 83, 149, 15, 219, 84, 171, 46, 170, 29, 110, 210, 119, 111, 7,
	115, 177, 159, 13, 95, 72, 111, 152, 31, 25, 166, 168, 47, 106, 50, 223, 206, 22, 220, 181, 127, 197, 48, 165, 242, 92,
	159, 222, 172, 6, 102, 98, 180, 210, 25, 205, 44, 52, 72, 157, 194, 46, 83, 246, 2, 77, 97, 231, 92, 51, 160, 185, 75,
	246, 53, 21, 175, 23, 253, 36, 114, 100, 14, 69, 253, 136, 198, 169, 187, 197, 138, 6, 47, 217, 36, 93, 213, 210, 33,
	221, 171, 192, 60, 224, 86, 229, 142, 235, 29, 74, 101, 67, 224, 76, 179, 106, 110, 131, 89, 234, 24, 163, 12, 208,
	233, 245, 231, 48, 215, 64, 135, 217, 112, 235, 194, 97, 47, 94, 97, 79, 207, 189, 227, 151, 129, 240, 223, 248, 17,
	149, 183, 44, 143, 142, 94, 231, 181, 83, 248, 145, 16, 25, 209, 166, 49, 70, 44, 104, 254, 245, 163, 27, 1, 254, 101,
	61, 239, 15, 12, 83, 37, 165, 10, 238, 71, 17, 70, 138, 123, 248, 142, 95, 206, 91, 210, 184, 44, 226, 103, 19, 32, 61,
	9, 118, 95, 81, 233, 114, 76, 206, 170, 100, 68, 173, 88, 13, 212, 54, 67, 184, 107, 245, 251, 47, 54, 149, 82, 120,
	228, 102, 108, 117, 110, 5, 110, 35, 246, 94, 117, 193, 242, 193, 178, 247, 146, 16, 217, 145, 222, 27, 247, 179, 183,
	202, 88, 81, 12, 113, 7, 40, 201, 206, 194, 169, 146, 86, 171, 229, 120, 189, 109, 46, 155, 128, 177, 65, 196, 214, 12,
	254, 78, 85, 206, 119, 102, 152, 251, 46, 245, 215, 3, 190, 191, 49, 40, 203, 166, 48, 136, 36, 254, 150, 61, 253, 203,
	242, 93, 244, 169, 79, 65, 196, 175, 230, 100, 180, 80, 46, 215, 68, 49, 15, 47, 245, 204, 37, 180, 59, 141, 234, 231,
	35, 24, 218, 239, 143, 234, 120, 127, 203, 164, 28, 170, 254, 110, 82, 220, 31, 76, 234, 195, 246, 10, 189, 33, 250,
	137, 124, 195, 109, 235, 116, 191, 142, 98, 212, 220, 103, 164, 23, 254, 177, 218, 253, 17, 68, 255, 200, 165, 171,
	181, 10, 235, 142, 139, 251, 245, 111, 87, 245, 247, 13, 253, 111, 172, 234, 179, 40, 224, 199, 85, 253, 125, 174, 40,
	230, 132, 12, 71, 202, 45, 33, 3, 139, 189, 45, 243, 66, 133, 115, 251, 6, 92, 69, 238, 18, 215, 190, 174, 140, 69,
	135, 190, 64, 156, 134, 80, 67, 149, 208, 23, 99, 46, 209, 234, 239, 1, 242, 120, 200, 203, 189, 154, 244, 186, 237,
	135, 103, 53, 41, 157, 210, 172, 249, 186, 11, 19, 218, 13, 148, 62, 24, 187, 0, 33, 204, 69, 226, 215, 197, 5, 40, 7,
	185, 42, 96, 233, 208, 49, 143, 221, 69, 172, 199, 184, 160, 44, 65, 43, 18, 112, 255, 28, 59, 140, 181, 114, 255, 178,
	61, 149, 203, 117, 21, 111, 115, 239, 58, 45, 43, 103, 252, 171, 28, 182, 114, 74, 117, 237, 40, 212, 32, 75, 215, 35,
	175, 65, 38, 159, 128, 249, 88, 200, 76, 154, 2, 165, 144, 105, 164, 65, 54, 204, 86, 3, 163, 127, 200, 92, 101, 152,
	196, 116, 201, 208, 82, 13, 38, 87, 146, 123, 58, 82, 7, 1, 113, 8, 231, 70, 92, 235, 225, 246, 70, 164, 140, 228, 8,
	3, 100, 167, 250, 16, 16, 12, 43, 131, 24, 56, 245, 117, 218, 206, 59, 4, 19, 233, 224, 137, 172, 97, 241, 179, 154,
	156, 76, 126, 187, 157, 217, 29, 183, 222, 17, 10, 12, 166, 119, 74, 131, 217, 209, 210, 64, 122, 234, 162, 149, 226,
	37, 45, 188, 222, 96, 90, 191, 251, 183, 15, 105, 95, 113, 7, 235, 64, 239, 60, 128, 205, 130, 170, 160, 233, 234, 213,
	174, 155, 17, 36, 167, 65, 24, 253, 164, 222, 201, 43, 49, 4, 78, 124, 8, 195, 94, 65, 114, 202, 77, 236, 72, 62, 215,
	170, 85, 17, 74, 156, 79, 111, 91, 111, 29, 184, 242, 133, 169, 242, 241, 38, 79, 198, 221, 97, 93, 242, 5, 56, 65, 30,
	80, 49, 187, 71, 99, 142, 158, 11, 168, 95, 245, 163, 201, 210, 215, 132, 93, 248, 154, 188, 86, 15, 90, 173, 110, 249,
	73, 102, 138, 21, 86, 222, 2, 139, 118, 65, 116, 10, 250, 220, 164, 104, 33, 226, 3, 2, 59, 103, 229, 248, 75, 154, 41,
	235, 122, 0, 39, 145, 220, 176, 221, 156, 154, 161, 124, 212, 138, 109, 17, 86, 243, 126, 0, 226, 38, 111, 209, 233,
	106, 126, 168, 111, 201, 176, 99, 189, 26, 138, 91, 127, 225, 229, 36, 89, 238, 136, 147, 76, 130, 36, 173, 129, 124,
	132, 32, 104, 247, 107, 90, 4, 190, 164, 224, 32, 160, 70, 152, 145, 228, 149, 225, 64, 72, 109, 128, 55, 152, 152, 73,
	41, 120, 10, 198, 99, 237, 246, 12, 109, 20, 225, 106, 215, 65, 5, 94, 173, 82, 49, 163, 135, 150, 7, 189, 103, 156,
	243, 99, 171, 238, 171, 78, 37, 190, 223, 144, 133, 86, 124, 70, 111, 85, 241, 9, 108, 105, 79, 235, 238, 69, 235, 39,
	206, 53, 233, 75, 26, 205, 174, 202, 184, 137, 127, 155, 89, 203, 190, 71, 190, 254, 52, 148, 185, 236, 45, 61, 121,
	169, 28, 178, 9, 115, 116, 53, 136, 223, 142, 100, 124, 159, 178, 0, 62, 99, 22, 174, 163, 166, 87, 39, 162, 198, 189,
	112, 164, 20, 30, 98, 67, 94, 157, 74, 189, 76, 16, 247, 39, 252, 126, 63, 15, 25, 129, 159, 205, 100, 124, 169, 132,
	11, 76, 59, 194, 115, 225, 145, 47, 9, 129, 102, 243, 149, 154, 181, 102, 223, 65, 232, 109, 210, 15, 73, 64, 141, 157,
	53, 164, 240, 42, 173, 80, 8, 33, 41, 247, 144, 30, 251, 6, 8, 129, 152, 247, 183, 246, 14, 190, 222, 198, 43, 133,
	196, 193, 171, 28, 51, 70, 244, 114, 179, 222, 187, 171, 45, 4, 186, 188, 78, 229, 245, 212, 244, 254, 29, 225, 34,
	171, 40, 48, 203, 179, 122, 20, 218, 146, 101, 184, 118, 189, 27, 218, 108, 234, 49, 114, 53, 236, 135, 6, 52, 221,
	142, 236, 205, 10, 109, 217, 228, 14, 241, 20, 133, 101, 26, 154, 252, 37, 120, 102, 71, 186, 19, 11, 236, 154, 104,
	251, 25, 148, 57, 217, 134, 68, 38, 215, 242, 2, 133, 215, 177, 69, 186, 176, 230, 60, 208, 69, 195, 95, 226, 168, 112,
	24, 81, 116, 10, 13, 80, 233, 148, 92, 12, 249, 246, 186, 251, 165, 73, 110, 151, 202, 93, 204, 177, 133, 88, 140, 62,
	234, 94, 10, 165, 5, 69, 234, 249, 232, 77, 139, 155, 5, 250, 180, 234, 171, 35, 224, 180, 78, 212, 45, 254, 90, 240,
	154, 199, 200, 247, 138, 67, 103, 25, 125, 193, 1, 129, 5, 75, 187, 176, 242, 105, 148, 60, 30, 10, 152, 204, 3, 72,
	18, 239, 248, 116, 81, 141, 234, 73, 101, 50, 175, 123, 55, 186, 141, 222, 14, 164, 153, 55, 193, 77, 46, 143, 150,
	186, 140, 225, 219, 9, 101, 16, 46, 217, 100, 88, 92, 87, 59, 51, 88, 212, 122, 144, 2, 160, 187, 99, 232, 146, 236,
	169, 212, 239, 48, 48, 179, 86, 208, 208, 58, 156, 202, 13, 212, 14, 35, 44, 132, 147, 203, 75, 119, 184, 104, 29, 14,
	118, 100, 61, 191, 138, 159, 11, 111, 103, 117, 221, 99, 201, 139, 188, 64, 160, 119, 189, 26, 157, 45, 170, 251, 77,
	20, 31, 0, 118, 141, 47, 3, 49, 175, 87, 28, 44, 28, 245, 70, 47, 130, 244, 18, 79, 180, 99, 92, 132, 18, 208, 105, 27,
	84, 35, 163, 209, 27, 180, 190, 204, 118, 90, 35, 154, 160, 158, 25, 118, 48, 225, 171, 206, 12, 240, 237, 25, 177,
	170, 217, 84, 55, 5, 51, 141, 114, 1, 126, 237, 31, 85, 169, 120, 85, 217, 186, 217, 113, 61, 124, 187, 82, 10, 158,
	177, 153, 54, 194, 116, 81, 131, 119, 197, 139, 95, 244, 93, 192, 83, 33, 139, 154, 192, 112, 111, 246, 10, 163, 62,
	255, 114, 69, 199, 91, 182, 71, 134, 9, 142, 95, 158, 175, 102, 110, 36, 224, 120, 113, 226, 109, 72, 175, 73, 52, 113,
	194, 59, 131, 171, 187, 141, 190, 205, 91, 131, 240, 132, 208, 142, 28, 142, 128, 190, 165, 182, 163, 53, 116, 140,
	220, 175, 69, 62, 112, 62, 47, 189, 202, 188, 230, 161, 193, 191, 61, 20, 68, 26, 94, 20, 140, 111, 183, 183, 153, 1,
	9, 55, 247, 202, 109, 112, 201, 254, 140, 213, 245, 202, 198, 152, 10, 234, 106, 116, 249, 87, 194, 112, 113, 213, 53,
	199, 207, 14, 44, 252, 77, 172, 182, 62, 233, 244, 241, 61, 244, 181, 40, 17, 51, 46, 239, 157, 148, 250, 143, 70, 133,
	29, 8, 230, 76, 124, 190, 80, 63, 229, 134, 49, 156, 223, 17, 40, 125, 34, 205, 95, 117, 163, 123, 135, 249, 130, 136,
	214, 227, 211, 224, 202, 29, 46, 86, 233, 242, 91, 2, 107, 125, 101, 84, 228, 135, 164, 221, 241, 31, 15, 8, 124, 96,
	25, 248, 224, 178, 198, 190, 95, 246, 59, 92, 254, 205, 181, 154, 34, 127, 210, 133, 254, 174, 234, 252, 134, 101, 233,
	23, 13, 200, 175, 159, 242, 67, 255, 237, 29, 226, 242, 95, 176, 56, 244, 155, 37, 249, 114, 78, 254, 75, 68, 107, 255,
	43, 18, 117, 224, 183, 34, 203, 20, 2, 211, 224, 11, 141, 215, 39, 148, 36, 237, 229, 80, 40, 212, 82, 181, 184, 155,
	42, 110, 63, 2, 67, 120, 212, 81, 45, 167, 212, 213, 215, 6, 81, 96, 145, 174, 220, 184, 20, 76, 167, 106, 185, 60,
	199, 139, 14, 224, 170, 233, 172, 47, 171, 119, 180, 158, 137, 233, 8, 90, 71, 37, 163, 117, 107, 148, 103, 8, 189, 35,
	212, 132, 128, 1, 218, 7, 135, 55, 111, 251, 246, 168, 174, 187, 190, 144, 54, 121, 59, 157, 22, 108, 149, 181, 188,
	22, 106, 146, 103, 49, 127, 216, 195, 26, 52, 192, 109, 235, 161, 185, 32, 175, 253, 98, 223, 251, 52, 94, 249, 141,
	93, 41, 252, 62, 191, 172, 93, 79, 29, 212, 174, 144, 67, 34, 239, 149, 128, 183, 131, 212, 171, 4, 12, 141, 204, 216,
	130, 9, 4, 51, 215, 58, 93, 159, 200, 190, 76, 222, 124, 248, 170, 190, 110, 13, 192, 38, 106, 149, 30, 60, 116, 112,
	47, 63, 140, 20, 88, 217, 166, 112, 40, 236, 25, 91, 112, 122, 53, 121, 252, 50, 196, 106, 109, 165, 140, 170, 56, 248,
	136, 150, 113, 173, 152, 200, 59, 80, 185, 211, 1, 107, 146, 172, 240, 142, 205, 239, 252, 163, 138, 240, 233, 33, 136,
	64, 48, 5, 27, 211, 56, 154, 29, 199, 32, 53, 156, 182, 37, 23, 51, 134, 214, 171, 213, 224, 115, 154, 241, 120, 74,
	239, 66, 0, 223, 135, 195, 41, 210, 0, 197, 135, 28, 186, 23, 218, 59, 210, 208, 49, 7, 234, 195, 94, 214, 6, 12, 61,
	5, 201, 198, 194, 167, 6, 200, 70, 67, 136, 87, 78, 51, 28, 36, 6, 35, 132, 190, 30, 135, 185, 221, 103, 206, 25, 103,
	9, 163, 112, 217, 27, 228, 219, 113, 13, 178, 220, 202, 165, 103, 134, 63, 170, 192, 182, 95, 186, 122, 60, 18, 92,
	127, 196, 150, 226, 167, 211, 184, 7, 149, 158, 122, 142, 249, 78, 90, 243, 168, 214, 61, 137, 88, 104, 55, 125, 153,
	22, 93, 221, 148, 90, 229, 147, 117, 244, 31, 19, 175, 45, 157, 242, 40, 159, 22, 25, 197, 224, 243, 141, 149, 166,
	220, 92, 131, 105, 15, 222, 91, 136, 158, 27, 119, 28, 212, 103, 19, 89, 90, 76, 83, 8, 211, 37, 192, 216, 72, 136,
	126, 64, 155, 41, 45, 50, 196, 73, 254, 172, 228, 34, 21, 219, 119, 29, 214, 253, 183, 81, 251, 53, 168, 181, 175, 71,
	190, 239, 8, 91, 110, 174, 202, 179, 58, 145, 248, 8, 189, 210, 205, 113, 247, 143, 2, 55, 105, 33, 239, 88, 131, 158,
	47, 46, 12, 120, 155, 7, 74, 55, 44, 16, 197, 45, 5, 141, 251, 21, 169, 185, 193, 206, 81, 152, 193, 236, 206, 185,
	189, 65, 126, 18, 251, 206, 24, 23, 76, 190, 221, 47, 167, 106, 229, 21, 111, 48, 7, 103, 206, 79, 138, 120, 29, 34,
	65, 75, 135, 210, 98, 182, 144, 14, 163, 13, 12, 68, 192, 205, 119, 223, 122, 217, 211, 239, 88, 212, 127, 74, 229,
	242, 151, 195, 11, 191, 240, 58, 58, 229, 171, 190, 53, 117, 68, 190, 227, 96, 142, 32, 24, 98, 201, 222, 155, 197,
	104, 83, 149, 100, 255, 188, 91, 182, 120, 249, 186, 208, 74, 236, 97, 186, 17, 83, 211, 9, 220, 77, 205, 241, 10, 219,
	75, 117, 115, 52, 18, 10, 39, 192, 151, 20, 174, 40, 10, 63, 74, 78, 57, 56, 8, 45, 248, 254, 166, 249, 190, 63, 95,
	153, 82, 54, 232, 58, 141, 94, 36, 220, 160, 227, 195, 123, 158, 240, 140, 211, 65, 214, 18, 253, 233, 196, 27, 154, 1,
	55, 239, 57, 109, 142, 222, 168, 34, 229, 89, 102, 198, 11, 53, 87, 205, 131, 72, 189, 240, 230, 13, 207, 36, 58, 18,
	207, 234, 168, 200, 250, 120, 4, 254, 126, 75, 54, 195, 63, 111, 119, 10, 9, 57, 65, 200, 185, 88, 172, 224, 109, 60,
	158, 193, 48, 234, 38, 182, 2, 170, 170, 34, 118, 4, 150, 132, 121, 99, 44, 158, 66, 27, 222, 35, 137, 1, 68, 244, 235,
	203, 29, 220, 115, 88, 89, 220, 154, 245, 90, 126, 214, 145, 155, 120, 91, 35, 107, 99, 54, 90, 14, 9, 93, 174, 149,
	88, 6, 35, 100, 200, 104, 76, 43, 129, 223, 15, 52, 32, 76, 177, 61, 120, 253, 53, 132, 60, 99, 189, 112, 68, 118, 136,
	107, 160, 144, 194, 197, 235, 217, 135, 165, 49, 193, 109, 204, 93, 50, 171, 230, 56, 132, 105, 85, 186, 131, 120, 71,
	62, 52, 50, 61, 151, 38, 47, 153, 7, 125, 235, 208, 238, 62, 176, 161, 131, 134, 23, 160, 172, 55, 13, 148, 93, 246,
	210, 77, 49, 226, 186, 121, 168, 141, 92, 189, 118, 55, 249, 214, 92, 155, 212, 125, 129, 196, 75, 66, 49, 113, 103,
	81, 5, 100, 153, 34, 96, 30, 184, 79, 241, 84, 206, 74, 44, 221, 140, 65, 200, 139, 254, 117, 216, 32, 127, 43, 202,
	59, 32, 209, 11, 241, 136, 185, 152, 54, 91, 106, 25, 188, 250, 112, 198, 73, 138, 72, 176, 75, 94, 79, 107, 247, 19,
	235, 206, 238, 241, 115, 245, 117, 30, 103, 111, 251, 227, 226, 10, 215, 193, 175, 234, 54, 202, 35, 84, 56, 71, 242,
	158, 96, 172, 244, 50, 18, 88, 23, 174, 64, 49, 132, 157, 188, 163, 203, 96, 172, 177, 228, 153, 14, 69, 98, 248, 62,
	169, 133, 19, 189, 67, 247, 125, 150, 161, 199, 59, 156, 140, 92, 204, 189, 55, 2, 60, 9, 166, 203, 10, 67, 32, 13,
	203, 189, 112, 223, 9, 252, 210, 181, 153, 114, 28, 204, 118, 62, 113, 113, 3, 118, 136, 80, 35, 71, 53, 35, 186, 32,
	165, 119, 62, 11, 133, 40, 163, 183, 253, 72, 236, 186, 98, 25, 226, 227, 6, 245, 241, 140, 102, 5, 124, 65, 196, 225,
	174, 52, 186, 117, 241, 186, 4, 239, 182, 128, 178, 140, 100, 133, 46, 92, 139, 98, 71, 28, 232, 3, 104, 3, 1, 122, 94,
	55, 169, 185, 233, 118, 87, 230, 59, 2, 178, 113, 110, 64, 213, 219, 107, 87, 166, 119, 144, 132, 25, 140, 183, 120,
	23, 146, 215, 182, 196, 132, 238, 93, 228, 54, 110, 104, 223, 204, 55, 69, 190, 253, 175, 127, 0, 193, 220, 127, 3,
	130, 105, 242, 3, 193, 1, 242, 61, 93, 166, 43, 247, 156, 220, 148, 85, 143, 44, 189, 132, 72, 188, 36, 160, 122, 249,
	67, 69, 251, 143, 224, 7, 252, 12, 253, 254, 1, 248, 241, 191, 144, 87, 28, 239, 159, 159, 116, 153, 251, 13, 249, 139,
	86, 83, 208, 143, 215, 84, 22, 250, 3, 249, 139, 106, 137, 31, 138, 150, 175, 220, 47, 91, 243, 253, 67, 128, 228, 35,
	183, 252, 35, 71, 225, 143, 129, 129, 253, 173, 204, 229, 238, 255, 138, 227, 5, 109, 65, 12, 40, 246, 179, 184, 22,
	205, 253, 129, 197, 251, 160, 50, 242, 69, 148, 223, 88, 241, 50, 14, 110, 200, 229, 14, 17, 99, 57, 165, 195, 135,
	109, 73, 247, 33, 237, 94, 106, 80, 132, 47, 65, 116, 204, 208, 165, 39, 19, 157, 41, 212, 62, 146, 187, 224, 51, 20,
	225, 216, 36, 16, 210, 79, 196, 212, 194, 225, 177, 61, 111, 207, 96, 68, 86, 90, 173, 81, 175, 209, 105, 254, 106, 28,
	148, 152, 10, 188, 65, 171, 89, 29, 139, 122, 195, 213, 185, 133, 252, 21, 199, 11, 240, 119, 78, 194, 222, 142, 50,
	60, 16, 11, 190, 86, 207, 23, 113, 65, 22, 17, 46, 177, 71, 190, 138, 98, 153, 254, 134, 227, 5, 248, 129, 228, 101,
	167, 20, 65, 247, 43, 150, 157, 30, 77, 229, 100, 196, 230, 144, 228, 2, 189, 195, 202, 91, 68, 94, 226, 254, 108, 151,
	153, 96, 227, 116, 24, 38, 226, 201, 207, 81, 108, 243, 88, 193, 64, 203, 104, 230, 183, 107, 104, 122, 243, 13, 24,
	75, 113, 179, 230, 235, 235, 128, 145, 248, 202, 42, 76, 100, 197, 155, 195, 210, 169, 106, 24, 177, 211, 233, 2, 61,
	215, 122, 101, 90, 162, 118, 22, 24, 234, 104, 86, 23, 48, 107, 14, 7, 33, 101, 227, 228, 219, 16, 244, 199, 88, 89,
	127, 101, 7, 118, 158, 46, 99, 53, 31, 255, 197, 244, 109, 187, 116, 85, 26, 207, 31, 186, 242, 111, 39, 199, 25, 10,
	6, 254, 125, 18, 114, 70, 255, 4, 95, 201, 247, 194, 146, 68, 105, 81, 214, 94, 53, 172, 180, 175, 227, 239, 139, 113,
	170, 240, 123, 154, 239, 193, 84, 109, 119, 19, 191, 76, 120, 124, 54, 232, 190, 59, 150, 251, 142, 35, 190, 105, 238,
	50, 180, 147, 7, 26, 20, 249, 240, 41, 190, 227, 11, 165, 218, 85, 143, 51, 23, 213, 158, 54, 217, 252, 197, 114, 14,
	233, 71, 18, 35, 54, 65, 224, 25, 200, 124, 252, 71, 233, 191, 239, 71, 190, 63, 164, 253, 191, 48, 128, 34, 42, 251,
	169, 243, 81, 176, 234, 184, 199, 87, 73, 33, 21, 251, 212, 109, 117, 246, 251, 181, 47, 178, 137, 192, 143, 133, 91,
	187, 161, 126, 40, 34, 245, 206, 157, 215, 120, 19, 34, 181, 31, 70, 42, 241, 20, 181, 154, 36, 248, 40, 4, 124, 161,
	93, 116, 45, 6, 219, 229, 147, 26, 126, 105, 36, 169, 142, 216, 104, 77, 136, 122, 111, 71, 104, 225, 31, 226, 152,
	196, 135, 225, 143, 6, 193, 87, 221, 69, 236, 187, 116, 64, 130, 90, 31, 213, 164, 63, 149, 9, 7, 190, 206, 93, 218,
	207, 193, 39, 223, 15, 192, 96, 87, 231, 14, 65, 123, 158, 202, 152, 5, 143, 122, 64, 26, 94, 182, 192, 136, 14, 226,
	165, 45, 61, 123, 130, 238, 116, 99, 176, 144, 171, 252, 164, 21, 145, 187, 48, 93, 87, 100, 77, 70, 147, 19, 167, 40,
	61, 128, 235, 221, 154, 132, 238, 209, 186, 246, 30, 172, 168, 154, 61, 216, 208, 191, 34, 213, 190, 118, 190, 185, 88,
	65, 54, 191, 163, 186, 218, 31, 108, 172, 188, 113, 207, 108, 14, 12, 82, 114, 246, 65, 118, 149, 63, 178, 216, 1, 52,
	109, 11, 119, 189, 184, 188, 227, 10, 185, 218, 234, 139, 76, 223, 137, 245, 165, 181, 23, 129, 142, 148, 243, 31, 241,
	49, 201, 192, 239, 117, 194, 127, 145, 9, 247, 2, 87, 36, 65, 37, 89, 200, 115, 217, 181, 165, 202, 201, 201, 18, 100,
	238, 121, 66, 252, 131, 149, 91, 117, 56, 57, 100, 159, 239, 175, 106, 49, 33, 108, 240, 96, 81, 94, 81, 5, 152, 58,
	45, 235, 177, 82, 220, 183, 141, 81, 223, 247, 123, 29, 144, 158, 228, 80, 216, 207, 179, 67, 216, 65, 226, 153, 117,
	233, 170, 103, 97, 9, 156, 95, 190, 102, 105, 82, 100, 250, 122, 215, 239, 185, 98, 169, 83, 43, 38, 220, 218, 251,
	142, 237, 41, 225, 21, 202, 1, 141, 252, 107, 157, 112, 90, 98, 168, 255, 250, 74, 219, 240, 173, 221, 250, 115, 171,
	251, 167, 243, 151, 166, 231, 147, 13, 118, 117, 162, 167, 208, 39, 76, 198, 79, 198, 68, 79, 226, 207, 185, 150, 220,
	223, 23, 112, 63, 60, 157, 173, 202, 152, 223, 184, 150, 50, 243, 233, 73, 246, 243, 13, 215, 7, 205, 90, 158, 228,
	218, 110, 36, 153, 16, 239, 90, 54, 77, 123, 158, 37, 58, 176, 36, 121, 252, 115, 191, 59, 84, 242, 141, 111, 137, 231,
	36, 25, 248, 52, 91, 45, 100, 95, 195, 15, 207, 254, 175, 13, 216, 111, 54, 134, 127, 56, 27, 116, 135, 58, 85, 231,
	109, 107, 240, 151, 222, 8, 244, 133, 199, 161, 254, 126, 109, 243, 216, 159, 208, 153, 254, 218, 145, 233, 213, 187,
	43, 241, 182, 59, 72, 206, 51, 125, 223, 220, 179, 61, 174, 17, 62, 58, 33, 30, 231, 150, 166, 231, 185, 54, 71, 218,
	182, 103, 69, 170, 5, 109, 194, 87, 154, 51, 22, 96, 105, 139, 177, 159, 26, 45, 114, 191, 144, 57, 48, 63, 208, 238,
	254, 19, 89, 46, 131, 111, 1, 70, 65, 163, 221, 242, 30, 7, 102, 114, 102, 236, 13, 26, 154, 102, 91, 66, 95, 47, 147,
	134, 218, 18, 229, 164, 173, 99, 45, 247, 195, 212, 34, 40, 204, 195, 186, 110, 54, 238, 102, 97, 247, 131, 125, 201,
	33, 27, 97, 160, 118, 161, 162, 105, 96, 15, 235, 113, 216, 192, 228, 12, 143, 115, 125, 161, 214, 128, 177, 143, 57,
	61, 147, 5, 69, 173, 112, 71, 52, 18, 95, 154, 225, 142, 194, 40, 54, 62, 246, 194, 171, 206, 96, 121, 72, 252, 225,
	145, 123, 185, 221, 116, 28, 191, 101, 157, 196, 104, 70, 184, 13, 53, 217, 70, 164, 13, 251, 29, 96, 160, 143, 167,
	237, 63, 237, 230, 66, 171, 108, 166, 74, 61, 43, 110, 250, 250, 42, 54, 67, 78, 119, 75, 124, 41, 143, 3, 166, 89, 35,
	30, 216, 210, 138, 231, 171, 32, 24, 209, 93, 175, 36, 250, 113, 40, 183, 93, 124, 246, 158, 86, 169, 131, 67, 201, 23,
	58, 245, 129, 227, 181, 161, 96, 208, 118, 79, 43, 195, 116, 169, 157, 125, 29, 57, 208, 233, 144, 10, 83, 79, 39, 172,
	105, 240, 139, 122, 157, 108, 89, 168, 183, 104, 206, 169, 130, 124, 90, 18, 56, 9, 83, 90, 153, 40, 190, 168, 243, 39,
	124, 101, 14, 195, 132, 33, 223, 170, 129, 124, 105, 150, 182, 170, 125, 85, 65, 91, 129, 132, 188, 17, 115, 94, 157,
	90, 200, 164, 121, 125, 221, 26, 104, 120, 96, 228, 144, 158, 237, 69, 169, 172, 213, 178, 133, 105, 207, 172, 65, 50,
	99, 118, 12, 6, 241, 241, 54, 53, 214, 140, 177, 228, 222, 248, 160, 172, 117, 128, 218, 223, 97, 143, 8, 100, 15, 146,
	6, 194, 219, 158, 97, 14, 86, 42, 253, 208, 45, 233, 225, 37, 232, 200, 60, 201, 50, 154, 103, 252, 253, 165, 247, 150,
	243, 108, 238, 200, 81, 185, 84, 185, 184, 118, 117, 226, 220, 76, 27, 4, 203, 95, 146, 251, 11, 28, 234, 75, 2, 232,
	14, 196, 240, 47, 53, 156, 144, 124, 122, 167, 27, 83, 121, 204, 157, 30, 242, 233, 18, 16, 46, 236, 59, 89, 215, 147,
	203, 184, 60, 110, 254, 213, 9, 226, 103, 38, 194, 40, 113, 194, 12, 162, 123, 93, 164, 159, 72, 183, 39, 79, 107, 130,
	25, 231, 85, 219, 246, 3, 16, 148, 11, 233, 129, 196, 208, 58, 62, 140, 236, 52, 186, 176, 176, 184, 204, 9, 141, 131,
	92, 109, 204, 69, 241, 136, 160, 206, 208, 44, 106, 53, 123, 117, 45, 130, 174, 182, 3, 191, 12, 236, 187, 53, 155, 67,
	22, 75, 76, 98, 100, 103, 149, 103, 228, 138, 14, 50, 112, 39, 213, 234, 176, 60, 239, 36, 201, 181, 224, 3, 115, 16,
	167, 59, 231, 100, 69, 73, 132, 173, 71, 132, 180, 143, 94, 47, 190, 80, 222, 95, 121, 67, 32, 73, 215, 131, 48, 85,
	188, 110, 50, 180, 169, 215, 158, 88, 33, 99, 13, 97, 109, 81, 246, 253, 147, 80, 2, 63, 103, 23, 117, 248, 235, 5, 85,
	17, 17, 122, 236, 207, 250, 137, 145, 169, 171, 188, 82, 255, 121, 241, 67, 234, 47, 200, 69, 129, 127, 162, 213, 233,
	246, 242, 244, 14, 238, 10, 17, 148, 43, 196, 104, 177, 241, 76, 17, 81, 236, 44, 237, 157, 221, 197, 209, 5, 3, 66,
	139, 33, 250, 90, 8, 125, 183, 232, 223, 144, 252, 14, 27, 61, 154, 213, 169, 151, 151, 189, 93, 250, 180, 98, 184,
	154, 13, 253, 14, 107, 169, 41, 229, 193, 193, 243, 33, 247, 72, 153, 16, 151, 56, 149, 227, 80, 185, 169, 226, 77,
	217, 204, 219, 67, 239, 156, 135, 4, 100, 234, 243, 72, 121, 107, 222, 220, 226, 86, 143, 38, 210, 205, 118, 186, 102,
	80, 9, 55, 134, 36, 200, 45, 236, 141, 13, 82, 225, 239, 103, 183, 16, 100, 107, 16, 203, 245, 138, 47, 23, 132, 69,
	64, 175, 19, 228, 199, 4, 138, 208, 203, 149, 88, 170, 59, 196, 246, 6, 16, 144, 249, 108, 167, 137, 92, 159, 160, 151,
	79, 132, 206, 223, 230, 106, 203, 186, 252, 94, 190, 211, 96, 72, 23, 52, 94, 190, 133, 206, 237, 22, 92, 215, 232,
	147, 90, 174, 82, 126, 130, 253, 160, 114, 21, 54, 222, 200, 66, 199, 98, 5, 68, 131, 121, 187, 156, 203, 3, 112, 98,
	171, 166, 86, 8, 107, 112, 23, 164, 3, 166, 140, 73, 178, 42, 93, 93, 153, 249, 167, 102, 247, 187, 219, 169, 254, 181,
	140, 64, 173, 136, 131, 149, 57, 220, 92, 175, 216, 228, 110, 108, 69, 43, 164, 12, 51, 91, 167, 69, 27, 137, 27, 190,
	253, 141, 169, 249, 0, 70, 209, 151, 140, 74, 64, 93, 181, 142, 123, 166, 247, 6, 82, 238, 193, 219, 224, 247, 131, 80,
	125, 196, 40, 9, 109, 203, 161, 101, 127, 220, 87, 37, 199, 115, 16, 105, 131, 168, 84, 44, 226, 29, 70, 221, 5, 230,
	232, 143, 29, 151, 116, 216, 77, 130, 123, 209, 14, 128, 96, 142, 226, 101, 8, 244, 196, 214, 195, 87, 57, 97, 99, 52,
	248, 172, 127, 209, 110, 14, 71, 85, 42, 23, 116, 42, 20, 105, 117, 112, 241, 60, 189, 196, 216, 237, 12, 240, 40, 199,
	106, 101, 64, 79, 253, 74, 63, 95, 3, 34, 90, 231, 217, 21, 246, 254, 218, 119, 0, 243, 142, 250, 110, 30, 87, 102, 38,
	11, 236, 165, 189, 29, 89, 143, 250, 47, 26, 147, 65, 199, 45, 242, 25, 185, 22, 210, 35, 149, 189, 166, 157, 117, 73,
	163, 171, 241, 130, 138, 23, 248, 106, 146, 185, 119, 134, 119, 130, 59, 115, 178, 101, 92, 234, 112, 120, 98, 152, 0,
	84, 149, 63, 100, 145, 129, 246, 186, 132, 210, 209, 227, 174, 46, 108, 85, 225, 54, 13, 138, 223, 99, 154, 129, 174,
	119, 67, 158, 240, 194, 146, 180, 19, 9, 95, 84, 15, 93, 253, 122, 17, 108, 180, 18, 36, 230, 196, 97, 231, 140, 218,
	75, 36, 84, 134, 179, 99, 54, 96, 27, 133, 45, 167, 122, 40, 171, 227, 161, 150, 139, 83, 51, 141, 97, 8, 212, 113,
	154, 190, 31, 230, 231, 49, 130, 196, 153, 50, 219, 50, 172, 226, 63, 69, 113, 228, 191, 133, 226, 140, 244, 65, 158,
	248, 87, 33, 46, 133, 78, 197, 194, 55, 95, 155, 65, 240, 2, 255, 20, 206, 171, 37, 19, 127, 156, 106, 112, 127, 79,
	180, 13, 252, 167, 16, 252, 3, 224, 192, 79, 16, 252, 248, 35, 130, 151, 135, 234, 253, 30, 193, 191, 92, 251, 142,
	224, 191, 97, 237, 255, 119, 17, 252, 3, 224, 192, 159, 34, 120, 253, 47, 166, 28, 36, 84, 41, 37, 65, 115, 145, 28,
	94, 60, 102, 167, 192, 186, 1, 108, 139, 164, 197, 178, 221, 92, 79, 10, 225, 106, 130, 234, 155, 107, 91, 15, 135,
	175, 142, 219, 244, 48, 110, 83, 242, 170, 189, 155, 217, 213, 212, 241, 78, 123, 57, 149, 44, 84, 110, 218, 185, 249,
	101, 79, 232, 240, 184, 208, 111, 235, 149, 47, 151, 231, 96, 45, 44, 35, 3, 96, 126, 207, 5, 90, 148, 201, 103, 142,
	226, 123, 14, 74, 216, 232, 154, 238, 225, 27, 2, 243, 134, 65, 200, 187, 203, 63, 153, 114, 208, 36, 121, 242, 120,
	144, 94, 89, 171, 124, 144, 122, 210, 92, 198, 18, 220, 69, 0, 86, 24, 235, 207, 122, 103, 127, 236, 179, 113, 194,
	159, 78, 57, 208, 175, 27, 224, 147, 197, 229, 149, 73, 46, 251, 28, 50, 168, 69, 118, 83, 59, 33, 147, 12, 108, 123,
	120, 70, 92, 19, 83, 36, 166, 66, 152, 227, 233, 182, 0, 113, 44, 156, 126, 138, 247, 243, 20, 191, 50, 234, 172, 223,
	91, 227, 157, 216, 170, 171, 250, 128, 13, 37, 159, 111, 37, 224, 6, 186, 185, 201, 143, 36, 204, 88, 222, 101, 59,
	242, 81, 92, 105, 12, 173, 177, 97, 142, 148, 53, 90, 238, 245, 6, 54, 112, 163, 251, 175, 243, 20, 77, 109, 120, 144,
	176, 94, 147, 219, 95, 79, 57, 188, 19, 211, 185, 42, 251, 255, 50, 150, 164, 169, 210, 255, 178, 243, 113, 205, 199,
	255, 162, 150, 249, 145, 119, 243, 183, 52, 245, 107, 237, 6, 35, 128, 255, 168, 102, 22, 163, 127, 230, 32, 210, 31,
	216, 126, 87, 69, 69, 30, 243, 160, 65, 86, 193, 23, 56, 252, 161, 15, 32, 255, 56, 170, 88, 252, 65, 9, 207, 172, 185,
	80, 165, 195, 111, 133, 29, 227, 11, 195, 175, 208, 116, 201, 65, 171, 177, 15, 15, 153, 224, 61, 191, 28, 220, 251,
	86, 224, 57, 224, 79, 154, 250, 206, 72, 179, 85, 228, 105, 56, 108, 247, 33, 60, 104, 39, 10, 36, 4, 136, 2, 177, 52,
	3, 15, 138, 5, 111, 121, 223, 228, 123, 34, 248, 173, 10, 244, 233, 179, 124, 159, 141, 56, 127, 123, 18, 240, 203,
	108, 196, 249, 49, 200, 175, 179, 17, 128, 95, 255, 113, 185, 255, 221, 213, 2, 63, 91, 238, 223, 89, 237, 207, 82, 86,
	224, 215, 163, 130, 22, 114, 25, 218, 33, 169, 216, 249, 146, 101, 40, 182, 165, 215, 151, 54, 145, 193, 89, 247, 47,
	216, 111, 189, 39, 232, 219, 250, 56, 21, 7, 242, 218, 174, 10, 159, 231, 71, 20, 6, 55, 51, 79, 83, 198, 95, 159, 156,
	6, 186, 16, 160, 217, 51, 122, 118, 183, 178, 134, 229, 154, 18, 187, 9, 142, 243, 42, 241, 214, 218, 198, 101, 167,
	23, 89, 152, 138, 156, 244, 246, 142, 149, 238, 19, 186, 128, 149, 103, 207, 54, 205, 222, 233, 245, 66, 236, 157, 110,
	18, 250, 111, 66, 163, 111, 5, 116, 75, 156, 7, 213, 47, 120, 37, 56, 66, 236, 53, 160, 254, 117, 153, 180, 13, 92,
	134, 208, 249, 107, 178, 130, 31, 83, 86, 0, 60, 255, 112, 84, 176, 123, 167, 97, 207, 119, 202, 218, 93, 95, 86, 252,
	98, 132, 43, 225, 230, 65, 35, 182, 31, 10, 230, 57, 119, 65, 113, 141, 180, 220, 167, 235, 171, 98, 245, 84, 60, 181,
	152, 145, 49, 79, 7, 178, 238, 64, 67, 241, 126, 191, 150, 167, 100, 238, 12, 74, 244, 111, 19, 71, 95, 152, 77, 136,
	202, 114, 199, 135, 29, 98, 212, 231, 245, 232, 144, 221, 203, 116, 125, 25, 215, 165, 17, 150, 235, 12, 173, 39, 67,
	237, 247, 209, 242, 246, 242, 99, 226, 5, 254, 100, 125, 4, 118, 1, 155, 18, 228, 244, 63, 102, 157, 214, 127, 218, 58,
	249, 234, 99, 157, 232, 175, 132, 194, 89, 136, 146, 21, 129, 223, 232, 141, 37, 94, 182, 223, 97, 105, 62, 243, 236,
	79, 167, 148, 138, 63, 136, 87, 255, 167, 44, 20, 248, 27, 123, 222, 254, 187, 22, 10, 252, 50, 190, 244, 31, 177, 80,
	224, 207, 28, 202, 223, 89, 237, 239, 167, 154, 128, 191, 24, 107, 114, 214, 217, 69, 220, 238, 83, 123, 212, 203, 59,
	151, 49, 118, 142, 215, 243, 152, 62, 192, 212, 246, 96, 183, 28, 165, 110, 115, 221, 157, 141, 243, 2, 26, 231, 3,
	121, 2, 48, 115, 18, 68, 173, 100, 118, 42, 227, 171, 73, 138, 70, 48, 199, 45, 111, 175, 93, 3, 237, 25, 119, 187,
	131, 60, 245, 64, 99, 199, 136, 185, 91, 194, 181, 218, 44, 69, 141, 42, 15, 221, 105, 179, 244, 227, 210, 243, 183,
	251, 43, 21, 237, 119, 28, 45, 239, 91, 1, 8, 220, 190, 191, 222, 153, 228, 88, 60, 22, 130, 157, 101, 228, 51, 73, 55,
	199, 210, 131, 214, 95, 73, 250, 48, 212, 219, 110, 54, 117, 110, 171, 228, 94, 84, 122, 94, 120, 90, 35, 222, 164, 7,
	11, 183, 9, 217, 237, 41, 102, 222, 92, 218, 53, 215, 0, 59, 84, 3, 224, 121, 56, 225, 245, 76, 89, 103, 20, 58, 180,
	158, 213, 200, 187, 175, 199, 220, 195, 117, 24, 118, 18, 208, 79, 235, 204, 247, 241, 251, 150, 50, 246, 184, 66, 62,
	29, 113, 170, 182, 218, 28, 161, 156, 231, 208, 149, 168, 34, 42, 30, 35, 221, 206, 56, 193, 215, 5, 136, 88, 230, 157,
	27, 35, 78, 244, 78, 81, 212, 196, 173, 93, 86, 69, 197, 69, 197, 174, 69, 185, 171, 234, 206, 131, 173, 130, 67, 30,
	116, 228, 174, 124, 71, 145, 81, 245, 30, 13, 229, 164, 196, 107, 1, 91, 56, 123, 182, 238, 205, 46, 176, 103, 236,
	179, 184, 25, 159, 64, 184, 17, 20, 170, 83, 182, 23, 50, 173, 142, 196, 144, 30, 166, 243, 97, 176, 38, 100, 57, 3,
	78, 193, 26, 251, 206, 57, 60, 84, 225, 245, 125, 191, 123, 3, 90, 193, 197, 66, 135, 225, 167, 142, 194, 152, 26, 191,
	160, 240, 110, 193, 168, 86, 114, 182, 4, 82, 192, 102, 87, 226, 172, 63, 211, 227, 149, 239, 55, 47, 70, 115, 168, 81,
	253, 220, 45, 249, 184, 122, 199, 248, 29, 161, 75, 214, 208, 62, 159, 66, 125, 131, 138, 220, 50, 3, 174, 60, 216,
	124, 198, 138, 41, 42, 150, 75, 148, 97, 178, 236, 136, 150, 164, 12, 133, 29, 242, 192, 208, 60, 142, 22, 125, 58, 8,
	205, 23, 227, 228, 98, 97, 109, 245, 83, 31, 110, 245, 90, 153, 97, 132, 29, 137, 225, 222, 181, 9, 169, 28, 225, 58,
	85, 117, 50, 223, 150, 56, 122, 199, 158, 219, 134, 30, 183, 142, 237, 168, 89, 231, 199, 119, 216, 209, 136, 112, 17,
	1, 92, 207, 54, 118, 65, 195, 236, 229, 162, 17, 251, 145, 120, 76, 5, 137, 206, 121, 43, 168, 17, 188, 162, 243, 152,
	21, 23, 229, 30, 83, 17, 29, 175, 196, 133, 89, 104, 115, 41, 177, 183, 107, 187, 190, 86, 136, 196, 12, 67, 70, 33,
	34, 104, 142, 110, 190, 237, 15, 31, 32, 98, 223, 31, 21, 148, 125, 74, 213, 129, 25, 109, 5, 203, 209, 221, 68, 247,
	249, 252, 147, 177, 166, 47, 196, 151, 157, 22, 70, 82, 128, 63, 31, 175, 141, 171, 122, 46, 236, 218, 135, 73, 251,
	34, 32, 186, 207, 127, 52, 214, 244, 167, 83, 77, 12, 153, 2, 237, 251, 79, 162, 27, 66, 109, 24, 124, 35, 230, 183,
	71, 8, 17, 232, 198, 223, 189, 149, 26, 207, 72, 186, 221, 131, 57, 160, 83, 228, 241, 204, 95, 50, 206, 46, 53, 30,
	132, 238, 252, 98, 51, 254, 85, 213, 80, 83, 122, 102, 40, 55, 82, 49, 128, 85, 235, 132, 3, 192, 189, 161, 32, 30, 96,
	79, 100, 207, 176, 5, 57, 86, 29, 199, 216, 148, 249, 147, 232, 245, 199, 12, 217, 45, 59, 60, 233, 246, 98, 223, 138,
	43, 230, 52, 247, 171, 60, 60, 112, 164, 100, 67, 242, 65, 197, 138, 122, 68, 77, 146, 14, 151, 110, 197, 138, 154, 47,
	49, 32, 223, 95, 236, 100, 94, 110, 252, 46, 92, 241, 50, 81, 67, 240, 69, 223, 122, 94, 69, 202, 201, 140, 137, 59, 1,
	219, 85, 115, 110, 17, 197, 175, 228, 181, 176, 30, 185, 110, 201, 79, 23, 199, 47, 234, 83, 52, 135, 74, 176, 62, 211,
	11, 60, 122, 112, 171, 116, 81, 1, 40, 175, 11, 188, 17, 112, 237, 153, 130, 79, 165, 187, 175, 148, 146, 250, 251,
	110, 176, 207, 154, 150, 66, 61, 101, 234, 75, 62, 153, 234, 201, 61, 250, 110, 52, 210, 42, 97, 28, 139, 114, 239,
	152, 79, 25, 23, 201, 47, 171, 55, 138, 197, 198, 125, 159, 186, 206, 19, 129, 27, 118, 223, 163, 54, 91, 28, 81, 161,
	174, 227, 16, 176, 143, 122, 85, 134, 17, 229, 222, 136, 20, 95, 158, 252, 16, 223, 223, 175, 174, 110, 14, 123, 179,
	239, 207, 160, 119, 39, 166, 94, 119, 177, 203, 147, 78, 85, 157, 147, 37, 235, 190, 226, 75, 189, 60, 66, 178, 5, 6,
	126, 169, 156, 44, 166, 37, 51, 25, 178, 151, 73, 49, 111, 116, 61, 29, 63, 193, 116, 14, 59, 16, 218, 121, 84, 15,
	198, 180, 118, 206, 187, 84, 253, 24, 207, 60, 118, 188, 125, 132, 54, 93, 34, 247, 126, 21, 136, 56, 96, 47, 11, 158,
	221, 59, 252, 62, 110, 25, 224, 109, 240, 125, 188, 169, 107, 135, 101, 194, 112, 153, 90, 191, 36, 253, 240, 234, 85,
	161, 128, 81, 151, 139, 218, 113, 182, 210, 129, 67, 107, 104, 134, 143, 19, 170, 110, 165, 35, 26, 110, 59, 129, 43,
	171, 108, 89, 252, 221, 244, 110, 144, 170, 105, 158, 40, 38, 96, 2, 112, 32, 223, 74, 174, 102, 67, 29, 85, 189, 205,
	166, 216, 233, 29, 22, 101, 184, 78, 91, 85, 96, 55, 172, 59, 103, 233, 197, 38, 7, 172, 91, 227, 0, 5, 17, 1, 121,
	231, 19, 135, 26, 73, 241, 92, 52, 54, 168, 88, 31, 202, 139, 71, 231, 119, 79, 111, 91, 64, 130, 25, 41, 63, 168, 213,
	0, 47, 96, 31, 206, 178, 133, 215, 160, 140, 206, 146, 49, 169, 131, 213, 82, 161, 249, 154, 78, 57, 25, 41, 57, 121,
	58, 85, 166, 139, 85, 221, 208, 250, 173, 35, 135, 5, 42, 72, 129, 174, 81, 82, 156, 61, 83, 248, 75, 162, 25, 219, 86,
	254, 255, 180, 111, 191, 141, 37, 255, 40, 76, 141, 252, 123, 115, 201, 213, 39, 33, 70, 127, 141, 199, 147, 235, 53,
	30, 3, 157, 100, 56, 182, 170, 32, 228, 2, 27, 217, 123, 221, 63, 45, 107, 235, 63, 155, 75, 254, 21, 67, 203, 205,
	112, 97, 77, 253, 244, 87, 210, 142, 94, 211, 246, 107, 55, 232, 91, 191, 233, 107, 138, 185, 59, 46, 180, 45, 95, 8,
	252, 127, 157, 0, 254, 13, 81, 255, 231, 64, 201, 47, 201, 240, 7, 213, 203, 67, 251, 180, 142, 78, 243, 80, 155, 111,
	163, 254, 229, 71, 137, 250, 235, 181, 159, 140, 250, 3, 159, 9, 44, 129, 165, 252, 111, 201, 48, 11, 107, 142, 243,
	190, 121, 130, 74, 219, 251, 223, 227, 139, 160, 116, 205, 53, 42, 163, 126, 163, 24, 72, 63, 43, 87, 218, 47, 130, 7,
	95, 70, 253, 221, 230, 35, 139, 253, 123, 49, 233, 250, 31, 148, 177, 53, 230, 201, 4, 210, 59, 20, 47, 237, 208, 193,
	96, 17, 191, 46, 0, 217, 57, 134, 130, 206, 161, 145, 98, 55, 214, 162, 250, 39, 115, 9, 72, 108, 23, 17, 153, 13, 165,
	132, 87, 39, 154, 87, 121, 84, 51, 33, 70, 146, 195, 235, 66, 67, 71, 179, 192, 137, 43, 25, 85, 24, 22, 87, 209, 46,
	112, 61, 156, 9, 112, 211, 70, 240, 0, 174, 143, 42, 239, 216, 217, 222, 221, 52, 10, 2, 231, 140, 132, 196, 11, 210,
	172, 159, 149, 91, 114, 167, 226, 122, 21, 73, 74, 188, 134, 249, 222, 219, 164, 155, 154, 137, 158, 10, 30, 84, 117,
	147, 77, 224, 87, 37, 185, 225, 96, 98, 85, 232, 16, 93, 205, 52, 78, 129, 94, 167, 132, 116, 93, 55, 26, 79, 37, 61,
	228, 161, 17, 76, 33, 223, 226, 3, 102, 146, 146, 205, 118, 32, 53, 80, 183, 114, 138, 179, 165, 84, 80, 163, 219, 185,
	0, 83, 181, 27, 120, 207, 68, 225, 233, 51, 30, 91, 193, 188, 143, 96, 34, 125, 100, 45, 174, 2, 214, 53, 131, 61, 175,
	133, 92, 212, 121, 71, 25, 17, 61, 122, 149, 172, 250, 161, 113, 127, 137, 137, 236, 210, 186, 66, 146, 87, 252, 17,
	78, 74, 113, 128, 87, 67, 135, 46, 35, 22, 146, 195, 44, 193, 58, 198, 39, 243, 19, 186, 225, 231, 126, 165, 4, 5, 178,
	89, 1, 96, 9, 6, 94, 233, 76, 183, 239, 179, 181, 173, 231, 16, 8, 79, 212, 66, 226, 51, 54, 74, 79, 54, 24, 28, 34,
	76, 239, 228, 7, 99, 105, 164, 173, 223, 37, 30, 77, 99, 194, 89, 87, 6, 50, 242, 222, 173, 178, 57, 233, 90, 184, 54,
	246, 107, 173, 114, 62, 224, 232, 4, 85, 92, 175, 91, 54, 226, 180, 187, 139, 231, 216, 244, 152, 249, 90, 3, 246, 196,
	233, 58, 8, 239, 234, 236, 143, 85, 17, 233, 17, 217, 238, 102, 231, 214, 201, 106, 104, 230, 168, 220, 188, 194, 115,
	30, 123, 122, 221, 88, 45, 188, 121, 138, 125, 9, 153, 39, 112, 211, 235, 77, 199, 38, 236, 148, 29, 225, 121, 191, 25,
	157, 129, 40, 80, 108, 24, 72, 175, 119, 113, 218, 152, 218, 236, 165, 116, 38, 202, 102, 224, 36, 225, 206, 161, 91,
	236, 151, 205, 115, 202, 107, 58, 180, 51, 130, 112, 181, 251, 148, 23, 55, 169, 165, 116, 251, 5, 148, 151, 151, 252,
	148, 81, 93, 123, 90, 26, 228, 221, 135, 149, 6, 207, 184, 12, 200, 237, 110, 22, 146, 213, 80, 174, 127, 125, 149, 13,
	79, 161, 248, 130, 51, 76, 47, 80, 179, 91, 223, 105, 195, 39, 178, 53, 217, 71, 154, 56, 208, 169, 107, 193, 181, 132,
	221, 240, 9, 92, 45, 90, 9, 161, 165, 161, 195, 11, 241, 222, 69, 227, 176, 190, 44, 108, 144, 236, 53, 63, 199, 8,
	207, 230, 182, 66, 138, 242, 237, 27, 162, 83, 185, 218, 84, 9, 34, 182, 143, 209, 140, 187, 254, 134, 114, 224, 23,
	12, 6, 254, 112, 28, 237, 107, 10, 86, 191, 83, 204, 141, 239, 41, 247, 114, 96, 232, 117, 209, 185, 188, 74, 151, 211,
	122, 194, 147, 243, 222, 25, 164, 197, 153, 227, 243, 183, 197, 24, 99, 90, 0, 237, 114, 173, 31, 247, 190, 83, 38, 40,
	210, 18, 238, 44, 12, 208, 181, 56, 25, 255, 19, 10, 153, 63, 45, 121, 215, 97, 51, 3, 15, 206, 13, 111, 238, 229, 236,
	117, 178, 31, 84, 42, 27, 89, 230, 22, 33, 241, 214, 78, 8, 242, 58, 196, 40, 154, 213, 171, 153, 184, 102, 103, 49,
	68, 218, 190, 191, 0, 134, 74, 169, 168, 169, 32, 60, 41, 177, 117, 82, 205, 185, 120, 248, 147, 237, 59, 158, 163, 1,
	245, 109, 96, 93, 16, 122, 45, 250, 136, 69, 105, 79, 111, 47, 184, 140, 169, 184, 208, 173, 193, 66, 114, 70, 147,
	214, 167, 226, 188, 60, 71, 10, 250, 122, 160, 79, 157, 161, 215, 194, 194, 170, 99, 116, 174, 165, 132, 229, 138, 29,
	110, 197, 203, 205, 194, 28, 79, 14, 160, 162, 161, 112, 28, 13, 107, 40, 95, 238, 101, 94, 29, 220, 41, 229, 24, 125,
	218, 42, 56, 203, 190, 147, 250, 38, 69, 92, 209, 213, 151, 88, 131, 159, 32, 48, 179, 98, 24, 131, 201, 108, 165, 164,
	165, 183, 83, 136, 24, 158, 17, 211, 242, 55, 109, 82, 206, 218, 5, 122, 84, 118, 205, 99, 175, 48, 23, 79, 213, 26,
	33, 157, 59, 20, 89, 132, 194, 218, 121, 238, 27, 216, 37, 134, 206, 119, 138, 158, 85, 10, 69, 158, 200, 220, 210,
	158, 32, 199, 180, 91, 24, 143, 23, 237, 189, 136, 11, 165, 220, 104, 115, 135, 199, 86, 181, 156, 87, 15, 112, 90,
	189, 45, 118, 49, 146, 183, 153, 184, 110, 222, 209, 140, 1, 87, 227, 209, 185, 235, 15, 63, 197, 143, 91, 236, 241,
	245, 170, 147, 221, 157, 83, 227, 0, 77, 163, 251, 94, 99, 119, 198, 29, 46, 110, 27, 201, 73, 108, 27, 177, 204, 106,
	87, 174, 124, 198, 85, 2, 168, 122, 243, 74, 20, 179, 126, 34, 46, 247, 218, 239, 39, 251, 128, 29, 137, 107, 156, 123,
	204, 129, 157, 91, 217, 92, 46, 145, 239, 47, 21, 134, 175, 72, 245, 142, 185, 177, 206, 194, 10, 25, 196, 30, 203,
	222, 59, 243, 200, 245, 145, 129, 108, 84, 201, 222, 19, 145, 169, 128, 213, 138, 76, 145, 34, 143, 210, 3, 213, 198,
	184, 92, 219, 60, 38, 158, 234, 250, 186, 164, 161, 186, 189, 174, 188, 144, 98, 103, 239, 207, 233, 130, 226, 55, 141,
	79, 131, 177, 160, 192, 113, 66, 95, 35, 222, 77, 10, 111, 93, 106, 21, 91, 184, 38, 18, 175, 111, 59, 5, 12, 104, 200,
	67, 77, 73, 51, 54, 190, 13, 174, 86, 31, 27, 153, 244, 155, 228, 51, 17, 246, 84, 116, 65, 40, 195, 243, 242, 218,
	211, 233, 50, 213, 149, 250, 232, 9, 16, 115, 197, 35, 212, 139, 219, 115, 16, 57, 222, 66, 181, 11, 82, 173, 28, 115,
	193, 105, 26, 2, 200, 139, 149, 44, 215, 238, 172, 138, 214, 48, 179, 250, 142, 243, 239, 248, 63, 164, 46, 119, 229,
	161, 61, 53, 195, 37, 111, 250, 214, 7, 4, 119, 116, 239, 148, 200, 62, 222, 159, 32, 48, 121, 103, 233, 237, 174, 182,
	179, 230, 153, 81, 99, 97, 99, 75, 253, 175, 191, 139, 248, 63, 106, 13, 252, 219, 136, 255, 75, 5, 238, 215, 195, 194,
	60, 101, 192, 47, 112, 66, 171, 61, 163, 252, 139, 196, 78, 175, 192, 218, 217, 191, 119, 176, 239, 223, 69, 251, 175,
	7, 251, 222, 96, 15, 252, 53, 218, 171, 144, 206, 255, 30, 237, 85, 232, 211, 188, 254, 233, 193, 190, 127, 23, 237,
	127, 157, 255, 48, 75, 224, 87, 180, 255, 23, 37, 111, 206, 29, 180, 192, 32, 182, 177, 172, 207, 135, 69, 126, 68,
	181, 122, 126, 66, 174, 85, 63, 185, 55, 173, 100, 28, 255, 0, 36, 33, 108, 227, 148, 57, 155, 44, 202, 158, 79, 42,
	98, 167, 184, 225, 80, 22, 186, 238, 146, 37, 243, 104, 119, 42, 40, 110, 136, 1, 125, 226, 182, 121, 216, 171, 254,
	124, 74, 161, 239, 23, 100, 195, 164, 102, 36, 238, 6, 253, 190, 169, 157, 91, 87, 7, 95, 97, 0, 223, 106, 140, 194,
	106, 116, 184, 233, 182, 189, 55, 110, 25, 107, 181, 250, 126, 54, 127, 50, 199, 81, 124, 85, 15, 87, 185, 207, 215,
	83, 210, 182, 84, 31, 151, 154, 96, 150, 146, 231, 173, 43, 112, 131, 99, 76, 106, 200, 78, 167, 150, 20, 250, 93, 194,
	86, 133, 183, 181, 191, 148, 99, 79, 91, 110, 14, 106, 254, 194, 68, 69, 116, 150, 74, 167, 81, 63, 205, 215, 128, 63,
	173, 143, 243, 65, 45, 54, 201, 0, 227, 226, 211, 231, 110, 121, 195, 138, 6, 75, 137, 200, 182, 34, 83, 198, 74, 250,
	59, 253, 77, 203, 119, 132, 124, 26, 107, 64, 28, 43, 168, 161, 232, 6, 92, 179, 60, 207, 252, 30, 206, 26, 137, 199,
	168, 79, 125, 60, 215, 18, 72, 44, 235, 43, 129, 56, 94, 55, 103, 16, 52, 236, 111, 20, 176, 124, 91, 208, 27, 86, 216,
	101, 104, 126, 130, 110, 88, 4, 202, 252, 74, 65, 110, 228, 83, 68, 166, 30, 13, 122, 238, 56, 16, 117, 68, 73, 148,
	127, 93, 129, 163, 230, 126, 250, 175, 143, 190, 236, 156, 103, 95, 11, 109, 191, 24, 223, 199, 16, 63, 6, 249, 54, 66,
	24, 248, 207, 212, 195, 249, 47, 199, 108, 127, 109, 72, 25, 81, 121, 29, 218, 144, 124, 10, 6, 90, 84, 81, 160, 83,
	206, 74, 253, 209, 26, 85, 213, 198, 54, 229, 151, 82, 20, 203, 120, 244, 231, 72, 245, 249, 109, 8, 42, 242, 173, 95,
	36, 226, 126, 61, 146, 255, 117, 79, 127, 172, 238, 139, 145, 237, 170, 9, 109, 204, 47, 154, 116, 44, 101, 209, 159,
	247, 127, 51, 113, 224, 27, 33, 128, 245, 195, 244, 227, 87, 233, 46, 17, 81, 107, 237, 43, 189, 215, 231, 154, 147,
	254, 114, 77, 138, 85, 110, 219, 149, 154, 154, 190, 117, 183, 36, 151, 135, 18, 84, 45, 129, 175, 103, 179, 173, 38,
	250, 118, 162, 225, 87, 218, 174, 47, 246, 239, 113, 187, 35, 126, 184, 2, 106, 110, 103, 29, 74, 249, 102, 185, 52,
	247, 229, 6, 191, 103, 47, 179, 248, 127, 53, 17, 217, 244, 81, 40, 179, 169, 28, 145, 76, 137, 86, 102, 36, 228, 247,
	39, 109, 166, 69, 115, 65, 223, 239, 144, 113, 114, 178, 118, 87, 37, 100, 128, 53, 192, 96, 14, 226, 107, 239, 31, 78,
	34, 234, 85, 44, 16, 13, 146, 96, 83, 37, 121, 244, 233, 161, 217, 148, 190, 216, 16, 51, 212, 77, 193, 161, 55, 230,
	103, 131, 142, 203, 78, 147, 148, 45, 211, 208, 79, 88, 52, 97, 219, 196, 168, 90, 234, 110, 145, 105, 3, 201, 5, 12,
	246, 12, 91, 192, 119, 210, 247, 75, 213, 227, 111, 48, 222, 89, 136, 204, 4, 126, 145, 211, 109, 219, 245, 210, 212,
	246, 215, 186, 54, 2, 64, 155, 53, 163, 175, 127, 94, 243, 254, 51, 213, 59, 31, 127, 14, 55, 124, 219, 231, 190, 25,
	19, 45, 38, 179, 11, 127, 195, 97, 254, 2, 44, 236, 168, 245, 103, 84, 20, 70, 122, 203, 206, 235, 211, 149, 145, 30,
	39, 165, 136, 101, 98, 93, 101, 231, 133, 97, 70, 102, 128, 71, 241, 115, 92, 189, 205, 85, 21, 39, 12, 118, 36, 53,
	73, 121, 198, 140, 136, 68, 217, 97, 82, 46, 183, 66, 24, 169, 11, 33, 16, 163, 233, 144, 207, 211, 243, 68, 60, 106,
	37, 149, 180, 166, 239, 61, 121, 135, 65, 81, 180, 7, 115, 49, 251, 255, 150, 97, 125, 114, 218, 255, 172, 97, 241,
	209, 39, 249, 130, 126, 157, 215, 114, 201, 192, 192, 31, 173, 195, 128, 211, 72, 91, 74, 184, 85, 175, 106, 248, 121,
	41, 251, 55, 198, 5, 124, 172, 235, 95, 25, 215, 215, 244, 240, 95, 27, 23, 240, 35, 219, 198, 79, 140, 107, 87, 29,
	250, 247, 198, 181, 171, 108, 243, 83, 227, 2, 62, 214, 245, 23, 198, 245, 37, 149, 254, 187, 198, 5, 124, 157, 7, 125,
	27, 215, 63, 208, 196, 155, 123, 74, 223, 239, 45, 73, 135, 59, 57, 201, 122, 230, 216, 146, 118, 128, 52, 13, 52, 16,
	28, 97, 218, 253, 226, 245, 71, 112, 155, 115, 178, 70, 14, 84, 196, 200, 2, 78, 157, 208, 76, 215, 131, 122, 224, 59,
	158, 119, 72, 48, 77, 162, 220, 96, 219, 173, 130, 219, 29, 51, 147, 136, 79, 177, 46, 112, 103, 111, 10, 215, 48, 191,
	248, 32, 67, 11, 192, 154, 175, 110, 126, 222, 192, 130, 75, 49, 90, 126, 38, 175, 70, 41, 222, 153, 130, 195, 91, 158,
	190, 122, 228, 109, 36, 224, 122, 71, 187, 148, 185, 175, 94, 175, 7, 168, 143, 250, 83, 201, 251, 209, 179, 21, 146,
	211, 238, 131, 34, 91, 12, 82, 121, 199, 190, 143, 76, 6, 34, 230, 209, 242, 118, 51, 81, 43, 63, 194, 201, 171, 86,
	201, 61, 142, 136, 148, 199, 70, 178, 153, 31, 241, 198, 233, 168, 230, 178, 134, 148, 242, 236, 36, 132, 196, 182,
	131, 18, 228, 35, 51, 183, 119, 136, 191, 68, 165, 232, 251, 73, 46, 155, 66, 66, 50, 195, 12, 64, 187, 75, 60, 133,
	161, 187, 37, 214, 24, 205, 207, 7, 113, 27, 163, 176, 219, 5, 142, 63, 243, 204, 109, 186, 238, 169, 224, 96, 231, 15,
	61, 129, 130, 89, 57, 116, 166, 110, 240, 36, 134, 222, 31, 209, 16, 117, 173, 28, 199, 11, 204, 63, 240, 71, 55, 205,
	158, 12, 24, 90, 14, 233, 27, 165, 109, 226, 173, 192, 92, 150, 27, 219, 237, 129, 114, 205, 165, 152, 94, 71, 237, 35,
	200, 138, 171, 107, 239, 109, 151, 250, 54, 206, 165, 136, 135, 88, 54, 7, 39, 230, 34, 186, 34, 237, 3, 213, 170, 207,
	254, 41, 86, 92, 189, 155, 130, 26, 2, 83, 179, 168, 254, 98, 176, 208, 158, 191, 94, 123, 91, 43, 244, 250, 132, 211,
	164, 138, 186, 49, 40, 31, 109, 171, 239, 239, 116, 27, 21, 238, 1, 228, 231, 77, 160, 59, 219, 83, 166, 69, 75, 247,
	97, 28, 185, 62, 145, 210, 187, 12, 200, 243, 30, 158, 71, 153, 211, 33, 64, 143, 168, 52, 47, 6, 82, 121, 136, 116,
	137, 119, 174, 79, 231, 241, 242, 72, 246, 29, 166, 72, 233, 127, 243, 246, 30, 203, 146, 98, 73, 180, 232, 156, 175,
	232, 57, 118, 13, 25, 64, 12, 222, 0, 173, 69, 160, 97, 134, 136, 64, 107, 8, 196, 215, 191, 56, 89, 149, 37, 179, 186,
	171, 197, 189, 53, 73, 171, 109, 231, 132, 56, 108, 119, 95, 203, 197, 114, 99, 198, 118, 208, 145, 16, 63, 61, 220,
	27, 189, 131, 141, 167, 4, 249, 0, 95, 27, 237, 74, 180, 77, 209, 134, 147, 150, 147, 77, 191, 141, 62, 115, 133, 28,
	4, 230, 57, 187, 214, 246, 134, 226, 65, 160, 197, 43, 104, 156, 235, 51, 154, 41, 28, 237, 228, 51, 43, 110, 13, 151,
	89, 230, 59, 55, 49, 145, 171, 211, 254, 195, 79, 153, 140, 120, 122, 193, 178, 57, 31, 199, 221, 209, 186, 176, 15, 1,
	190, 168, 79, 33, 242, 193, 35, 1, 94, 74, 59, 43, 137, 243, 48, 7, 14, 150, 21, 52, 185, 150, 108, 5, 83, 69, 83, 227,
	128, 35, 220, 192, 24, 225, 86, 30, 247, 187, 46, 198, 210, 227, 158, 82, 15, 92, 226, 255, 180, 19, 239, 59, 82, 2,
	254, 170, 59, 61, 231, 187, 24, 126, 129, 240, 179, 43, 133, 60, 51, 192, 213, 184, 244, 171, 254, 56, 192, 162, 248,
	139, 108, 245, 31, 214, 7, 112, 244, 247, 157, 120, 116, 253, 64, 244, 38, 106, 143, 21, 114, 73, 246, 66, 60, 58, 213,
	253, 160, 210, 26, 19, 115, 231, 234, 107, 56, 193, 25, 95, 106, 33, 247, 155, 186, 32, 45, 104, 44, 1, 78, 119, 14,
	128, 51, 181, 244, 84, 42, 146, 2, 15, 246, 107, 87, 240, 40, 107, 161, 155, 87, 42, 100, 218, 38, 148, 108, 143, 227,
	67, 180, 244, 193, 121, 65, 164, 185, 171, 187, 124, 25, 11, 253, 104, 68, 42, 239, 85, 168, 76, 98, 107, 25, 96, 239,
	45, 40, 16, 226, 178, 99, 11, 60, 48, 89, 191, 83, 22, 222, 70, 31, 88, 138, 123, 69, 180, 34, 158, 119, 135, 23, 140,
	169, 252, 196, 3, 57, 27, 251, 56, 24, 228, 115, 245, 138, 179, 34, 16, 249, 144, 154, 75, 153, 116, 82, 32, 41, 203,
	158, 159, 204, 76, 239, 52, 172, 204, 182, 39, 187, 65, 8, 208, 249, 241, 18, 161, 175, 56, 19, 18, 90, 80, 98, 207,
	187, 49, 94, 134, 110, 38, 228, 104, 228, 141, 27, 236, 101, 144, 40, 219, 185, 31, 175, 128, 132, 195, 17, 222, 187,
	203, 56, 82, 255, 121, 111, 174, 46, 56, 81, 6, 37, 77, 204, 28, 159, 79, 50, 187, 139, 159, 75, 75, 223, 75, 145, 141,
	179, 212, 187, 86, 63, 23, 110, 141, 34, 125, 128, 159, 185, 208, 133, 62, 207, 159, 215, 38, 23, 43, 224, 80, 139,
	190, 164, 193, 138, 148, 199, 89, 221, 159, 156, 128, 194, 45, 137, 23, 6, 253, 130, 15, 70, 43, 201, 245, 185, 163,
	126, 179, 2, 201, 43, 59, 24, 203, 61, 193, 228, 125, 227, 47, 9, 167, 195, 204, 180, 60, 185, 86, 150, 51, 201, 186,
	220, 150, 195, 89, 183, 228, 96, 32, 42, 97, 50, 239, 107, 98, 169, 30, 220, 143, 51, 173, 25, 32, 221, 179, 125, 129,
	97, 79, 15, 78, 84, 250, 241, 254, 154, 95, 23, 150, 207, 67, 14, 141, 97, 38, 182, 75, 16, 178, 253, 238, 123, 207,
	253, 220, 144, 185, 17, 115, 156, 171, 200, 61, 75, 18, 253, 136, 189, 4, 1, 67, 49, 159, 183, 252, 253, 161, 252, 74,
	186, 209, 188, 16, 112, 173, 113, 211, 182, 104, 32, 249, 147, 52, 186, 26, 64, 58, 208, 147, 33, 138, 92, 207, 182,
	189, 21, 175, 145, 36, 163, 152, 216, 94, 172, 201, 192, 103, 165, 208, 20, 127, 174, 219, 101, 130, 115, 190, 71, 112,
	142, 219, 86, 182, 57, 76, 105, 117, 183, 156, 115, 159, 121, 3, 58, 106, 107, 30, 138, 219, 167, 150, 5, 181, 128, 53,
	69, 230, 45, 216, 158, 208, 253, 253, 49, 104, 135, 195, 112, 2, 94, 136, 254, 41, 240, 24, 164, 39, 31, 94, 124, 186,
	68, 235, 244, 58, 63, 102, 252, 80, 87, 104, 157, 114, 187, 1, 93, 178, 28, 82, 208, 114, 62, 82, 43, 250, 188, 25,
	143, 238, 66, 129, 126, 233, 157, 235, 47, 123, 97, 211, 183, 103, 198, 55, 202, 9, 180, 229, 246, 58, 255, 197, 78,
	188, 111, 225, 156, 94, 170, 228, 15, 13, 90, 255, 16, 177, 255, 102, 39, 158, 48, 126, 1, 99, 252, 151, 9, 32, 47,
	182, 34, 51, 14, 243, 50, 153, 22, 114, 53, 39, 161, 212, 182, 163, 74, 203, 163, 217, 127, 88, 7, 218, 131, 250, 71,
	93, 205, 191, 78, 14, 232, 210, 207, 241, 252, 17, 26, 227, 79, 155, 100, 141, 33, 237, 238, 75, 138, 230, 99, 28, 234,
	191, 74, 86, 112, 116, 245, 61, 236, 2, 34, 242, 187, 95, 250, 182, 219, 46, 10, 246, 223, 134, 93, 73, 191, 126, 137,
	235, 136, 254, 181, 22, 250, 155, 160, 70, 251, 125, 98, 8, 209, 221, 230, 219, 25, 240, 117, 168, 11, 195, 31, 70, 50,
	12, 243, 55, 164, 89, 253, 144, 230, 159, 38, 49, 62, 49, 229, 75, 243, 214, 23, 253, 58, 17, 111, 239, 207, 27, 247,
	73, 224, 95, 223, 181, 106, 128, 223, 108, 221, 251, 48, 237, 245, 119, 191, 244, 131, 254, 178, 194, 190, 244, 191,
	20, 214, 0, 126, 176, 236, 132, 214, 35, 165, 108, 54, 199, 19, 247, 97, 138, 115, 22, 100, 166, 78, 50, 17, 222, 33,
	122, 134, 153, 55, 141, 204, 205, 65, 173, 211, 238, 114, 141, 211, 90, 15, 195, 113, 145, 71, 132, 59, 199, 5, 180,
	177, 36, 196, 245, 58, 93, 196, 81, 167, 81, 238, 82, 214, 235, 48, 211, 103, 241, 64, 205, 253, 160, 141, 220, 39,
	250, 222, 214, 73, 126, 136, 140, 246, 222, 210, 224, 18, 226, 193, 198, 77, 42, 189, 178, 129, 180, 115, 6, 227, 72,
	111, 166, 195, 114, 57, 222, 227, 15, 27, 15, 202, 227, 89, 209, 231, 162, 174, 15, 241, 195, 148, 151, 100, 122, 91,
	86, 112, 123, 31, 143, 87, 23, 179, 210, 117, 106, 99, 223, 222, 202, 134, 70, 250, 147, 123, 91, 224, 166, 217, 7,
	104, 213, 75, 232, 213, 115, 180, 156, 222, 131, 199, 239, 54, 151, 187, 144, 15, 88, 4, 149, 93, 210, 77, 12, 137,
	235, 21, 51, 172, 74, 194, 233, 222, 88, 180, 165, 189, 28, 153, 37, 249, 113, 154, 64, 97, 106, 218, 104, 210, 238,
	245, 192, 85, 246, 109, 182, 186, 28, 173, 121, 208, 25, 226, 82, 91, 62, 116, 53, 120, 87, 207, 179, 213, 16, 186, 0,
	114, 6, 119, 30, 161, 254, 84, 140, 94, 189, 170, 179, 12, 220, 144, 62, 25, 68, 84, 80, 33, 169, 161, 214, 128, 49,
	229, 22, 151, 196, 75, 136, 233, 82, 123, 97, 107, 133, 196, 31, 79, 58, 42, 86, 127, 31, 117, 91, 25, 143, 227, 150,
	157, 253, 224, 86, 96, 221, 1, 247, 128, 182, 46, 69, 95, 74, 9, 58, 32, 113, 166, 58, 248, 153, 163, 4, 42, 91, 47, 3,
	205, 93, 43, 116, 8, 87, 174, 160, 30, 121, 32, 165, 117, 82, 5, 231, 203, 96, 91, 134, 5, 47, 190, 141, 235, 3, 184,
	36, 201, 19, 95, 183, 123, 17, 94, 229, 148, 1, 28, 60, 83, 24, 111, 15, 190, 88, 87, 15, 247, 2, 53, 217, 17, 141,
	235, 50, 172, 19, 172, 80, 240, 133, 249, 180, 241, 10, 114, 11, 107, 194, 90, 170, 176, 124, 18, 54, 95, 41, 99, 70,
	200, 122, 250, 221, 248, 24, 110, 117, 62, 205, 30, 93, 124, 58, 81, 1, 4, 93, 205, 24, 233, 221, 26, 17, 233, 64, 25,
	126, 14, 64, 54, 233, 171, 130, 100, 235, 65, 149, 40, 145, 185, 57, 228, 62, 206, 237, 56, 70, 149, 119, 235, 22, 247,
	117, 23, 26, 235, 66, 179, 140, 79, 219, 97, 240, 201, 64, 126, 244, 152, 238, 208, 86, 247, 76, 128, 110, 121, 38,
	250, 3, 223, 73, 51, 10, 31, 74, 24, 219, 79, 152, 105, 167, 9, 226, 44, 67, 131, 3, 11, 227, 145, 154, 222, 44, 139,
	136, 239, 104, 250, 10, 16, 21, 250, 252, 77, 86, 199, 35, 161, 227, 232, 57, 220, 171, 130, 71, 96, 55, 158, 128, 21,
	57, 43, 0, 174, 156, 125, 72, 30, 248, 124, 28, 219, 214, 126, 64, 100, 241, 125, 241, 24, 170, 239, 209, 95, 245, 86,
	255, 81, 72, 151, 231, 154, 155, 37, 215, 0, 121, 213, 234, 162, 222, 194, 23, 36, 151, 58, 19, 193, 40, 121, 58, 127,
	96, 110, 244, 205, 116, 79, 25, 164, 240, 115, 102, 55, 31, 131, 78, 217, 165, 3, 195, 216, 168, 166, 254, 209, 86,
	200, 175, 1, 155, 191, 172, 87, 71, 164, 247, 20, 12, 211, 210, 79, 81, 115, 224, 112, 19, 218, 112, 113, 60, 247, 238,
	244, 81, 98, 225, 187, 78, 93, 244, 67, 27, 119, 98, 64, 0, 14, 18, 61, 30, 203, 49, 35, 198, 87, 191, 21, 248, 116,
	147, 68, 173, 42, 62, 17, 96, 94, 108, 10, 13, 109, 230, 133, 225, 252, 197, 226, 225, 65, 233, 253, 216, 157, 194,
	132, 134, 130, 33, 248, 200, 40, 32, 116, 16, 107, 39, 94, 251, 207, 91, 157, 24, 144, 11, 136, 88, 213, 243, 227, 67,
	164, 37, 207, 200, 6, 119, 212, 230, 35, 73, 214, 240, 169, 33, 189, 52, 128, 151, 83, 162, 105, 186, 34, 14, 162, 168,
	111, 248, 129, 213, 169, 179, 187, 124, 122, 199, 58, 171, 139, 64, 245, 165, 104, 137, 196, 87, 37, 193, 225, 139,
	107, 212, 64, 190, 233, 70, 25, 42, 188, 220, 122, 144, 36, 93, 35, 164, 21, 62, 33, 104, 196, 84, 19, 181, 236, 54,
	72, 46, 119, 93, 178, 200, 55, 176, 175, 173, 143, 59, 232, 111, 247, 56, 128, 78, 211, 209, 90, 90, 155, 82, 79, 210,
	161, 7, 30, 18, 31, 83, 88, 214, 22, 200, 164, 116, 96, 135, 128, 118, 174, 232, 174, 67, 79, 223, 151, 188, 22, 157,
	174, 15, 7, 80, 90, 194, 215, 144, 208, 130, 241, 246, 161, 76, 137, 203, 9, 18, 61, 134, 12, 129, 87, 35, 123, 221,
	14, 79, 196, 54, 243, 124, 185, 112, 65, 131, 15, 158, 247, 179, 115, 1, 192, 15, 141, 58, 164, 192, 103, 38, 6, 130,
	35, 184, 199, 82, 115, 28, 37, 85, 130, 218, 78, 235, 250, 17, 22, 86, 56, 24, 3, 121, 36, 174, 41, 192, 228, 173, 79,
	132, 222, 37, 176, 167, 109, 190, 234, 240, 188, 119, 86, 136, 12, 61, 29, 34, 121, 194, 180, 21, 240, 149, 1, 185,
	107, 249, 105, 147, 183, 180, 165, 200, 115, 78, 212, 184, 33, 80, 239, 188, 89, 40, 95, 116, 254, 58, 189, 67, 243,
	78, 67, 124, 182, 236, 66, 117, 187, 21, 166, 221, 23, 14, 146, 147, 33, 131, 175, 29, 19, 207, 166, 144, 219, 129,
	105, 157, 198, 253, 4, 18, 225, 61, 73, 105, 193, 80, 33, 73, 222, 240, 233, 194, 17, 167, 48, 233, 190, 176, 140, 27,
	75, 45, 218, 170, 141, 239, 75, 186, 2, 212, 88, 235, 186, 80, 69, 237, 138, 219, 134, 163, 212, 105, 34, 37, 245, 30,
	124, 46, 59, 142, 242, 190, 210, 93, 233, 66, 59, 64, 188, 150, 59, 111, 241, 162, 225, 26, 220, 164, 236, 219, 86, 62,
	142, 171, 100, 32, 73, 78, 235, 250, 67, 129, 64, 233, 181, 116, 196, 251, 208, 80, 43, 126, 180, 80, 17, 227, 66, 211,
	188, 196, 80, 131, 142, 77, 121, 71, 23, 104, 152, 8, 168, 219, 213, 116, 9, 54, 160, 60, 20, 2, 52, 144, 57, 206, 253,
	213, 117, 57, 57, 78, 199, 65, 16, 131, 69, 217, 87, 184, 122, 171, 210, 127, 6, 10, 254, 171, 69, 185, 172, 255, 5,
	10, 242, 95, 72, 189, 231, 158, 70, 179, 201, 68, 24, 221, 72, 209, 195, 37, 38, 111, 72, 77, 237, 31, 62, 178, 102,
	127, 76, 147, 252, 2, 8, 126, 223, 36, 253, 95, 2, 130, 47, 60, 0, 252, 43, 64, 96, 112, 63, 0, 4, 181, 242, 39, 64,
	240, 117, 6, 252, 175, 0, 193, 23, 30, 0, 254, 61, 64, 240, 248, 203, 65, 199, 175, 166, 81, 128, 166, 221, 99, 161,
	96, 252, 198, 250, 220, 45, 199, 99, 54, 221, 152, 103, 34, 251, 225, 225, 215, 116, 78, 178, 211, 29, 189, 198, 114,
	237, 29, 156, 229, 230, 91, 175, 205, 204, 43, 85, 111, 169, 250, 18, 20, 31, 47, 231, 210, 242, 211, 93, 59, 34, 25,
	44, 3, 10, 232, 200, 85, 186, 213, 208, 54, 153, 130, 94, 91, 161, 107, 188, 27, 60, 76, 214, 189, 107, 50, 3, 31, 4,
	134, 217, 86, 5, 76, 233, 17, 115, 173, 197, 83, 125, 232, 233, 116, 184, 172, 84, 191, 43, 69, 126, 175, 68, 2, 127,
	85, 138, 28, 211, 85, 109, 41, 226, 82, 49, 176, 209, 115, 34, 44, 144, 142, 27, 187, 251, 113, 222, 241, 223, 151, 34,
	213, 128, 252, 16, 47, 115, 57, 87, 8, 24, 57, 233, 217, 226, 70, 92, 16, 241, 59, 203, 222, 207, 191, 16, 132, 248,
	139, 14, 83, 230, 73, 109, 139, 120, 241, 205, 209, 195, 52, 13, 164, 105, 14, 26, 111, 198, 224, 61, 232, 58, 241,
	134, 208, 164, 202, 246, 84, 35, 221, 245, 17, 81, 222, 42, 212, 8, 176, 86, 12, 71, 161, 42, 144, 152, 41, 227, 112,
	179, 120, 86, 23, 142, 136, 107, 99, 244, 66, 106, 14, 57, 88, 125, 27, 136, 13, 39, 143, 6, 200, 189, 151, 224, 199,
	92, 13, 165, 163, 79, 236, 47, 222, 35, 22, 108, 122, 226, 229, 82, 9, 105, 36, 83, 119, 253, 45, 249, 242, 205, 13,
	130, 127, 161, 114, 231, 62, 219, 103, 51, 116, 255, 248, 101, 64, 249, 119, 69, 166, 127, 174, 69, 251, 247, 109, 245,
	241, 173, 206, 212, 253, 146, 128, 51, 234, 41, 168, 245, 54, 91, 218, 218, 128, 105, 33, 63, 158, 126, 248, 131, 204,
	118, 253, 35, 81, 218, 94, 103, 189, 239, 117, 166, 167, 45, 250, 72, 46, 25, 159, 91, 239, 125, 221, 254, 37, 14, 214,
	175, 202, 205, 111, 135, 144, 127, 22, 171, 253, 117, 72, 153, 99, 149, 175, 213, 18, 45, 144, 124, 43, 62, 253, 102,
	252, 247, 15, 133, 168, 156, 253, 150, 193, 251, 141, 112, 237, 87, 13, 138, 198, 140, 207, 191, 63, 139, 75, 34, 63,
	157, 201, 23, 240, 93, 93, 50, 186, 254, 172, 92, 171, 92, 116, 251, 139, 103, 105, 236, 54, 15, 237, 43, 66, 203, 175,
	221, 47, 109, 42, 250, 115, 138, 194, 197, 183, 30, 211, 80, 25, 115, 169, 249, 26, 2, 249, 166, 104, 59, 235, 108,
	243, 189, 48, 85, 253, 197, 215, 251, 83, 145, 234, 183, 234, 182, 95, 245, 41, 224, 199, 202, 147, 4, 4, 181, 207,
	225, 125, 15, 166, 251, 193, 38, 87, 122, 217, 124, 162, 222, 99, 88, 211, 27, 115, 241, 69, 133, 139, 135, 5, 214,
	213, 42, 156, 173, 6, 50, 215, 92, 181, 56, 72, 71, 0, 180, 49, 53, 122, 96, 193, 20, 225, 27, 233, 113, 159, 85, 106,
	122, 237, 221, 253, 161, 111, 30, 38, 107, 81, 1, 125, 232, 55, 135, 34, 202, 118, 95, 196, 81, 126, 62, 154, 209, 133,
	217, 156, 179, 94, 84, 69, 179, 148, 24, 46, 228, 130, 40, 84, 207, 138, 132, 193, 2, 127, 154, 201, 48, 141, 243, 18,
	9, 191, 243, 158, 199, 109, 54, 74, 215, 144, 180, 9, 52, 137, 43, 39, 94, 255, 106, 36, 3, 248, 231, 51, 25, 25, 173,
	139, 15, 86, 151, 124, 167, 34, 159, 13, 207, 131, 155, 83, 178, 218, 50, 216, 233, 99, 147, 58, 181, 142, 88, 116, 98,
	54, 209, 165, 218, 247, 125, 140, 1, 125, 32, 27, 240, 198, 101, 13, 234, 154, 115, 106, 51, 54, 202, 85, 23, 241, 210,
	164, 66, 222, 13, 88, 212, 227, 245, 206, 36, 247, 132, 163, 121, 233, 174, 33, 51, 230, 105, 118, 15, 59, 231, 144,
	229, 57, 119, 142, 123, 175, 40, 34, 231, 208, 152, 117, 189, 114, 15, 40, 18, 104, 121, 129, 118, 143, 146, 213, 131,
	92, 225, 246, 223, 182, 199, 95, 218, 188, 62, 246, 136, 253, 15, 236, 81, 88, 190, 36, 53, 110, 191, 86, 154, 228,
	248, 240, 180, 103, 141, 146, 146, 240, 113, 143, 228, 176, 99, 76, 216, 254, 120, 33, 119, 253, 199, 78, 47, 254, 127,
	101, 147, 192, 151, 81, 254, 133, 77, 126, 203, 95, 255, 198, 38, 175, 159, 109, 242, 210, 57, 253, 52, 57, 254, 19,
	79, 35, 216, 248, 105, 36, 10, 255, 58, 3, 140, 235, 87, 197, 215, 255, 214, 38, 129, 47, 163, 252, 119, 109, 242, 123,
	155, 216, 47, 54, 121, 253, 212, 33, 6, 252, 173, 22, 49, 19, 70, 134, 72, 164, 41, 106, 85, 19, 255, 205, 130, 136,
	200, 205, 85, 122, 199, 3, 242, 42, 108, 229, 158, 121, 28, 84, 98, 62, 11, 168, 142, 180, 22, 190, 188, 96, 135, 198,
	136, 145, 243, 85, 215, 22, 84, 35, 244, 29, 244, 224, 145, 230, 74, 153, 91, 172, 250, 225, 172, 26, 131, 204, 27, 83,
	213, 66, 236, 11, 117, 94, 146, 159, 141, 132, 13, 58, 86, 144, 73, 27, 121, 143, 223, 12, 169, 88, 22, 32, 62, 199,
	246, 53, 148, 251, 32, 89, 212, 253, 13, 34, 126, 167, 149, 25, 58, 192, 29, 71, 176, 155, 122, 250, 30, 244, 96, 6,
	54, 147, 178, 73, 167, 61, 130, 107, 150, 105, 227, 76, 33, 187, 148, 216, 121, 189, 155, 34, 239, 76, 177, 222, 198,
	91, 118, 61, 236, 3, 240, 66, 4, 121, 170, 239, 43, 72, 102, 30, 23, 89, 176, 198, 13, 103, 147, 188, 228, 225, 134,
	235, 219, 210, 137, 8, 236, 70, 129, 15, 195, 91, 171, 217, 233, 170, 61, 223, 166, 133, 176, 215, 187, 195, 117, 231,
	254, 64, 31, 238, 184, 144, 159, 55, 206, 151, 106, 12, 6, 160, 165, 74, 137, 131, 152, 39, 47, 191, 123, 201, 190,
	192, 197, 221, 10, 198, 53, 6, 198, 19, 217, 253, 161, 207, 116, 86, 247, 53, 140, 206, 132, 22, 162, 87, 176, 242,
	235, 243, 149, 87, 224, 53, 41, 233, 7, 176, 180, 185, 177, 104, 226, 169, 103, 124, 112, 189, 161, 59, 32, 200, 14,
	102, 67, 211, 73, 133, 220, 19, 197, 215, 197, 104, 171, 230, 165, 233, 54, 156, 25, 216, 151, 92, 142, 242, 164, 141,
	35, 87, 47, 48, 173, 240, 252, 190, 96, 89, 40, 72, 56, 250, 193, 95, 167, 243, 33, 220, 57, 190, 37, 70, 53, 147, 152,
	146, 13, 248, 27, 184, 180, 109, 67, 193, 135, 239, 149, 205, 135, 180, 172, 211, 122, 34, 90, 195, 86, 108, 6, 225,
	81, 117, 5, 6, 74, 100, 124, 50, 147, 211, 238, 193, 168, 121, 68, 104, 227, 106, 239, 181, 97, 149, 198, 179, 10, 106,
	82, 103, 134, 37, 59, 170, 217, 77, 161, 126, 20, 192, 44, 191, 24, 45, 36, 149, 184, 249, 188, 39, 35, 54, 20, 244,
	44, 21, 185, 155, 81, 102, 150, 7, 255, 60, 6, 232, 169, 167, 89, 193, 156, 30, 164, 144, 186, 75, 205, 2, 127, 193,
	89, 197, 193, 89, 247, 146, 114, 91, 50, 216, 6, 60, 73, 218, 4, 7, 93, 3, 84, 161, 110, 213, 124, 135, 94, 106, 245,
	58, 211, 72, 221, 136, 116, 176, 203, 200, 106, 55, 159, 188, 137, 35, 225, 136, 8, 218, 209, 65, 139, 137, 240, 243,
	81, 222, 88, 180, 156, 11, 239, 253, 68, 10, 138, 78, 158, 88, 129, 104, 92, 141, 72, 16, 162, 12, 39, 233, 0, 65, 96,
	66, 133, 198, 234, 13, 102, 105, 70, 146, 196, 173, 163, 148, 241, 195, 40, 192, 19, 116, 29, 104, 74, 122, 153, 38,
	127, 223, 34, 246, 67, 164, 244, 45, 153, 14, 124, 207, 166, 175, 211, 51, 44, 106, 4, 46, 227, 55, 102, 41, 160, 219,
	141, 254, 45, 247, 85, 61, 245, 178, 191, 219, 184, 128, 2, 227, 237, 201, 90, 161, 35, 116, 80, 70, 245, 55, 51, 105,
	195, 22, 241, 134, 99, 181, 127, 228, 191, 126, 110, 17, 155, 244, 163, 28, 231, 27, 210, 151, 254, 99, 20, 223, 228,
	36, 49, 194, 75, 27, 65, 96, 241, 103, 42, 56, 45, 130, 237, 95, 120, 39, 137, 44, 39, 98, 69, 216, 36, 83, 3, 61, 158,
	131, 110, 149, 205, 125, 213, 230, 84, 237, 194, 100, 219, 17, 81, 211, 194, 121, 237, 238, 14, 182, 181, 48, 77, 69,
	219, 250, 68, 74, 55, 168, 77, 53, 168, 96, 97, 4, 154, 43, 236, 182, 184, 157, 163, 217, 41, 5, 52, 130, 199, 110,
	173, 143, 185, 53, 169, 74, 27, 3, 26, 9, 30, 185, 68, 124, 28, 202, 135, 209, 195, 228, 134, 194, 165, 57, 17, 102,
	54, 135, 156, 243, 126, 143, 175, 103, 112, 116, 120, 186, 225, 27, 115, 95, 173, 236, 4, 32, 71, 229, 169, 40, 84, 12,
	172, 31, 87, 23, 132, 66, 211, 134, 151, 129, 178, 163, 130, 203, 69, 49, 41, 209, 112, 169, 67, 72, 52, 145, 224, 53,
	248, 198, 152, 154, 221, 130, 166, 80, 199, 124, 216, 184, 164, 99, 57, 13, 250, 234, 132, 229, 14, 119, 225, 62, 14,
	116, 241, 228, 110, 161, 209, 63, 154, 200, 150, 159, 51, 200, 78, 77, 42, 118, 254, 184, 224, 224, 38, 124, 92, 159,
	131, 36, 167, 246, 234, 218, 211, 220, 201, 104, 178, 214, 228, 206, 152, 136, 71, 43, 35, 3, 70, 200, 53, 181, 77,
	219, 20, 55, 141, 185, 95, 254, 122, 1, 137, 134, 172, 135, 42, 187, 92, 151, 197, 155, 140, 176, 175, 110, 215, 187,
	142, 40, 20, 22, 243, 109, 251, 157, 29, 180, 236, 65, 131, 159, 198, 241, 75, 117, 71, 230, 193, 74, 35, 107, 188,
	250, 105, 239, 82, 15, 164, 197, 77, 154, 29, 112, 39, 234, 55, 212, 39, 9, 48, 76, 209, 203, 126, 39, 60, 249, 250,
	64, 146, 229, 193, 94, 125, 46, 107, 242, 121, 146, 250, 39, 166, 131, 251, 226, 219, 53, 243, 42, 251, 13, 119, 160,
	115, 142, 204, 180, 159, 150, 24, 163, 18, 85, 195, 15, 236, 150, 102, 2, 201, 125, 124, 153, 70, 136, 11, 158, 80,
	192, 110, 189, 178, 27, 56, 166, 243, 172, 233, 171, 27, 136, 206, 157, 171, 44, 50, 141, 64, 26, 167, 201, 22, 171,
	239, 56, 18, 65, 20, 168, 25, 96, 91, 135, 40, 137, 177, 33, 143, 238, 165, 146, 251, 144, 38, 175, 58, 118, 145, 133,
	246, 226, 243, 99, 218, 252, 39, 15, 72, 126, 107, 212, 58, 41, 127, 94, 130, 93, 207, 36, 225, 25, 251, 128, 70, 243,
	172, 230, 138, 166, 104, 252, 209, 175, 230, 224, 209, 59, 86, 84, 208, 132, 203, 83, 142, 59, 251, 13, 34, 3, 248,
	115, 149, 155, 59, 92, 117, 25, 113, 66, 203, 122, 195, 24, 249, 9, 3, 3, 133, 166, 134, 243, 192, 192, 145, 117, 121,
	92, 96, 143, 177, 232, 62, 174, 165, 123, 216, 236, 178, 65, 129, 135, 83, 242, 161, 18, 88, 47, 35, 169, 110, 56, 129,
	179, 32, 255, 188, 69, 76, 144, 109, 157, 182, 108, 83, 224, 29, 217, 52, 104, 237, 91, 33, 221, 52, 221, 255, 67, 255,
	35, 224, 25, 224, 191, 132, 239, 207, 47, 248, 94, 252, 218, 38, 166, 199, 89, 73, 38, 160, 242, 232, 41, 228, 17, 61,
	203, 24, 137, 245, 212, 253, 19, 124, 223, 254, 0, 223, 133, 175, 54, 177, 76, 103, 134, 239, 80, 193, 181, 63, 87, 44,
	13, 132, 61, 235, 238, 93, 252, 97, 205, 41, 122, 251, 26, 45, 118, 31, 238, 175, 237, 100, 209, 99, 183, 252, 70, 240,
	108, 95, 95, 31, 110, 116, 126, 30, 2, 172, 115, 17, 14, 232, 78, 182, 43, 223, 241, 3, 115, 19, 29, 95, 49, 30, 62,
	227, 184, 112, 44, 120, 112, 107, 185, 141, 160, 127, 91, 249, 32, 40, 150, 139, 60, 214, 15, 253, 14, 109, 239, 231,
	29, 227, 181, 252, 37, 150, 137, 234, 220, 135, 110, 187, 58, 10, 252, 52, 27, 150, 237, 250, 165, 31, 223, 15, 131,
	250, 207, 95, 225, 239, 124, 3, 224, 239, 126, 133, 191, 243, 13, 128, 31, 125, 133, 127, 198, 205, 105, 218, 150, 60,
	112, 88, 248, 196, 198, 142, 115, 158, 168, 123, 252, 122, 222, 117, 190, 241, 47, 2, 168, 244, 168, 218, 34, 253, 17,
	245, 79, 94, 63, 177, 145, 198, 107, 15, 231, 44, 140, 12, 179, 197, 233, 184, 233, 38, 130, 107, 154, 186, 184, 43,
	79, 205, 141, 129, 84, 162, 161, 112, 167, 34, 216, 236, 124, 75, 241, 184, 168, 53, 207, 102, 47, 121, 70, 169, 186,
	45, 128, 101, 37, 53, 82, 171, 155, 20, 156, 210, 48, 205, 221, 134, 41, 78, 63, 243, 138, 245, 230, 252, 144, 155,
	255, 21, 53, 111, 64, 129, 3, 34, 100, 167, 250, 60, 250, 220, 40, 109, 17, 72, 117, 156, 207, 11, 203, 223, 197, 239,
	249, 129, 98, 149, 15, 212, 200, 44, 5, 11, 20, 200, 112, 72, 230, 121, 78, 9, 181, 220, 177, 20, 255, 161, 50, 253,
	15, 184, 249, 119, 193, 162, 252, 165, 218, 228, 142, 183, 136, 14, 242, 228, 228, 5, 144, 189, 245, 227, 144, 99, 138,
	92, 38, 152, 125, 240, 26, 170, 76, 4, 149, 21, 26, 144, 9, 140, 75, 143, 194, 94, 250, 221, 40, 77, 110, 71, 84, 250,
	49, 208, 244, 151, 96, 209, 29, 127, 87, 215, 124, 36, 55, 169, 183, 248, 118, 179, 24, 157, 233, 163, 215, 150, 114,
	237, 29, 207, 92, 178, 82, 180, 203, 154, 29, 154, 138, 239, 120, 46, 134, 78, 242, 0, 198, 40, 20, 182, 112, 242, 172,
	225, 67, 190, 30, 255, 220, 168, 221, 224, 99, 197, 108, 196, 240, 191, 172, 154, 2, 254, 3, 172, 95, 127, 155, 234, 8,
	126, 157, 178, 166, 121, 184, 214, 101, 250, 151, 255, 220, 235, 60, 126, 172, 54, 255, 248, 35, 214, 247, 252, 63, 72,
	232, 249, 159, 103, 226, 195, 130, 169, 121, 6, 163, 219, 63, 119, 0, 62, 30, 26, 191, 231, 191, 234, 3, 216, 203, 46,
	126, 23, 8, 59, 62, 175, 1, 27, 204, 215, 173, 142, 31, 141, 255, 219, 173, 83, 223, 13, 243, 208, 191, 245, 123, 70,
	200, 135, 211, 222, 126, 182, 203, 159, 206, 92, 239, 187, 226, 252, 255, 227, 79, 246, 247, 85, 231, 57, 17, 212, 135,
	39, 250, 104, 138, 87, 137, 44, 128, 187, 16, 22, 14, 103, 151, 173, 92, 210, 25, 116, 147, 217, 174, 56, 217, 115, 78,
	243, 46, 248, 15, 17, 118, 164, 32, 63, 85, 85, 122, 85, 8, 234, 179, 31, 28, 114, 61, 49, 76, 205, 200, 15, 138, 7,
	151, 203, 197, 222, 203, 113, 8, 201, 59, 27, 26, 75, 40, 1, 159, 242, 244, 67, 53, 30, 97, 78, 122, 107, 182, 196,
	231, 192, 222, 242, 12, 31, 175, 85, 21, 228, 109, 103, 35, 234, 224, 117, 150, 75, 136, 81, 72, 253, 45, 250, 112,
	176, 32, 143, 151, 12, 194, 240, 84, 117, 16, 139, 71, 35, 244, 148, 158, 51, 142, 177, 185, 11, 12, 240, 171, 140,
	178, 227, 190, 166, 220, 231, 19, 153, 246, 145, 221, 174, 148, 34, 55, 158, 161, 18, 102, 129, 70, 5, 229, 4, 247,
	232, 27, 130, 194, 43, 165, 9, 195, 72, 233, 243, 171, 161, 48, 92, 130, 250, 136, 64, 247, 77, 232, 112, 152, 142, 7,
	35, 224, 92, 192, 152, 110, 199, 99, 119, 143, 36, 240, 241, 151, 165, 191, 40, 106, 24, 122, 100, 40, 218, 32, 129,
	175, 244, 181, 213, 88, 213, 216, 118, 61, 42, 21, 104, 116, 103, 51, 44, 137, 131, 153, 29, 122, 67, 152, 29, 207, 26,
	63, 90, 124, 114, 166, 216, 42, 93, 113, 77, 5, 160, 12, 10, 244, 29, 124, 129, 183, 231, 115, 177, 207, 172, 223, 198,
	87, 184, 110, 19, 230, 187, 163, 206, 242, 67, 26, 221, 110, 20, 22, 56, 53, 155, 130, 152, 30, 162, 59, 201, 189, 108,
	161, 229, 6, 50, 226, 84, 43, 146, 117, 117, 48, 116, 80, 122, 247, 106, 35, 1, 242, 102, 196, 1, 204, 90, 232, 80, 97,
	201, 163, 26, 214, 83, 223, 108, 186, 141, 13, 228, 45, 225, 199, 235, 148, 183, 117, 51, 125, 77, 192, 90, 167, 239,
	244, 86, 147, 149, 48, 179, 135, 246, 181, 50, 218, 173, 116, 58, 147, 160, 138, 94, 112, 56, 218, 185, 187, 58, 240,
	162, 143, 197, 160, 247, 174, 59, 163, 99, 172, 207, 254, 190, 246, 15, 135, 80, 26, 232, 218, 226, 71, 168, 49, 184,
	196, 134, 148, 227, 144, 42, 101, 195, 242, 44, 46, 201, 41, 159, 138, 97, 224, 234, 194, 209, 131, 3, 29, 94, 17, 42,
	22, 120, 71, 227, 237, 19, 11, 81, 26, 190, 207, 113, 40, 31, 120, 211, 157, 52, 184, 141, 187, 190, 129, 148, 240, 2,
	43, 174, 204, 84, 116, 143, 29, 26, 211, 81, 118, 71, 18, 40, 228, 152, 139, 109, 36, 46, 116, 202, 138, 122, 21, 226,
	190, 152, 139, 47, 53, 15, 241, 74, 108, 139, 160, 47, 27, 216, 79, 250, 129, 251, 118, 219, 207, 177, 13, 51, 35, 154,
	192, 74, 18, 72, 17, 76, 204, 25, 38, 38, 248, 150, 191, 186, 224, 150, 9, 241, 253, 102, 135, 170, 19, 24, 102, 115,
	206, 110, 60, 50, 176, 64, 117, 244, 254, 187, 218, 152, 9, 252, 27, 122, 112, 127, 132, 227, 121, 25, 240, 222, 75,
	23, 170, 244, 150, 15, 55, 158, 194, 128, 135, 41, 174, 248, 7, 236, 26, 127, 232, 164, 233, 35, 191, 20, 164, 139,
	137, 58, 48, 76, 76, 219, 50, 96, 174, 156, 63, 196, 203, 175, 179, 191, 172, 141, 1, 180, 232, 88, 159, 59, 81, 113,
	115, 32, 95, 90, 45, 149, 5, 81, 58, 101, 106, 100, 244, 134, 141, 184, 167, 45, 88, 130, 114, 196, 11, 98, 229, 69,
	83, 50, 112, 64, 100, 3, 81, 231, 42, 168, 180, 148, 196, 78, 120, 93, 197, 214, 149, 93, 63, 68, 134, 214, 0, 50, 242,
	62, 214, 24, 91, 71, 217, 153, 160, 7, 145, 224, 44, 135, 167, 218, 150, 202, 35, 146, 151, 156, 152, 104, 242, 156,
	39, 147, 20, 170, 98, 175, 66, 125, 236, 63, 155, 184, 39, 168, 131, 171, 152, 164, 162, 239, 201, 77, 128, 138, 56,
	21, 225, 154, 238, 161, 3, 8, 239, 180, 170, 58, 58, 9, 39, 131, 74, 38, 77, 168, 180, 15, 213, 205, 212, 214, 125,
	213, 2, 148, 86, 204, 117, 46, 203, 83, 53, 122, 247, 115, 41, 187, 183, 245, 10, 223, 43, 117, 143, 122, 35, 87, 242,
	146, 23, 7, 73, 197, 133, 4, 30, 8, 236, 118, 114, 54, 32, 139, 120, 51, 201, 143, 126, 240, 159, 203, 212, 250, 145,
	118, 191, 226, 243, 61, 14, 140, 66, 174, 54, 235, 222, 114, 158, 38, 229, 203, 156, 11, 100, 136, 148, 70, 69, 83,
	223, 65, 132, 207, 115, 76, 53, 177, 0, 181, 146, 25, 132, 143, 107, 201, 149, 150, 113, 231, 9, 128, 70, 164, 124,
	203, 105, 252, 190, 147, 238, 86, 79, 199, 11, 35, 28, 67, 38, 21, 90, 36, 179, 78, 195, 50, 82, 166, 133, 249, 33,
	223, 49, 52, 92, 217, 221, 194, 238, 199, 7, 218, 114, 34, 209, 220, 220, 136, 42, 53, 188, 218, 76, 232, 49, 129, 61,
	162, 195, 54, 32, 28, 169, 252, 40, 97, 111, 250, 196, 71, 184, 97, 197, 129, 167, 234, 115, 140, 5, 191, 163, 197, 43,
	205, 125, 58, 137, 152, 86, 12, 193, 180, 240, 148, 109, 118, 154, 105, 211, 222, 129, 70, 220, 21, 36, 141, 72, 204,
	56, 2, 248, 113, 81, 227, 120, 18, 51, 243, 4, 172, 142, 24, 189, 246, 189, 100, 34, 138, 148, 56, 133, 133, 245, 169,
	247, 58, 217, 80, 58, 174, 199, 176, 164, 95, 239, 132, 158, 224, 15, 207, 21, 82, 100, 15, 132, 184, 33, 31, 224, 184,
	78, 184, 113, 168, 47, 181, 214, 234, 138, 44, 202, 15, 47, 152, 227, 199, 245, 6, 228, 149, 144, 85, 119, 213, 17,
	104, 6, 87, 80, 144, 222, 227, 14, 90, 131, 69, 122, 62, 134, 36, 86, 182, 201, 81, 152, 189, 33, 33, 193, 251, 43, 60,
	158, 14, 183, 7, 243, 188, 13, 76, 130, 181, 251, 154, 73, 41, 126, 154, 129, 84, 82, 83, 209, 39, 82, 11, 200, 165,
	220, 115, 240, 227, 46, 5, 215, 132, 232, 170, 166, 161, 247, 219, 132, 221, 31, 227, 242, 136, 71, 66, 32, 214, 91,
	122, 219, 237, 123, 21, 76, 10, 199, 192, 204, 83, 89, 146, 133, 76, 110, 187, 176, 4, 211, 217, 171, 170, 155, 114,
	22, 29, 45, 156, 133, 146, 225, 191, 148, 5, 125, 58, 85, 209, 255, 162, 72, 248, 159, 137, 25, 113, 217, 23, 68, 111,
	167, 95, 91, 100, 222, 189, 180, 39, 208, 178, 183, 34, 76, 250, 102, 120, 219, 18, 118, 63, 151, 172, 97, 162, 31,
	106, 213, 123, 238, 31, 90, 100, 190, 196, 53, 229, 139, 46, 191, 139, 107, 138, 141, 113, 139, 58, 255, 252, 121, 9,
	88, 225, 116, 194, 30, 5, 120, 241, 64, 169, 77, 99, 25, 61, 23, 31, 219, 111, 37, 131, 248, 195, 254, 166, 137, 128,
	100, 157, 239, 38, 65, 190, 253, 78, 146, 176, 254, 185, 10, 198, 125, 137, 230, 22, 187, 241, 65, 219, 6, 23, 255,
	212, 238, 250, 135, 51, 93, 248, 73, 168, 20, 248, 189, 82, 169, 190, 203, 143, 159, 149, 116, 143, 145, 123, 6, 202,
	151, 96, 238, 79, 178, 159, 252, 88, 102, 162, 176, 125, 205, 159, 104, 213, 94, 184, 146, 221, 104, 53, 159, 235, 204,
	242, 93, 93, 223, 3, 126, 78, 237, 181, 30, 218, 246, 105, 245, 91, 57, 66, 249, 107, 225, 218, 95, 69, 123, 230, 167,
	104, 207, 127, 69, 251, 207, 25, 251, 33, 236, 60, 6, 124, 117, 3, 170, 135, 3, 19, 224, 195, 37, 144, 28, 145, 97,
	212, 82, 88, 56, 32, 84, 194, 60, 67, 244, 131, 188, 151, 41, 175, 188, 171, 64, 175, 73, 31, 38, 175, 131, 113, 170,
	221, 220, 187, 151, 130, 241, 25, 27, 224, 27, 234, 214, 145, 84, 100, 117, 207, 50, 64, 129, 124, 253, 45, 209, 78,
	78, 56, 130, 175, 133, 247, 70, 154, 155, 1, 180, 237, 128, 182, 12, 94, 106, 111, 100, 183, 185, 18, 234, 152, 9, 234,
	204, 195, 97, 213, 217, 235, 118, 159, 110, 87, 174, 32, 58, 182, 16, 67, 180, 183, 77, 71, 10, 203, 11, 222, 226, 22,
	120, 153, 160, 251, 206, 203, 40, 164, 223, 52, 142, 250, 239, 79, 108, 86, 131, 167, 5, 166, 45, 184, 20, 36, 121, 15,
	29, 223, 84, 171, 134, 68, 138, 109, 22, 46, 5, 31, 77, 30, 108, 249, 4, 140, 58, 34, 197, 154, 100, 88, 236, 180, 47,
	3, 18, 102, 121, 70, 0, 248, 132, 125, 250, 188, 195, 223, 239, 159, 47, 242, 246, 31, 246, 125, 95, 116, 229, 189,
	237, 86, 16, 192, 111, 92, 41, 63, 150, 28, 36, 55, 107, 30, 112, 187, 147, 222, 23, 139, 168, 83, 84, 37, 147, 156,
	131, 166, 226, 26, 183, 246, 136, 149, 250, 229, 129, 136, 247, 124, 1, 198, 37, 40, 58, 38, 11, 238, 227, 68, 253,
	232, 58, 124, 28, 84, 203, 187, 184, 30, 54, 255, 249, 110, 236, 250, 123, 29, 246, 127, 39, 247, 255, 251, 206, 140,
	208, 248, 132, 150, 107, 183, 53, 196, 9, 59, 202, 99, 81, 141, 191, 98, 237, 217, 21, 179, 251, 227, 17, 194, 207,
	139, 241, 180, 53, 191, 211, 143, 175, 115, 168, 242, 193, 200, 236, 142, 23, 240, 182, 190, 151, 73, 120, 142, 19,
	218, 161, 91, 135, 191, 206, 214, 156, 206, 117, 101, 11, 98, 190, 103, 76, 1, 55, 115, 68, 104, 121, 215, 61, 204, 78,
	56, 222, 88, 68, 144, 85, 251, 168, 0, 205, 27, 92, 138, 184, 209, 143, 251, 106, 53, 233, 83, 20, 183, 157, 94, 121,
	145, 25, 121, 136, 72, 134, 77, 94, 176, 72, 206, 170, 81, 121, 232, 150, 187, 227, 129, 210, 49, 108, 219, 7, 84, 188,
	146, 111, 235, 217, 249, 62, 122, 189, 102, 75, 30, 79, 125, 204, 158, 64, 87, 53, 224, 28, 97, 221, 112, 172, 235, 61,
	244, 146, 219, 204, 12, 155, 191, 85, 100, 215, 74, 202, 21, 148, 229, 216, 209, 212, 101, 104, 120, 176, 53, 202, 98,
	189, 115, 161, 93, 158, 147, 210, 172, 229, 141, 223, 17, 174, 224, 174, 230, 62, 185, 214, 49, 190, 44, 7, 120, 7, 42,
	63, 203, 120, 54, 101, 72, 242, 118, 51, 50, 45, 134, 106, 181, 30, 254, 237, 38, 68, 135, 59, 242, 240, 205, 27, 208,
	140, 105, 137, 80, 83, 97, 26, 188, 75, 164, 238, 163, 73, 95, 143, 124, 166, 244, 27, 167, 25, 208, 251, 254, 142, 95,
	254, 187, 44, 18, 32, 73, 228, 91, 145, 55, 201, 61, 89, 161, 211, 180, 170, 120, 223, 242, 59, 125, 77, 190, 1, 57,
	203, 4, 30, 242, 155, 47, 48, 242, 224, 37, 250, 95, 10, 222, 252, 209, 33, 226, 255, 153, 70, 235, 55, 135, 136, 252,
	198, 33, 26, 107, 194, 177, 140, 73, 24, 217, 152, 127, 30, 171, 66, 40, 137, 114, 135, 87, 106, 89, 126, 216, 51, 248,
	255, 214, 33, 254, 210, 22, 240, 221, 249, 93, 52, 250, 75, 159, 160, 251, 251, 179, 255, 215, 14, 241, 241, 239, 208,
	31, 1, 238, 167, 18, 64, 134, 9, 18, 106, 233, 209, 25, 60, 209, 90, 71, 178, 137, 120, 181, 7, 26, 54, 238, 67, 79,
	34, 28, 170, 205, 226, 51, 97, 180, 61, 101, 237, 218, 124, 73, 59, 118, 112, 34, 54, 231, 142, 108, 248, 78, 0, 171,
	113, 255, 54, 139, 119, 43, 191, 66, 234, 232, 129, 52, 201, 54, 79, 213, 152, 22, 71, 81, 80, 9, 145, 69, 155, 179,
	254, 201, 130, 231, 29, 194, 76, 75, 145, 238, 73, 146, 52, 163, 55, 69, 109, 251, 113, 200, 234, 97, 60, 243, 118,
	233, 196, 147, 24, 149, 35, 121, 62, 70, 138, 7, 153, 226, 241, 160, 150, 201, 79, 1, 68, 15, 134, 32, 200, 73, 223,
	62, 148, 9, 155, 242, 207, 61, 189, 220, 39, 100, 176, 153, 198, 251, 135, 150, 126, 96, 116, 253, 124, 52, 146, 73,
	104, 3, 36, 207, 86, 77, 49, 162, 162, 236, 184, 2, 178, 92, 111, 111, 197, 27, 43, 124, 222, 220, 68, 183, 24, 19, 0,
	202, 161, 15, 74, 84, 64, 114, 153, 81, 245, 41, 17, 89, 34, 97, 149, 88, 101, 189, 197, 26, 239, 226, 174, 52, 121,
	61, 153, 239, 254, 14, 139, 229, 129, 130, 29, 162, 194, 4, 219, 116, 247, 78, 2, 185, 29, 227, 175, 229, 92, 165, 105,
	235, 31, 34, 152, 154, 60, 208, 40, 174, 29, 226, 183, 75, 180, 153, 156, 222, 252, 125, 204, 232, 7, 204, 48, 84, 74,
	249, 145, 147, 58, 123, 58, 206, 201, 43, 14, 145, 203, 24, 216, 153, 44, 150, 87, 216, 89, 239, 198, 58, 64, 167, 24,
	234, 71, 203, 129, 116, 157, 39, 84, 165, 105, 172, 115, 0, 181, 47, 75, 239, 176, 74, 79, 106, 28, 150, 201, 205, 63,
	183, 239, 22, 233, 73, 12, 199, 214, 161, 51, 131, 4, 19, 159, 7, 178, 205, 38, 21, 61, 148, 203, 164, 189, 180, 167,
	160, 215, 170, 178, 101, 114, 101, 147, 29, 155, 101, 194, 20, 39, 148, 100, 8, 85, 93, 64, 189, 97, 98, 119, 43, 17,
	206, 15, 135, 16, 12, 252, 106, 87, 155, 185, 209, 71, 149, 17, 155, 91, 41, 239, 180, 183, 34, 201, 113, 235, 250,
	176, 121, 143, 97, 244, 150, 60, 22, 78, 179, 246, 254, 124, 212, 11, 28, 76, 104, 232, 76, 231, 24, 124, 124, 3, 30,
	194, 64, 46, 164, 220, 253, 153, 35, 94, 85, 44, 227, 235, 222, 217, 68, 232, 65, 111, 226, 233, 107, 247, 246, 85, 72,
	129, 46, 131, 173, 49, 158, 149, 199, 92, 155, 41, 211, 140, 163, 167, 82, 110, 185, 226, 172, 27, 180, 99, 199, 101,
	206, 158, 239, 90, 164, 16, 50, 92, 34, 128, 22, 150, 79, 164, 61, 30, 92, 54, 57, 250, 193, 29, 74, 211, 174, 24, 230,
	53, 6, 46, 87, 8, 88, 5, 144, 237, 107, 244, 24, 129, 12, 166, 250, 175, 105, 185, 187, 44, 25, 158, 111, 238, 133, 11,
	5, 164, 57, 20, 223, 213, 85, 77, 255, 220, 26, 8, 252, 211, 65, 173, 127, 82, 206, 248, 206, 104, 152, 209, 172, 217,
	22, 31, 18, 247, 57, 1, 145, 141, 205, 4, 180, 175, 233, 105, 53, 20, 65, 255, 117, 187, 159, 146, 208, 89, 209, 136,
	175, 241, 210, 155, 253, 17, 108, 4, 77, 212, 177, 98, 174, 199, 39, 218, 246, 194, 135, 208, 195, 60, 48, 135, 96,
	107, 251, 244, 35, 110, 110, 234, 35, 145, 57, 212, 22, 172, 103, 253, 188, 57, 160, 38, 214, 151, 210, 229, 78, 72,
	126, 120, 58, 68, 159, 77, 87, 167, 69, 32, 189, 162, 151, 142, 222, 228, 219, 86, 227, 62, 41, 167, 207, 156, 34, 203,
	125, 174, 98, 109, 160, 129, 179, 187, 222, 175, 149, 174, 9, 172, 178, 32, 212, 73, 13, 238, 249, 50, 130, 160, 26,
	105, 250, 206, 87, 102, 16, 8, 152, 26, 225, 47, 113, 216, 159, 178, 251, 204, 199, 124, 24, 221, 235, 37, 88, 36, 175,
	157, 13, 104, 198, 35, 151, 81, 37, 89, 86, 40, 196, 45, 128, 116, 101, 144, 129, 220, 185, 75, 16, 243, 245, 197, 134,
	251, 252, 20, 146, 174, 208, 108, 134, 108, 189, 39, 225, 94, 205, 186, 149, 139, 228, 112, 172, 29, 27, 229, 244, 210,
	20, 209, 194, 143, 58, 109, 21, 79, 37, 99, 113, 226, 198, 62, 107, 91, 171, 142, 34, 75, 4, 132, 121, 168, 183, 245,
	202, 95, 229, 199, 61, 192, 42, 138, 250, 131, 128, 41, 227, 11, 201, 65, 28, 109, 242, 59, 90, 215, 233, 204, 245,
	190, 212, 173, 139, 90, 62, 245, 40, 67, 143, 52, 148, 153, 157, 210, 11, 90, 84, 134, 143, 199, 241, 243, 105, 250,
	132, 88, 98, 2, 250, 37, 189, 81, 70, 143, 115, 14, 207, 222, 116, 111, 16, 218, 198, 222, 242, 118, 204, 206, 201,
	121, 106, 149, 227, 223, 22, 153, 170, 231, 86, 187, 5, 31, 207, 148, 207, 50, 99, 175, 130, 73, 169, 111, 137, 140,
	252, 188, 146, 209, 10, 34, 196, 36, 36, 43, 144, 129, 0, 243, 229, 159, 42, 30, 242, 154, 122, 189, 69, 47, 112, 92,
	205, 40, 153, 251, 97, 72, 40, 233, 20, 182, 145, 117, 111, 221, 137, 113, 203, 234, 46, 80, 235, 111, 104, 179, 37,
	85, 64, 99, 179, 64, 86, 220, 83, 191, 15, 239, 190, 28, 137, 156, 33, 75, 114, 57, 18, 192, 44, 220, 124, 57, 6, 126,
	98, 236, 122, 214, 114, 137, 31, 204, 36, 181, 194, 142, 176, 61, 191, 177, 39, 94, 124, 16, 158, 109, 102, 78, 93,
	249, 105, 33, 102, 49, 38, 154, 46, 79, 175, 173, 54, 204, 4, 27, 143, 38, 58, 68, 195, 43, 25, 75, 35, 47, 76, 96, 60,
	139, 100, 67, 180, 226, 105, 149, 203, 214, 157, 123, 58, 119, 82, 184, 117, 177, 225, 190, 14, 43, 120, 204, 83, 66,
	195, 13, 117, 175, 181, 123, 192, 96, 196, 173, 86, 8, 239, 233, 14, 88, 166, 134, 101, 12, 90, 93, 41, 203, 103, 175,
	52, 204, 86, 244, 154, 1, 60, 53, 77, 174, 175, 253, 153, 129, 47, 70, 34, 33, 235, 154, 188, 169, 187, 175, 124, 204,
	169, 197, 134, 221, 51, 197, 54, 228, 53, 4, 157, 127, 51, 130, 223, 254, 51, 125, 86, 249, 171, 96, 158, 252, 210, 52,
	228, 9, 101, 40, 237, 247, 82, 25, 201, 219, 200, 201, 147, 76, 190, 152, 29, 204, 81, 204, 26, 254, 220, 224, 231,
	253, 113, 245, 214, 255, 34, 122, 127, 5, 111, 224, 135, 209, 219, 253, 125, 244, 54, 57, 253, 52, 220, 248, 119, 209,
	251, 251, 217, 247, 232, 253, 155, 65, 187, 255, 62, 122, 127, 5, 111, 224, 199, 209, 219, 251, 23, 197, 130, 135, 230,
	73, 142, 241, 121, 194, 113, 151, 90, 78, 68, 87, 184, 60, 220, 68, 32, 103, 15, 124, 103, 87, 94, 11, 144, 151, 148,
	117, 155, 131, 200, 69, 113, 161, 184, 32, 34, 110, 137, 178, 207, 16, 61, 5, 116, 143, 188, 246, 201, 73, 170, 5, 230,
	159, 91, 49, 81, 169, 169, 165, 79, 196, 210, 224, 183, 226, 140, 31, 103, 45, 133, 32, 253, 188, 24, 0, 53, 87, 162,
	149, 202, 64, 228, 141, 87, 130, 75, 218, 125, 190, 146, 149, 62, 81, 53, 214, 229, 36, 2, 255, 22, 198, 255, 14, 241,
	129, 63, 99, 124, 119, 126, 100, 213, 6, 25, 193, 211, 243, 106, 228, 29, 189, 225, 242, 100, 221, 135, 243, 118, 255,
	164, 30, 250, 75, 254, 159, 167, 81, 135, 80, 128, 87, 123, 51, 71, 134, 151, 222, 126, 207, 50, 119, 98, 214, 235,
	210, 85, 155, 248, 3, 248, 114, 226, 106, 165, 17, 183, 238, 157, 246, 104, 77, 156, 135, 96, 38, 23, 133, 123, 237,
	23, 152, 229, 159, 11, 28, 223, 233, 154, 225, 59, 62, 74, 138, 193, 123, 70, 65, 167, 0, 206, 158, 107, 241, 28, 60,
	167, 121, 42, 164, 70, 138, 233, 240, 65, 164, 141, 71, 84, 17, 29, 63, 47, 53, 242, 3, 115, 38, 80, 99, 107, 80, 116,
	22, 247, 182, 208, 61, 252, 255, 251, 59, 235, 225, 25, 251, 87, 201, 135, 127, 209, 2, 244, 47, 97, 241, 244, 85, 13,
	184, 253, 170, 241, 148, 93, 203, 206, 240, 101, 138, 122, 8, 174, 245, 134, 118, 38, 82, 22, 255, 169, 26, 0, 127, 85,
	3, 228, 31, 117, 254, 252, 135, 43, 226, 149, 223, 166, 215, 11, 64, 175, 254, 216, 213, 227, 237, 166, 75, 227, 134,
	27, 93, 63, 9, 29, 127, 173, 3, 249, 205, 153, 240, 215, 43, 226, 129, 95, 214, 56, 255, 253, 21, 241, 172, 247, 187,
	21, 241, 242, 47, 13, 59, 192, 223, 214, 116, 82, 73, 136, 245, 59, 187, 160, 71, 53, 49, 163, 198, 34, 171, 254, 166,
	23, 4, 91, 15, 193, 149, 53, 117, 148, 176, 46, 144, 189, 212, 185, 250, 96, 214, 65, 204, 219, 200, 80, 188, 4, 53,
	236, 20, 110, 46, 92, 146, 37, 30, 131, 241, 235, 145, 56, 204, 217, 58, 9, 124, 195, 82, 218, 117, 219, 215, 156, 127,
	254, 26, 113, 152, 9, 229, 203, 123, 247, 170, 102, 240, 69, 184, 218, 243, 29, 190, 128, 37, 40, 41, 164, 185, 233,
	80, 181, 14, 91, 54, 118, 73, 230, 46, 97, 155, 67, 247, 29, 147, 122, 46, 66, 111, 143, 188, 152, 63, 79, 135, 40,
	202, 133, 220, 99, 202, 69, 150, 225, 89, 212, 84, 131, 160, 233, 125, 60, 225, 10, 79, 8, 57, 237, 97, 202, 44, 99,
	32, 168, 170, 210, 144, 31, 137, 18, 139, 232, 26, 65, 239, 229, 221, 209, 224, 187, 185, 91, 140, 112, 162, 166, 254,
	46, 251, 84, 120, 58, 23, 51, 197, 172, 107, 143, 101, 127, 226, 198, 52, 8, 116, 61, 94, 111, 180, 112, 251, 130, 124,
	177, 183, 55, 26, 30, 168, 190, 18, 0, 8, 222, 47, 154, 194, 233, 187, 132, 133, 184, 0, 147, 241, 92, 103, 245, 60,
	113, 39, 158, 163, 52, 180, 183, 232, 51, 171, 211, 61, 189, 199, 144, 85, 64, 184, 67, 217, 36, 136, 8, 101, 41, 38,
	182, 171, 51, 175, 87, 10, 195, 221, 146, 80, 231, 124, 211, 60, 13, 120, 156, 246, 211, 65, 87, 35, 190, 67, 193, 234,
	222, 172, 39, 3, 122, 153, 227, 78, 88, 207, 81, 84, 108, 129, 253, 104, 36, 55, 197, 78, 90, 228, 161, 27, 225, 250,
	74, 77, 156, 150, 78, 119, 161, 201, 129, 189, 135, 41, 220, 223, 157, 132, 140, 188, 197, 100, 229, 55, 112, 220, 139,
	119, 94, 10, 22, 20, 28, 25, 97, 5, 166, 130, 231, 144, 232, 13, 165, 125, 163, 243, 103, 4, 103, 1, 84, 91, 206, 16,
	54, 100, 106, 164, 117, 74, 242, 49, 91, 230, 143, 204, 222, 102, 174, 76, 220, 211, 128, 115, 181, 113, 118, 40, 117,
	54, 155, 247, 1, 125, 127, 218, 40, 183, 96, 102, 167, 239, 204, 42, 9, 114, 29, 13, 81, 165, 127, 208, 96, 170, 183,
	196, 21, 168, 8, 210, 40, 70, 184, 73, 52, 249, 4, 247, 50, 201, 157, 25, 141, 80, 204, 100, 97, 21, 132, 211, 113,
	151, 148, 189, 188, 61, 168, 35, 177, 95, 33, 0, 209, 19, 140, 109, 40, 221, 235, 155, 179, 202, 111, 4, 107, 187, 15,
	132, 232, 218, 207, 135, 210, 112, 143, 63, 13, 94, 138, 187, 89, 138, 39, 141, 78, 131, 21, 55, 184, 151, 91, 45, 45,
	140, 20, 90, 199, 32, 178, 61, 54, 15, 77, 203, 115, 214, 56, 82, 239, 14, 176, 49, 175, 212, 135, 83, 10, 146, 125,
	179, 214, 84, 17, 108, 180, 9, 252, 166, 194, 172, 68, 181, 93, 152, 226, 215, 8, 12, 93, 249, 23, 77, 167, 34, 194,
	247, 34, 90, 254, 82, 65, 247, 119, 48, 55, 190, 113, 59, 178, 18, 136, 104, 248, 162, 26, 222, 178, 9, 170, 158, 172,
	118, 52, 173, 77, 255, 88, 31, 155, 255, 102, 163, 185, 180, 219, 63, 117, 124, 90, 19, 77, 13, 220, 36, 154, 98, 9,
	231, 18, 77, 104, 231, 189, 206, 186, 125, 139, 89, 4, 254, 201, 123, 220, 182, 56, 124, 188, 35, 76, 89, 52, 244, 177,
	254, 20, 162, 237, 87, 212, 43, 175, 236, 171, 5, 240, 227, 133, 35, 159, 58, 129, 240, 250, 154, 101, 215, 183, 175,
	31, 252, 35, 61, 229, 30, 191, 204, 217, 194, 119, 210, 192, 188, 251, 178, 11, 115, 179, 142, 142, 116, 60, 88, 1, 33,
	192, 85, 22, 6, 254, 158, 129, 236, 83, 57, 231, 25, 200, 137, 198, 29, 197, 65, 13, 218, 193, 211, 47, 100, 144, 112,
	113, 75, 94, 168, 222, 163, 254, 98, 240, 90, 172, 229, 12, 244, 100, 146, 195, 156, 246, 90, 79, 144, 231, 139, 32,
	251, 185, 122, 19, 219, 123, 167, 218, 155, 79, 55, 8, 196, 105, 15, 179, 38, 19, 251, 13, 120, 247, 23, 241, 160, 241,
	253, 254, 160, 11, 141, 102, 244, 154, 219, 224, 225, 0, 209, 247, 141, 63, 39, 2, 116, 58, 67, 15, 110, 171, 107, 251,
	194, 193, 5, 39, 177, 145, 72, 54, 77, 154, 253, 30, 77, 202, 240, 75, 55, 145, 147, 165, 200, 71, 156, 131, 216, 4, 7,
	250, 154, 2, 233, 51, 237, 92, 99, 203, 67, 88, 229, 45, 207, 227, 232, 227, 136, 43, 125, 206, 180, 142, 111, 130,
	201, 157, 148, 125, 189, 248, 249, 230, 44, 251, 108, 233, 229, 171, 250, 218, 112, 41, 140, 190, 156, 250, 115, 1,
	235, 148, 210, 84, 113, 215, 228, 85, 13, 68, 15, 98, 42, 34, 1, 34, 4, 149, 133, 61, 173, 199, 25, 56, 2, 39, 71, 48,
	182, 167, 136, 127, 32, 235, 219, 112, 21, 164, 62, 56, 202, 71, 148, 180, 39, 152, 14, 237, 144, 42, 80, 173, 74, 208,
	34, 4, 194, 251, 221, 177, 132, 243, 92, 216, 141, 20, 94, 0, 244, 94, 185, 242, 97, 136, 239, 22, 19, 207, 138, 239,
	160, 123, 198, 246, 189, 173, 98, 86, 225, 10, 169, 200, 248, 87, 170, 197, 254, 101, 75, 174, 128, 17, 78, 200, 237,
	164, 124, 26, 247, 240, 232, 232, 190, 73, 3, 147, 102, 213, 69, 108, 6, 201, 35, 66, 214, 2, 198, 11, 60, 201, 40,
	209, 139, 110, 64, 78, 94, 73, 138, 85, 112, 196, 198, 179, 132, 196, 163, 41, 197, 38, 99, 39, 15, 77, 207, 178, 94,
	18, 212, 189, 221, 224, 122, 66, 124, 236, 26, 56, 209, 46, 208, 152, 111, 56, 119, 163, 20, 206, 171, 143, 175, 5,
	178, 12, 16, 124, 140, 159, 247, 81, 55, 129, 222, 210, 173, 123, 64, 27, 218, 100, 68, 14, 183, 21, 113, 135, 79, 223,
	166, 207, 101, 115, 249, 125, 94, 65, 52, 113, 248, 108, 70, 118, 107, 142, 10, 196, 227, 94, 134, 37, 200, 77, 140,
	100, 226, 122, 115, 232, 104, 42, 198, 9, 2, 110, 219, 18, 112, 149, 34, 208, 233, 149, 27, 227, 3, 158, 92, 175, 171,
	214, 103, 184, 61, 113, 57, 155, 41, 184, 233, 89, 174, 80, 23, 124, 106, 219, 1, 243, 216, 70, 84, 216, 147, 186, 123,
	220, 89, 165, 42, 121, 15, 37, 92, 190, 187, 245, 251, 115, 29, 137, 122, 5, 122, 168, 91, 115, 144, 158, 35, 24, 124,
	238, 32, 142, 109, 88, 161, 148, 10, 113, 75, 223, 203, 216, 197, 220, 80, 24, 230, 75, 161, 255, 238, 156, 237, 31,
	36, 161, 254, 115, 96, 192, 126, 219, 195, 147, 62, 127, 65, 219, 70, 239, 150, 110, 248, 9, 218, 84, 183, 124, 254,
	50, 237, 192, 221, 156, 87, 117, 127, 36, 250, 15, 198, 105, 184, 127, 62, 78, 227, 254, 221, 113, 26, 185, 166, 139,
	239, 59, 240, 68, 255, 247, 227, 52, 127, 106, 116, 255, 181, 101, 224, 177, 27, 223, 150, 212, 123, 240, 7, 239, 162,
	63, 181, 12, 252, 238, 12, 9, 106, 38, 2, 254, 184, 184, 193, 253, 141, 244, 211, 7, 190, 100, 63, 235, 103, 48, 25,
	218, 150, 95, 109, 192, 17, 90, 110, 41, 122, 188, 99, 180, 109, 179, 115, 47, 156, 224, 86, 127, 144, 247, 55, 16, 1,
	124, 71, 17, 127, 248, 165, 63, 12, 16, 124, 252, 144, 251, 47, 164, 162, 180, 18, 2, 70, 127, 129, 104, 247, 118, 167,
	228, 114, 157, 171, 46, 194, 227, 53, 243, 110, 125, 122, 223, 107, 8, 9, 230, 162, 94, 86, 126, 124, 115, 76, 173, 33,
	22, 162, 147, 94, 37, 88, 67, 216, 190, 66, 119, 198, 23, 11, 210, 157, 113, 231, 198, 98, 211, 167, 224, 82, 40, 192,
	185, 45, 158, 26, 147, 184, 22, 153, 8, 129, 227, 135, 227, 194, 93, 244, 108, 242, 108, 216, 148, 181, 152, 200, 158,
	211, 17, 238, 254, 37, 143, 214, 170, 18, 213, 92, 203, 15, 4, 16, 254, 210, 251, 107, 178, 239, 126, 108, 159, 187,
	92, 109, 234, 39, 83, 130, 38, 53, 154, 212, 196, 37, 254, 202, 251, 255, 166, 19, 31, 248, 189, 252, 147, 45, 33, 148,
	190, 70, 81, 44, 223, 165, 54, 241, 31, 48, 162, 33, 148, 113, 239, 242, 37, 135, 233, 196, 222, 94, 120, 34, 172, 166,
	114, 160, 120, 39, 33, 80, 67, 82, 178, 155, 185, 31, 140, 192, 150, 28, 114, 83, 129, 231, 151, 252, 147, 106, 218,
	37, 36, 219, 58, 110, 125, 62, 253, 100, 155, 205, 62, 123, 154, 120, 151, 71, 59, 55, 162, 246, 42, 168, 32, 21, 95,
	4, 60, 60, 123, 111, 8, 18, 148, 78, 60, 20, 204, 203, 33, 114, 42, 44, 55, 197, 79, 176, 254, 119, 12, 237, 55, 106,
	171, 255, 5, 2, 47, 190, 80, 35, 90, 253, 98, 104, 18, 83, 71, 23, 232, 187, 214, 41, 35, 118, 107, 120, 10, 119, 44,
	246, 93, 200, 62, 15, 245, 199, 195, 236, 220, 63, 31, 102, 255, 143, 140, 13, 248, 178, 182, 63, 26, 219, 111, 59,
	216, 255, 194, 216, 176, 31, 24, 27, 250, 181, 245, 32, 250, 95, 25, 27, 240, 91, 200, 254, 3, 99, 251, 205, 100, 192,
	151, 177, 253, 59, 235, 169, 117, 61, 216, 152, 117, 26, 121, 251, 186, 229, 177, 121, 215, 122, 43, 216, 223, 12, 28,
	79, 204, 61, 48, 247, 26, 182, 152, 237, 131, 219, 196, 126, 46, 25, 44, 234, 36, 252, 62, 250, 51, 9, 26, 29, 247,
	224, 100, 203, 0, 90, 115, 238, 15, 7, 201, 180, 221, 11, 232, 17, 87, 39, 22, 106, 35, 54, 246, 218, 119, 21, 61, 24,
	116, 153, 71, 4, 142, 207, 187, 7, 222, 236, 186, 51, 245, 206, 25, 44, 177, 77, 35, 229, 129, 112, 6, 23, 98, 79, 155,
	190, 21, 124, 115, 255, 96, 77, 20, 2, 58, 183, 92, 95, 193, 149, 224, 93, 121, 73, 80, 115, 140, 118, 243, 200, 118,
	111, 218, 47, 57, 46, 159, 3, 60, 173, 8, 43, 213, 172, 97, 221, 8, 68, 234, 36, 63, 37, 97, 58, 235, 213, 149, 175,
	193, 105, 108, 218, 139, 26, 34, 191, 125, 236, 143, 16, 17, 26, 224, 122, 223, 177, 77, 111, 215, 217, 12, 253, 206,
	18, 99, 173, 187, 234, 211, 115, 111, 171, 167, 247, 44, 143, 161, 175, 245, 198, 63, 211, 237, 172, 153, 43, 129, 225,
	117, 209, 214, 148, 123, 106, 185, 142, 36, 110, 131, 174, 167, 90, 23, 36, 196, 81, 102, 23, 177, 209, 0, 92, 87, 2,
	129, 109, 166, 146, 194, 2, 17, 46, 29, 60, 41, 55, 61, 12, 187, 25, 56, 142, 188, 189, 224, 60, 251, 96, 35, 53, 186,
	51, 129, 129, 211, 179, 59, 223, 173, 112, 79, 38, 141, 15, 41, 30, 135, 159, 66, 209, 34, 131, 87, 18, 88, 147, 195,
	198, 57, 3, 23, 42, 83, 139, 254, 12, 171, 123, 250, 232, 239, 22, 104, 25, 164, 128, 67, 59, 81, 96, 44, 47, 219, 176,
	178, 79, 18, 181, 157, 69, 25, 251, 70, 241, 28, 153, 181, 173, 203, 20, 130, 164, 240, 217, 174, 43, 76, 181, 187,
	227, 77, 132, 244, 33, 252, 158, 49, 156, 128, 204, 244, 77, 117, 65, 51, 98, 71, 157, 113, 93, 100, 30, 19, 59, 131,
	177, 184, 32, 50, 24, 102, 69, 86, 40, 200, 234, 91, 64, 214, 218, 231, 85, 116, 241, 162, 83, 89, 87, 76, 99, 63, 152,
	29, 172, 221, 190, 212, 59, 54, 152, 169, 30, 223, 100, 129, 96, 1, 33, 73, 3, 84, 6, 151, 91, 6, 159, 229, 82, 223,
	110, 198, 164, 224, 245, 2, 54, 148, 231, 38, 111, 72, 186, 31, 53, 21, 147, 225, 91, 100, 15, 111, 130, 57, 55, 229,
	177, 245, 200, 62, 116, 142, 191, 55, 135, 98, 235, 46, 193, 25, 243, 20, 138, 202, 233, 35, 128, 130, 98, 34, 58, 158,
	230, 66, 7, 49, 226, 20, 246, 225, 72, 222, 102, 93, 82, 59, 173, 106, 44, 180, 101, 114, 88, 148, 67, 157, 206, 88,
	128, 141, 151, 82, 102, 160, 112, 113, 49, 232, 183, 177, 5, 47, 176, 35, 156, 133, 130, 47, 110, 8, 6, 202, 233, 93,
	96, 66, 186, 21, 89, 223, 79, 132, 221, 152, 191, 83, 22, 253, 93, 203, 164, 86, 72, 77, 216, 102, 204, 219, 22, 161,
	112, 141, 129, 179, 29, 186, 38, 201, 5, 21, 42, 221, 191, 200, 106, 255, 101, 219, 188, 28, 175, 19, 227, 48, 185,
	200, 36, 61, 63, 185, 24, 96, 95, 144, 113, 214, 219, 86, 47, 44, 123, 173, 135, 172, 132, 69, 152, 154, 92, 145, 233,
	110, 208, 174, 125, 124, 159, 239, 68, 207, 152, 164, 119, 11, 28, 136, 2, 29, 220, 178, 4, 229, 242, 195, 137, 219,
	42, 241, 249, 198, 171, 73, 231, 177, 174, 211, 62, 148, 130, 2, 222, 207, 224, 13, 51, 114, 122, 139, 218, 57, 187,
	173, 111, 229, 161, 104, 205, 231, 1, 62, 116, 117, 221, 198, 177, 80, 132, 137, 113, 31, 94, 52, 128, 242, 245, 12, 7,
	77, 250, 112, 27, 146, 107, 213, 187, 173, 243, 164, 140, 192, 125, 196, 171, 147, 8, 13, 249, 155, 208, 0, 247, 92,
	71, 126, 136, 84, 131, 75, 243, 98, 92, 223, 46, 200, 92, 152, 215, 66, 42, 71, 42, 38, 97, 132, 140, 81, 185, 168,
	187, 143, 232, 241, 97, 189, 166, 196, 87, 105, 33, 202, 102, 150, 62, 231, 243, 104, 80, 49, 17, 61, 218, 94, 131, 73,
	240, 119, 233, 0, 214, 118, 88, 149, 94, 239, 219, 119, 119, 179, 144, 247, 163, 82, 176, 102, 176, 80, 194, 29, 61,
	165, 192, 238, 24, 38, 240, 66, 171, 192, 69, 22, 38, 7, 105, 77, 202, 26, 239, 91, 249, 18, 111, 193, 105, 39, 203,
	163, 155, 209, 101, 72, 24, 10, 21, 177, 251, 58, 2, 40, 105, 203, 34, 77, 175, 111, 85, 227, 43, 207, 171, 199, 7, 89,
	218, 162, 7, 86, 139, 48, 233, 12, 86, 69, 86, 65, 76, 67, 166, 60, 230, 142, 105, 214, 189, 173, 148, 74, 161, 194,
	29, 161, 2, 77, 37, 251, 30, 23, 29, 8, 12, 161, 58, 45, 41, 114, 2, 62, 84, 74, 31, 183, 66, 27, 184, 171, 72, 110,
	78, 212, 75, 224, 202, 108, 81, 70, 52, 242, 35, 4, 229, 78, 112, 119, 204, 124, 189, 194, 183, 73, 224, 183, 39, 197,
	145, 51, 92, 129, 103, 37, 26, 66, 205, 7, 253, 189, 28, 250, 194, 10, 223, 150, 218, 127, 248, 56, 96, 169, 47, 89,
	123, 37, 189, 92, 74, 42, 125, 175, 251, 120, 159, 84, 110, 89, 144, 186, 126, 220, 80, 189, 158, 234, 248, 222, 224,
	220, 115, 79, 141, 151, 80, 83, 226, 35, 114, 210, 84, 145, 247, 167, 179, 176, 50, 118, 5, 143, 171, 166, 216, 187,
	104, 151, 216, 242, 146, 1, 230, 22, 62, 245, 178, 32, 106, 66, 97, 31, 172, 219, 34, 181, 145, 191, 84, 242, 189, 120,
	31, 8, 35, 60, 31, 70, 48, 103, 115, 225, 132, 78, 212, 192, 237, 137, 239, 140, 249, 140, 238, 247, 69, 163, 99, 142,
	145, 246, 1, 2, 117, 13, 116, 223, 115, 218, 245, 198, 5, 8, 243, 46, 108, 82, 31, 5, 9, 37, 222, 174, 123, 111, 114,
	221, 241, 82, 55, 15, 103, 27, 111, 172, 234, 19, 67, 177, 170, 91, 87, 239, 1, 149, 82, 160, 26, 121, 206, 4, 217,
	158, 108, 251, 113, 61, 254, 86, 134, 141, 247, 255, 239, 101, 216, 18, 39, 82, 94, 3, 163, 185, 42, 219, 215, 82, 89,
	121, 200, 61, 73, 175, 255, 235, 25, 54, 63, 248, 59, 25, 182, 155, 254, 181, 78, 12, 249, 93, 134, 237, 167, 179, 246,
	127, 155, 97, 19, 252, 255, 58, 195, 102, 84, 230, 128, 119, 52, 75, 42, 161, 183, 158, 163, 7, 239, 216, 22, 222, 107,
	225, 176, 222, 35, 178, 212, 1, 218, 34, 192, 162, 52, 170, 64, 137, 218, 97, 108, 3, 174, 239, 199, 182, 104, 231,
	229, 99, 227, 10, 21, 249, 140, 206, 124, 27, 189, 66, 155, 234, 124, 84, 150, 121, 143, 67, 25, 214, 130, 26, 43, 53,
	15, 100, 9, 78, 40, 42, 20, 244, 118, 242, 36, 235, 125, 2, 71, 14, 1, 186, 84, 165, 73, 91, 43, 107, 175, 15, 22, 231,
	98, 221, 43, 135, 96, 34, 197, 37, 222, 167, 102, 231, 212, 91, 14, 138, 226, 131, 113, 95, 149, 102, 184, 149, 111,
	83, 172, 215, 24, 182, 240, 228, 245, 116, 41, 209, 68, 41, 130, 138, 184, 216, 45, 183, 49, 253, 5, 188, 51, 212, 30,
	37, 101, 234, 85, 57, 21, 85, 230, 253, 193, 208, 240, 203, 227, 216, 137, 227, 172, 119, 104, 201, 252, 185, 60, 248,
	131, 208, 186, 169, 32, 90, 201, 114, 69, 177, 81, 157, 247, 23, 142, 182, 160, 103, 8, 34, 142, 116, 39, 201, 173, 24,
	211, 43, 214, 129, 54, 16, 69, 212, 234, 170, 12, 159, 183, 185, 2, 3, 178, 171, 13, 203, 131, 135, 199, 187, 21, 212,
	75, 78, 237, 214, 11, 146, 41, 214, 212, 87, 71, 182, 126, 2, 125, 217, 164, 20, 235, 249, 46, 6, 167, 68, 8, 220, 220,
	38, 207, 65, 19, 173, 228, 80, 49, 32, 18, 17, 156, 165, 38, 53, 52, 225, 103, 91, 16, 220, 216, 84, 126, 237, 110,
	181, 156, 57, 91, 160, 71, 244, 50, 56, 176, 76, 56, 65, 89, 7, 56, 170, 144, 209, 204, 217, 74, 39, 154, 254, 145,
	173, 171, 195, 191, 42, 170, 194, 35, 105, 165, 143, 233, 142, 192, 0, 105, 245, 89, 173, 21, 89, 221, 21, 245, 182,
	114, 151, 103, 92, 86, 28, 221, 47, 179, 214, 164, 151, 69, 170, 69, 165, 88, 239, 225, 86, 217, 104, 218, 94, 209,
	171, 34, 12, 207, 18, 21, 168, 101, 36, 69, 179, 235, 253, 65, 53, 46, 27, 11, 241, 225, 246, 225, 0, 244, 122, 211,
	229, 186, 127, 15, 114, 94, 13, 246, 251, 10, 141, 55, 228, 3, 151, 69, 177, 30, 41, 148, 134, 249, 75, 71, 49, 59,
	240, 137, 37, 2, 241, 121, 176, 101, 107, 54, 8, 55, 41, 56, 124, 83, 64, 218, 142, 227, 132, 41, 57, 157, 228, 28, 76,
	163, 19, 224, 113, 133, 219, 152, 79, 163, 221, 158, 91, 57, 8, 31, 134, 51, 194, 202, 118, 190, 152, 25, 98, 25, 55,
	111, 242, 176, 24, 19, 11, 19, 238, 207, 55, 104, 67, 125, 83, 166, 92, 249, 188, 196, 124, 236, 239, 231, 64, 246,
	188, 198, 146, 122, 231, 103, 166, 252, 56, 4, 128, 142, 237, 150, 64, 61, 229, 232, 244, 138, 189, 12, 165, 105, 10,
	10, 210, 49, 115, 225, 8, 179, 31, 222, 56, 212, 244, 130, 17, 42, 210, 127, 148, 97, 155, 222, 167, 205, 51, 155, 212,
	248, 84, 176, 165, 119, 203, 185, 9, 79, 154, 57, 15, 125, 248, 191, 156, 97, 139, 195, 248, 63, 201, 176, 177, 238,
	73, 120, 175, 206, 150, 150, 174, 64, 94, 26, 19, 184, 71, 13, 130, 188, 140, 224, 143, 55, 179, 53, 124, 46, 213, 147,
	233, 0, 250, 128, 124, 232, 108, 156, 214, 41, 161, 92, 77, 198, 36, 229, 82, 200, 114, 155, 158, 178, 252, 248, 128,
	134, 190, 75, 198, 249, 168, 166, 34, 186, 2, 59, 25, 188, 118, 182, 51, 124, 140, 87, 208, 179, 20, 148, 24, 60, 65,
	173, 114, 70, 37, 69, 6, 78, 52, 20, 120, 72, 193, 200, 45, 239, 195, 247, 234, 136, 52, 164, 101, 1, 107, 83, 80, 121,
	132, 212, 149, 167, 97, 79, 243, 88, 70, 12, 51, 144, 19, 198, 130, 117, 181, 12, 75, 243, 92, 157, 186, 165, 244, 79,
	220, 176, 78, 76, 151, 196, 204, 158, 246, 222, 240, 72, 236, 224, 0, 175, 179, 24, 62, 155, 89, 59, 149, 96, 243, 19,
	158, 146, 4, 167, 112, 34, 124, 206, 102, 233, 173, 164, 106, 67, 201, 57, 74, 144, 42, 221, 152, 151, 232, 36, 229,
	231, 238, 141, 204, 221, 146, 193, 27, 150, 193, 140, 160, 229, 132, 44, 157, 174, 115, 247, 236, 24, 246, 1, 220, 131,
	244, 91, 142, 195, 254, 193, 41, 50, 38, 135, 153, 140, 60, 178, 15, 161, 72, 245, 243, 6, 93, 99, 226, 162, 6, 177,
	163, 183, 150, 57, 80, 126, 120, 129, 35, 39, 154, 202, 39, 142, 210, 21, 215, 135, 18, 150, 15, 235, 235, 204, 144,
	60, 238, 19, 127, 27, 128, 220, 120, 83, 213, 43, 74, 245, 247, 179, 81, 212, 24, 93, 225, 220, 37, 113, 68, 169, 137,
	14, 45, 144, 169, 109, 71, 70, 248, 184, 180, 39, 13, 83, 29, 71, 84, 26, 69, 155, 193, 162, 238, 62, 44, 9, 73, 210,
	111, 222, 173, 103, 93, 244, 45, 140, 184, 166, 84, 128, 27, 19, 22, 132, 119, 121, 135, 96, 134, 253, 236, 60, 186,
	82, 13, 156, 243, 33, 194, 226, 249, 103, 40, 44, 190, 108, 225, 58, 217, 8, 122, 185, 70, 190, 45, 88, 176, 233, 245,
	54, 38, 45, 228, 199, 6, 144, 78, 237, 28, 24, 182, 146, 68, 83, 222, 230, 94, 1, 206, 205, 149, 18, 229, 17, 190, 54,
	213, 84, 57, 2, 61, 182, 25, 49, 196, 243, 101, 224, 133, 100, 26, 155, 152, 189, 102, 163, 245, 74, 46, 157, 12, 171,
	24, 94, 161, 161, 148, 155, 115, 51, 110, 145, 228, 143, 28, 68, 39, 136, 111, 17, 242, 227, 98, 45, 176, 129, 0, 233,
	168, 244, 166, 69, 240, 17, 139, 123, 241, 195, 75, 136, 30, 26, 51, 186, 13, 252, 201, 220, 57, 122, 89, 141, 150, 20,
	136, 204, 245, 11, 106, 19, 133, 91, 182, 164, 140, 241, 46, 145, 233, 237, 36, 81, 142, 82, 48, 206, 176, 183, 23,
	222, 12, 8, 87, 33, 26, 0, 170, 114, 195, 200, 88, 132, 7, 198, 147, 30, 101, 24, 29, 203, 50, 100, 142, 119, 32, 197,
	205, 2, 237, 236, 102, 5, 57, 251, 47, 100, 159, 157, 189, 90, 150, 159, 138, 216, 63, 203, 209, 254, 86, 116, 253, 31,
	255, 231, 31, 200, 255, 98, 12, 191, 249, 170, 112, 99, 191, 140, 225, 127, 224, 203, 160, 135, 48, 158, 22, 76, 201,
	147, 119, 17, 118, 47, 239, 101, 91, 14, 77, 102, 203, 223, 107, 218, 125, 192, 197, 183, 8, 253, 75, 128, 22, 12, 44,
	9, 141, 235, 231, 178, 48, 99, 95, 191, 153, 95, 63, 244, 202, 195, 242, 49, 195, 140, 239, 5, 109, 247, 241, 97, 254,
	192, 55, 234, 255, 135, 165, 43, 50, 11, 23, 250, 247, 42, 119, 77, 127, 147, 94, 255, 252, 63, 254, 139, 116, 205,
	245, 251, 179, 31, 244, 168, 25, 178, 110, 123, 59, 255, 179, 116, 13, 191, 31, 110, 142, 182, 87, 134, 24, 99, 140,
	226, 31, 175, 151, 29, 234, 245, 177, 171, 159, 19, 18, 114, 251, 187, 79, 254, 211, 42, 152, 111, 2, 182, 191, 65, 53,
	223, 48, 68, 69, 175, 50, 247, 111, 141, 232, 104, 106, 87, 87, 0, 75, 25, 225, 155, 243, 235, 183, 196, 182, 38, 100,
	234, 22, 127, 11, 219, 142, 228, 220, 58, 105, 238, 133, 166, 74, 211, 180, 109, 6, 49, 204, 7, 130, 162, 243, 128,
	192, 138, 176, 51, 119, 240, 98, 222, 170, 74, 85, 55, 223, 11, 55, 82, 99, 93, 237, 117, 147, 59, 160, 80, 77, 184,
	181, 18, 118, 72, 220, 1, 236, 189, 60, 120, 233, 82, 210, 9, 13, 190, 36, 122, 155, 128, 245, 134, 223, 222, 254, 114,
	63, 46, 129, 96, 162, 7, 178, 82, 211, 194, 106, 147, 19, 222, 66, 137, 170, 62, 142, 71, 22, 182, 44, 23, 148, 117,
	46, 189, 30, 8, 194, 250, 100, 179, 177, 229, 122, 72, 187, 155, 239, 30, 83, 91, 61, 135, 162, 89, 40, 28, 127, 30,
	143, 99, 116, 169, 9, 109, 4, 246, 118, 157, 60, 111, 185, 165, 21, 29, 51, 94, 109, 182, 253, 177, 169, 77, 72, 64,
	59, 199, 63, 196, 2, 49, 85, 163, 125, 1, 162, 199, 139, 245, 126, 51, 152, 141, 217, 31, 172, 206, 36, 155, 171, 241,
	183, 245, 154, 121, 216, 115, 20, 121, 133, 58, 180, 7, 229, 124, 126, 134, 97, 249, 46, 217, 99, 26, 74, 58, 240, 221,
	240, 162, 220, 71, 7, 59, 151, 41, 182, 77, 45, 75, 182, 140, 17, 19, 96, 186, 59, 201, 221, 238, 234, 19, 215, 212, 4,
	133, 84, 185, 198, 15, 88, 227, 30, 106, 121, 58, 213, 0, 69, 98, 124, 72, 55, 14, 215, 183, 76, 51, 222, 13, 175, 131,
	170, 45, 49, 249, 155, 17, 46, 26, 55, 187, 62, 187, 50, 99, 148, 33, 52, 225, 118, 205, 4, 120, 113, 54, 207, 119,
	117, 83, 19, 29, 173, 162, 100, 99, 41, 198, 138, 200, 70, 12, 190, 154, 10, 22, 97, 92, 246, 249, 202, 49, 124, 235,
	163, 243, 82, 110, 181, 211, 69, 112, 59, 30, 160, 184, 16, 177, 151, 113, 53, 245, 242, 177, 193, 197, 117, 29, 142,
	173, 22, 224, 55, 219, 67, 107, 242, 156, 221, 249, 105, 213, 135, 64, 177, 133, 197, 204, 125, 137, 222, 114, 178,
	243, 130, 39, 246, 34, 252, 224, 241, 120, 231, 46, 228, 206, 67, 23, 151, 211, 238, 173, 106, 197, 131, 75, 153, 155,
	199, 26, 53, 20, 31, 182, 66, 40, 179, 160, 201, 2, 207, 200, 249, 208, 104, 150, 55, 76, 50, 211, 243, 192, 162, 222,
	163, 213, 54, 187, 56, 245, 53, 137, 117, 78, 37, 83, 240, 203, 90, 2, 253, 205, 229, 30, 55, 175, 73, 214, 134, 239,
	83, 216, 144, 236, 93, 226, 216, 149, 21, 174, 240, 180, 179, 155, 114, 205, 76, 137, 1, 15, 92, 46, 146, 231, 53, 206,
	108, 43, 222, 30, 171, 9, 114, 249, 85, 197, 137, 42, 137, 232, 7, 209, 145, 209, 135, 155, 170, 187, 133, 72, 148,
	138, 107, 1, 203, 9, 39, 3, 163, 243, 248, 252, 96, 120, 189, 83, 216, 30, 235, 221, 197, 98, 126, 233, 81, 251, 103,
	250, 117, 63, 102, 243, 127, 24, 209, 177, 223, 117, 167, 106, 13, 108, 238, 159, 72, 197, 161, 35, 101, 221, 169, 7,
	136, 115, 135, 135, 143, 238, 239, 113, 72, 138, 223, 170, 234, 102, 112, 139, 41, 208, 247, 233, 197, 65, 47, 222,
	218, 104, 202, 55, 85, 239, 79, 238, 8, 248, 165, 161, 77, 221, 23, 213, 19, 238, 96, 123, 33, 226, 232, 69, 239, 243,
	28, 171, 169, 105, 124, 41, 68, 54, 158, 157, 79, 162, 104, 60, 103, 137, 44, 212, 28, 63, 81, 58, 248, 4, 43, 78, 158,
	76, 12, 129, 147, 231, 206, 14, 142, 21, 17, 1, 208, 54, 220, 139, 227, 76, 45, 185, 158, 182, 57, 6, 164, 233, 180,
	235, 78, 43, 75, 53, 62, 52, 102, 87, 12, 145, 35, 73, 16, 123, 35, 121, 141, 166, 247, 246, 67, 30, 219, 226, 146,
	166, 17, 71, 158, 177, 199, 112, 211, 89, 20, 157, 113, 149, 31, 32, 225, 121, 3, 64, 37, 65, 221, 238, 55, 78, 134,
	96, 237, 75, 139, 232, 67, 45, 187, 139, 44, 155, 230, 233, 9, 245, 97, 22, 121, 129, 133, 198, 190, 127, 88, 125, 10,
	91, 51, 225, 191, 95, 18, 247, 122, 177, 245, 142, 181, 18, 139, 156, 142, 16, 88, 171, 215, 7, 234, 13, 142, 71, 224,
	68, 4, 159, 61, 71, 253, 254, 82, 26, 151, 104, 51, 8, 205, 206, 186, 245, 86, 125, 144, 179, 130, 189, 79, 205, 171,
	214, 222, 18, 30, 13, 85, 50, 104, 147, 225, 170, 242, 107, 245, 65, 191, 125, 54, 56, 253, 249, 18, 166, 71, 181, 149,
	49, 99, 108, 221, 190, 103, 224, 18, 241, 190, 176, 203, 184, 130, 237, 186, 191, 123, 122, 252, 122, 140, 113, 8, 218,
	154, 233, 67, 175, 173, 82, 46, 156, 42, 78, 20, 150, 30, 165, 96, 43, 181, 170, 106, 245, 40, 241, 100, 101, 188, 189,
	204, 96, 95, 116, 48, 154, 104, 80, 86, 120, 140, 106, 132, 14, 152, 91, 41, 104, 165, 72, 204, 237, 220, 111, 41, 120,
	92, 50, 84, 12, 22, 136, 47, 119, 81, 120, 98, 109, 55, 92, 29, 98, 162, 105, 244, 208, 72, 107, 69, 159, 154, 163, 55,
	177, 226, 135, 212, 7, 5, 90, 225, 58, 154, 227, 91, 25, 175, 55, 2, 185, 210, 235, 1, 236, 94, 132, 116, 194, 94, 119,
	187, 34, 60, 110, 118, 130, 165, 135, 52, 59, 26, 184, 181, 248, 187, 113, 154, 177, 236, 151, 18, 235, 110, 205, 74,
	45, 70, 125, 229, 233, 176, 151, 19, 1, 185, 57, 61, 220, 63, 113, 73, 61, 54, 46, 31, 218, 150, 155, 55, 1, 242, 0,
	85, 158, 90, 185, 56, 213, 210, 98, 98, 109, 245, 48, 56, 144, 218, 71, 111, 68, 234, 240, 193, 59, 235, 187, 194, 27,
	216, 8, 161, 4, 123, 23, 1, 60, 55, 184, 129, 149, 209, 253, 115, 151, 47, 165, 189, 105, 27, 191, 208, 215, 231, 137,
	9, 228, 184, 68, 44, 220, 3, 229, 149, 53, 183, 126, 44, 52, 50, 116, 139, 221, 153, 220, 175, 213, 31, 139, 200, 45,
	213, 51, 82, 73, 222, 44, 180, 153, 46, 253, 219, 135, 118, 129, 71, 164, 72, 46, 113, 148, 96, 38, 85, 91, 62, 152,
	96, 230, 207, 143, 198, 180, 212, 221, 142, 218, 24, 158, 119, 96, 237, 55, 2, 143, 175, 248, 159, 65, 1, 83, 118, 92,
	254, 251, 234, 213, 159, 54, 33, 179, 236, 63, 196, 191, 6, 0, 255, 178, 212, 102, 124, 43, 181, 77, 191, 170, 239, 64,
	61, 135, 212, 193, 187, 62, 75, 237, 131, 234, 61, 162, 39, 194, 254, 207, 227, 244, 218, 159, 22, 143, 127, 248, 118,
	172, 51, 217, 247, 97, 244, 135, 11, 183, 238, 215, 26, 111, 187, 187, 35, 105, 103, 127, 223, 111, 82, 254, 172, 108,
	249, 37, 89, 19, 125, 255, 25, 15, 245, 207, 188, 243, 207, 95, 118, 155, 124, 43, 173, 241, 217, 241, 155, 12, 193,
	165, 187, 60, 252, 57, 61, 127, 222, 184, 242, 149, 33, 56, 13, 238, 167, 179, 175, 141, 43, 206, 31, 132, 117, 190,
	240, 135, 232, 210, 225, 247, 12, 129, 206, 243, 119, 197, 67, 108, 65, 230, 227, 119, 30, 220, 154, 159, 151, 159, 30,
	178, 251, 147, 95, 250, 166, 155, 247, 253, 103, 4, 163, 205, 250, 184, 205, 126, 201, 20, 248, 220, 227, 100, 36, 64,
	255, 87, 37, 52, 38, 123, 131, 165, 74, 205, 76, 125, 177, 111, 155, 71, 250, 152, 237, 103, 107, 144, 200, 252, 54,
	249, 21, 10, 138, 161, 109, 86, 130, 53, 153, 91, 13, 188, 167, 199, 153, 189, 77, 148, 206, 154, 25, 10, 159, 66, 218,
	90, 159, 224, 55, 77, 90, 21, 56, 235, 214, 148, 124, 82, 189, 87, 111, 215, 168, 91, 92, 116, 245, 187, 39, 202, 15,
	120, 158, 31, 247, 155, 83, 63, 37, 153, 37, 66, 17, 55, 208, 163, 107, 241, 11, 204, 0, 117, 46, 105, 231, 142, 117,
	46, 241, 239, 108, 91, 121, 96, 110, 84, 182, 23, 180, 223, 171, 53, 168, 41, 175, 167, 63, 55, 249, 1, 164, 176, 10,
	247, 127, 216, 182, 98, 192, 168, 28, 103, 16, 101, 69, 179, 63, 64, 130, 178, 243, 248, 231, 85, 238, 236, 170, 236,
	127, 161, 55, 254, 83, 185, 13, 248, 85, 249, 170, 161, 117, 49, 98, 245, 7, 59, 170, 53, 157, 195, 186, 250, 106, 4,
	193, 126, 112, 132, 239, 179, 146, 33, 116, 41, 230, 161, 187, 44, 212, 253, 131, 239, 15, 40, 58, 222, 47, 252, 42,
	104, 51, 111, 214, 175, 82, 38, 123, 28, 5, 16, 95, 2, 167, 60, 225, 175, 23, 113, 170, 132, 28, 67, 81, 229, 162, 78,
	186, 105, 254, 115, 246, 231, 198, 198, 156, 0, 76, 154, 155, 42, 14, 202, 140, 233, 144, 251, 230, 167, 203, 50, 178,
	237, 3, 34, 113, 85, 236, 168, 228, 196, 22, 61, 225, 9, 28, 201, 254, 41, 234, 254, 199, 159, 109, 237, 11, 126, 255,
	19, 91, 251, 27, 229, 182, 47, 140, 141, 254, 42, 117, 229, 39, 97, 28, 223, 30, 195, 177, 193, 58, 88, 189, 242, 96,
	23, 62, 225, 228, 135, 227, 239, 218, 31, 211, 113, 220, 255, 202, 224, 190, 173, 14, 252, 86, 94, 251, 129, 193, 233,
	87, 118, 24, 237, 239, 13, 238, 219, 153, 255, 99, 131, 3, 190, 44, 238, 127, 98, 112, 31, 6, 0, 124, 83, 173, 118,
	255, 141, 101, 134, 234, 180, 221, 213, 141, 189, 160, 119, 107, 236, 239, 30, 137, 147, 181, 49, 75, 77, 205, 15, 31,
	136, 76, 75, 127, 107, 38, 165, 197, 234, 237, 166, 26, 4, 21, 137, 112, 223, 43, 231, 227, 78, 65, 211, 190, 116, 171,
	121, 35, 197, 174, 39, 85, 131, 57, 67, 126, 92, 147, 184, 223, 163, 3, 215, 225, 89, 130, 62, 238, 5, 134, 77, 50,
	157, 249, 234, 70, 204, 180, 7, 212, 107, 33, 77, 142, 19, 97, 31, 42, 252, 158, 138, 74, 68, 154, 27, 236, 60, 37,
	140, 185, 12, 208, 218, 46, 2, 236, 220, 167, 9, 91, 87, 157, 83, 74, 159, 111, 67, 94, 44, 178, 119, 53, 85, 3, 73,
	252, 117, 108, 199, 221, 115, 91, 82, 253, 255, 27, 59, 147, 28, 6, 141, 32, 138, 238, 185, 10, 11, 198, 134, 102, 105,
	155, 201, 140, 134, 198, 76, 59, 160, 177, 49, 131, 153, 177, 225, 244, 113, 86, 145, 162, 40, 201, 33, 126, 85, 61,
	149, 244, 95, 207, 238, 254, 64, 60, 153, 60, 200, 138, 245, 162, 76, 43, 214, 40, 139, 119, 110, 102, 98, 238, 163,
	123, 214, 30, 44, 207, 151, 149, 158, 49, 235, 81, 167, 180, 252, 11, 186, 11, 183, 252, 158, 150, 247, 108, 184, 195,
	163, 170, 178, 188, 217, 52, 234, 84, 222, 172, 106, 4, 104, 195, 13, 225, 92, 222, 197, 208, 51, 30, 159, 176, 22, 34,
	195, 171, 198, 242, 235, 243, 124, 162, 128, 1, 243, 52, 128, 254, 226, 14, 113, 150, 146, 244, 201, 93, 85, 195, 104,
	26, 9, 105, 184, 21, 38, 209, 209, 225, 37, 251, 70, 222, 148, 175, 101, 84, 181, 212, 112, 61, 18, 130, 236, 232, 158,
	146, 107, 157, 167, 247, 37, 155, 197, 52, 24, 92, 84, 207, 31, 59, 21, 161, 133, 64, 238, 166, 29, 14, 50, 123, 142,
	149, 4, 164, 146, 176, 23, 154, 216, 185, 153, 130, 56, 205, 164, 58, 224, 73, 45, 103, 220, 141, 217, 176, 209, 226,
	67, 146, 104, 205, 88, 127, 233, 247, 106, 198, 188, 97, 92, 6, 155, 159, 142, 57, 208, 176, 254, 121, 117, 215, 213,
	27, 5, 178, 80, 233, 163, 255, 36, 70, 23, 103, 18, 75, 105, 181, 190, 244, 241, 105, 91, 19, 120, 46, 17, 165, 186,
	135, 1, 55, 153, 212, 251, 238, 61, 6, 4, 44, 229, 43, 43, 194, 55, 232, 238, 67, 121, 228, 79, 251, 27, 30, 112, 96,
	126, 51, 176, 234, 205, 35, 209, 205, 253, 97, 151, 78, 53, 86, 31, 160, 227, 27, 26, 251, 179, 131, 83, 93, 164, 217,
	47, 90, 201, 99, 106, 44, 168, 182, 188, 216, 10, 158, 118, 124, 136, 243, 132, 69, 211, 216, 98, 62, 132, 124, 1, 208,
	204, 198, 63, 150, 194, 187, 50, 209, 73, 209, 191, 251, 249, 198, 43, 157, 183, 62, 238, 172, 29, 206, 149, 150, 248,
	47, 14, 79, 225, 121, 175, 23, 252, 244, 126, 167, 242, 32, 177, 197, 245, 117, 198, 197, 106, 96, 64, 28, 100, 63,
	153, 43, 72, 108, 50, 92, 4, 212, 141, 169, 167, 56, 207, 234, 54, 27, 222, 130, 45, 229, 188, 171, 232, 29, 52, 151,
	131, 211, 154, 91, 152, 109, 231, 225, 159, 100, 134, 255, 217, 32, 10, 231, 247, 89, 254, 48, 245, 201, 218, 102, 223,
	3, 166, 46, 70, 223, 249, 200, 29, 185, 167, 255, 38, 51, 180, 140, 143, 7, 157, 228, 115, 17, 9, 81, 185, 187, 168,
	34, 153, 57, 183, 217, 195, 19, 156, 255, 39, 51, 252, 235, 229, 230, 104, 24, 204, 245, 164, 129, 128, 227, 136, 43,
	103, 130, 75, 73, 162, 9, 21, 143, 94, 225, 205, 121, 139, 127, 244, 189, 191, 42, 108, 144, 77, 171, 75, 106, 20, 199,
	177, 182, 52, 234, 42, 152, 126, 209, 219, 222, 145, 42, 14, 110, 41, 234, 221, 8, 186, 91, 107, 64, 102, 38, 44, 121,
	149, 226, 222, 88, 2, 238, 127, 26, 187, 5, 3, 126, 247, 98, 196, 36, 180, 229, 62, 166, 3, 67, 166, 205, 209, 44, 170,
	175, 111, 42, 7, 118, 230, 186, 177, 34, 44, 53, 73, 81, 188, 243, 3, 142, 251, 43, 138, 59, 245, 151, 155, 235, 161,
	41, 207, 232, 238, 78, 166, 69, 118, 45, 129, 240, 151, 186, 153, 94, 186, 201, 191, 244, 175, 38, 144, 148, 45, 20,
	62, 175, 5, 112, 53, 169, 194, 51, 174, 184, 71, 159, 114, 248, 118, 210, 178, 77, 178, 20, 217, 157, 120, 244, 80, 20,
	6, 60, 80, 167, 209, 165, 181, 115, 111, 142, 153, 96, 156, 55, 160, 37, 224, 173, 206, 66, 168, 221, 159, 101, 40,
	132, 79, 86, 244, 223, 210, 214, 60, 24, 9, 84, 143, 230, 137, 74, 241, 156, 84, 17, 135, 46, 173, 4, 158, 75, 227,
	183, 131, 29, 146, 185, 125, 51, 211, 41, 54, 78, 237, 124, 36, 152, 205, 242, 197, 185, 187, 115, 37, 147, 132, 106,
	78, 242, 83, 215, 240, 45, 225, 250, 135, 239, 207, 73, 132, 52, 127, 204, 227, 208, 142, 88, 6, 156, 34, 127, 140,
	212, 125, 224, 5, 158, 76, 2, 117, 74, 194, 43, 220, 7, 51, 180, 164, 147, 157, 179, 205, 21, 68, 53, 223, 92, 185, 52,
	27, 193, 226, 140, 196, 152, 36, 140, 180, 132, 106, 169, 24, 166, 191, 125, 228, 93, 21, 147, 116, 75, 213, 20, 33,
	122, 235, 177, 24, 162, 11, 150, 0, 203, 152, 219, 14, 146, 234, 109, 229, 242, 186, 209, 44, 205, 231, 230, 34, 14,
	149, 224, 80, 110, 87, 82, 221, 28, 174, 120, 189, 16, 221, 188, 38, 28, 231, 86, 141, 121, 121, 126, 75, 185, 63, 101,
	175, 90, 53, 142, 235, 39, 29, 103, 53, 60, 29, 117, 201, 64, 179, 95, 142, 246, 135, 52, 198, 182, 159, 135, 203, 240,
	112, 211, 11, 103, 192, 197, 199, 212, 43, 106, 190, 226, 13, 190, 177, 164, 211, 89, 64, 244, 109, 83, 182, 247, 64,
	181, 226, 176, 153, 157, 28, 252, 128, 110, 16, 158, 136, 209, 79, 219, 203, 111, 124, 199, 59, 214, 24, 197, 138, 191,
	33, 196, 126, 70, 102, 15, 79, 57, 153, 125, 107, 128, 165, 121, 176, 84, 179, 204, 99, 44, 38, 27, 125, 11, 18, 33,
	33, 254, 44, 38, 46, 124, 43, 50, 130, 184, 126, 83, 213, 246, 182, 226, 41, 171, 214, 69, 168, 228, 160, 173, 210,
	253, 252, 82, 218, 111, 179, 195, 154, 187, 136, 178, 235, 151, 215, 222, 94, 232, 73, 36, 171, 112, 165, 129, 69, 255,
	219, 142, 255, 3, 5, 177, 230, 131
};
